Workbook

Sheet 01_22
A1: Tagesumsätze | H1: 44562
C3: Restaurant | E3: Terrasse | G3: Lounge | I3: Pavillon | K3: Bankett | M3: Seminar | O3: Hotel | Q3: TOTAL Gesamtbetrieb ohne Seebad | S3: Seebad | U3: TOTAL Gesamtbetrieb mit Seebad | W3: Info's
C4: IST | D4: Budget | E4: IST | F4: Budget | G4: IST | H4: Budget | I4: IST | J4: Budget | K4: IST | L4: Budget | M4: IST | N4: Budget | O4: IST | P4: Budget | Q4: IST | R4: Budget | S4: IST | T4: Budget | U4: IST | V4: Budget | W4: Wetter | X4: Temp. | Z4: Bemerkung
A5: 1 | B5: Sa | C5: 5675.8 | D5: 2096.7742 | E5: 1793.6 | F5: 29.03225 | G5: 480 | H5: 56.4516 | I5: 0 | J5: 0 | K5: 735.6 | L5: 0 | M5: 0 | N5: 0 | O5: 290.6 | P5: 385.80645 | Q5: =SUM(C5+E5+G5+I5+K5+M5+O5) -> 8975.6 | R5: =SUM(D5+F5+H5+J5+L5+N5+P5) -> 2568.0645 | U5: =SUM(Q5+S5) -> 8975.6 | V5: =SUM(R5+T5) -> 2568.0645 | W5: sonnig | X5: 12 | Y5: °C
A6: 2 | B6: So | C6: 4336.6 | D6: 2096.7742 | E6: 34.6 | F6: 29.03225 | G6: 70.2 | H6: 56.4516 | I6: 0 | J6: 0 | K6: 564.7 | L6: 0 | M6: 0 | N6: 0 | O6: 0 | P6: 385.80645 | Q6: =SUM(C6+E6+G6+I6+K6+M6+O6) -> 5006.1 | R6: =SUM(D6+F6+H6+J6+L6+N6+P6) -> 2568.0645 | U6: =SUM(Q6+S6) -> 5006.1 | V6: =SUM(R6+T6) -> 2568.0645 | W6: bewölkt | X6: 8 | Y6: °C
A7: KW | B7: 52 | C7: =SUM(C5:C6) -> 10012.4 | D7: =SUM(D5:D6) -> 4193.5484 | E7: =SUM(E5:E6) -> 1828.2 | F7: =SUM(F5:F6) -> 58.0645 | G7: =SUM(G5:G6) -> 550.2 | H7: =SUM(H5:H6) -> 112.9032 | I7: =SUM(I5:I6) -> 0 | J7: =SUM(J5:J6) -> 0 | ... V7: =SUM(V5:V6) -> 5136.129 | W7: Ø Temp | X7: =SUM(X5:X6)/5 -> 4 | Y7: °C
A8: =SUM(A6+1) -> 3 | B8: Mo | C8: 1757.7 | D8: 2096.7742 | E8: 0 | F8: 29.03225 | G8: 0 | H8: 56.4516 | I8: 0 | J8: 0 | K8: 28.2 | L8: 0 | M8: 0 | N8: 0 | O8: 1152.4 | P8: 385.80645 | Q8: =SUM(C8+E8+G8+I8+K8+M8+O8) -> 2938.3 | R8: =SUM(D8+F8+H8+J8+L8+N8+P8) -> 2568.0645 | U8: =SUM(Q8+S8) -> 2938.3 | V8: =SUM(R8+T8) -> 2568.0645 | W8: bewölkt | X8: 8 | Y8: °C
A9: =SUM(A8+1) -> 4 | B9: Di | C9: 1929.3 | D9: 2096.7742 | E9: 0 | F9: 29.03225 | G9: 11 | H9: 56.4516 | I9: 0 | J9: 0 | K9: 0 | L9: 0 | M9: 0 | N9: 0 | O9: 1152.4 | P9: 385.80645 | Q9: =SUM(C9+E9+G9+I9+K9+M9+O9) -> 3092.7 | R9: =SUM(D9+F9+H9+J9+L9+N9+P9) -> 2568.0645 | U9: =SUM(Q9+S9) -> 3092.7 | V9: =SUM(R9+T9) -> 2568.0645 | W9: bewölkt | X9: 8 | Y9: °C
A10: =SUM(A9+1) -> 5 | B10: Mi | C10: 1901.1 | D10: 2096.7742 | E10: 0 | F10: 29.03225 | G10: 0 | H10: 56.4516 | I10: 0 | J10: 0 | K10: 0 | L10: 0 | M10: 0 | N10: 0 | O10: 1667.05 | P10: 385.80645 | Q10: =SUM(C10+E10+G10+I10+K10+M10+O10) -> 3568.15 | R10: =SUM(D10+F10+H10+J10+L10+N10+P10) -> 2568.0645 | U10: =SUM(Q10+S10) -> 3568.15 | V10: =SUM(R10+T10) -> 2568.0645 | W10: bewölkt | X10: 5 | Y10: °C
A11: =SUM(A10+1) -> 6 | B11: Do | C11: 2142.1 | D11: 2096.7742 | E11: 0 | F11: 29.03225 | G11: 0 | H11: 56.4516 | I11: 0 | J11: 0 | K11: 20 | L11: 0 | M11: 0 | N11: 0 | O11: 982.4 | P11: 385.80645 | Q11: =SUM(C11+E11+G11+I11+K11+M11+O11) -> 3144.5 | R11: =SUM(D11+F11+H11+J11+L11+N11+P11) -> 2568.0645 | U11: =SUM(Q11+S11) -> 3144.5 | V11: =SUM(R11+T11) -> 2568.0645 | W11: bewölkt | X11: 5 | Y11: °C
A12: =SUM(A11+1) -> 7 | B12: Fr | C12: 3547.2 | D12: 2096.7742 | E12: 0 | F12: 29.03225 | G12: 0 | H12: 56.4516 | I12: 0 | J12: 0 | K12: 0 | L12: 0 | M12: 0 | N12: 0 | O12: 635.4 | P12: 385.80645 | Q12: =SUM(C12+E12+G12+I12+K12+M12+O12) -> 4182.6 | R12: =SUM(D12+F12+H12+J12+L12+N12+P12) -> 2568.0645 | U12: =SUM(Q12+S12) -> 4182.6 | V12: =SUM(R12+T12) -> 2568.0645 | W12: bewölkt | X12: 3 | Y12: °C
A13: =SUM(A12+1) -> 8 | B13: Sa | C13: 4447.5 | D13: 2096.7742 | E13: 0 | F13: 29.03225 | G13: 9.6 | H13: 56.4516 | I13: 0 | J13: 0 | K13: 0 | L13: 0 | M13: 0 | N13: 0 | O13: 777.5 | P13: 385.80645 | Q13: =SUM(C13+E13+G13+I13+K13+M13+O13) -> 5234.6 | R13: =SUM(D13+F13+H13+J13+L13+N13+P13) -> 2568.0645 | U13: =SUM(Q13+S13) -> 5234.6 | V13: =SUM(R13+T13) -> 2568.0645 | W13: Schneeschauer | X13: 0 | Y13: °C
A14: =SUM(A13+1) -> 9 | B14: So | C14: 5743.1 | D14: 2096.7742 | E14: 0 | F14: 29.03225 | G14: 0 | H14: 56.4516 | I14: 0 | J14: 0 | K14: 1335.7 | L14: 0 | M14: 0 | N14: 0 | O14: 705.4 | P14: 385.80645 | Q14: =SUM(C14+E14+G14+I14+K14+M14+O14) -> 7784.2 | R14: =SUM(D14+F14+H14+J14+L14+N14+P14) -> 2568.0645 | U14: =SUM(Q14+S14) -> 7784.2 | V14: =SUM(R14+T14) -> 2568.0645 | W14: Schneeschauer | X14: 0 | Y14: °C
A15: KW | B15: 1 | C15: =SUM(C8:C14) -> 21468 | D15: =SUM(D8:D14) -> 14677.419 | E15: =SUM(E8:E14) -> 0 | F15: =SUM(F8:F14) -> 203.22575 | G15: =SUM(G8:G14) -> 20.6 | H15: =SUM(H8:H14) -> 395.1612 | I15: =SUM(I8:I14) -> 0 | J15: 0 | K15: =SUM(K8:K14) -> 1383.9 | L15: =SUM(L8:L14) -> 0 | M15: =SUM(M8:M14) -> 0 | N15: =SUM(N8:N14) -> 0 | O15: =SUM(O8:O14) -> 7072.55 | P15: =SUM(P8:P14) -> 2700.6451 | Q15: =SUM(Q8:Q14) -> 29945.05 | R15: =SUM(R8:R14) -> 17976.451 | ... V15: =SUM(V8:V14) -> 17976.451 | W15: Ø Temp | X15: =SUM(X8:X14)/7 -> 4.1428571 | Y15: °C
A16: =SUM(A14+1) -> 10 | B16: Mo | C16: 2036.6 | D16: 2096.7742 | E16: 33 | F16: 29.03225 | G16: 0 | H16: 56.4516 | I16: 0 | J16: 0 | K16: 60.4 | L16: 0 | M16: 0 | N16: 0 | O16: 1121.8 | P16: 385.80645 | Q16: =SUM(C16+E16+G16+I16+K16+M16+O16) -> 3251.8 | R16: =SUM(D16+F16+H16+J16+L16+N16+P16) -> 2568.0645 | U16: =SUM(Q16+S16) -> 3251.8 | V16: =SUM(R16+T16) -> 2568.0645 | W16: bewölkt | X16: 3 | Y16: °C
A17: =SUM(A16+1) -> 11 | B17: Di | C17: 3490.4 | D17: 2096.7742 | E17: 0 | F17: 29.03225 | G17: 0 | H17: 56.4516 | I17: 0 | J17: 0 | K17: 0 | L17: 0 | M17: 0 | N17: 0 | O17: 442.2 | P17: 385.80645 | Q17: =SUM(C17+E17+G17+I17+K17+M17+O17) -> 3932.6 | R17: =SUM(D17+F17+H17+J17+L17+N17+P17) -> 2568.0645 | U17: =SUM(Q17+S17) -> 3932.6 | V17: =SUM(R17+T17) -> 2568.0645 | W17: bewölkt | X17: 3 | Y17: °C
A18: =SUM(A17+1) -> 12 | B18: Mi | C18: 2537.6 | D18: 2096.7742 | E18: 97.1 | F18: 29.03225 | G18: 28.2 | H18: 56.4516 | I18: 0 | J18: 0 | K18: 0 | L18: 0 | M18: 0 | N18: 0 | O18: 841.3 | P18: 385.80645 | Q18: =SUM(C18+E18+G18+I18+K18+M18+O18) -> 3504.2 | R18: =SUM(D18+F18+H18+J18+L18+N18+P18) -> 2568.0645 | U18: =SUM(Q18+S18) -> 3504.2 | V18: =SUM(R18+T18) -> 2568.0645 | W18: sonnig | X18: 5 | Y18: °C
A19: =SUM(A18+1) -> 13 | B19: Do | C19: 2515.8 | D19: 2096.7742 | E19: 0 | F19: 29.03225 | G19: 0 | H19: 56.4516 | I19: 0 | J19: 0 | K19: 45.7 | L19: 0 | M19: 0 | N19: 0 | O19: 1597.1 | P19: 385.80645 | Q19: =SUM(C19+E19+G19+I19+K19+M19+O19) -> 4158.6 | R19: =SUM(D19+F19+H19+J19+L19+N19+P19) -> 2568.0645 | U19: =SUM(Q19+S19) -> 4158.6 | V19: =SUM(R19+T19) -> 2568.0645 | W19: sonnig | X19: 5 | Y19: °C
A20: =SUM(A19+1) -> 14 | B20: Fr | C20: 4667.5 | D20: 2096.7742 | E20: 0 | F20: 29.03225 | G20: 75.1 | H20: 56.4516 | I20: 0 | J20: 0 | K20: 0 | L20: 0 | M20: 0 | N20: 0 | O20: 1386.4 | P20: 385.80645 | Q20: =SUM(C20+E20+G20+I20+K20+M20+O20) -> 6129 | R20: =SUM(D20+F20+H20+J20+L20+N20+P20) -> 2568.0645 | U20: =SUM(Q20+S20) -> 6129 | V20: =SUM(R20+T20) -> 2568.0645 | W20: sonnig | X20: 5 | Y20: °C
A21: =SUM(A20+1) -> 15 | B21: Sa | C21: 6598.5 | D21: 2096.7742 | E21: 0 | F21: 29.03225 | G21: 10 | H21: 56.4516 | I21: 0 | J21: 0 | K21: 788.9 | L21: 0 | M21: 0 | N21: 0 | O21: 732.3 | P21: 385.80645 | Q21: =SUM(C21+E21+G21+I21+K21+M21+O21) -> 8129.7 | R21: =SUM(D21+F21+H21+J21+L21+N21+P21) -> 2568.0645 | U21: =SUM(Q21+S21) -> 8129.7 | V21: =SUM(R21+T21) -> 2568.0645 | W21: Frühnebel, sonnig | X21: 2 | Y21: °C
A22: =SUM(A21+1) -> 16 | B22: So | C22: 6427.8 | D22: 2096.7742 | E22: 32.6 | F22: 29.03225 | G22: 135.3 | H22: 56.4516 | I22: 0 | J22: 0 | K22: 81 | L22: 0 | M22: 261.4 | N22: 0 | O22: 10 | P22: 385.80645 | Q22: =SUM(C22+E22+G22+I22+K22+M22+O22) -> 6948.1 | R22: =SUM(D22+F22+H22+J22+L22+N22+P22) -> 2568.0645 | U22: =SUM(Q22+S22) -> 6948.1 | V22: =SUM(R22+T22) -> 2568.0645 | W22: Frühnebel, sonnig | X22: 4 | Y22: °C
A23: KW | B23: =SUM(B15+1) -> 2 | C23: =SUM(C16:C22) -> 28274.2 | D23: =SUM(D16:D22) -> 14677.419 | E23: =SUM(E16:E22) -> 162.7 | F23: =SUM(F16:F22) -> 203.22575 | G23: =SUM(G16:G22) -> 248.6 | H23: =SUM(H16:H22) -> 395.1612 | I23: =SUM(I16:I22) -> 0 | J23: 0 | K23: =SUM(K16:K22) -> 976 | L23: =SUM(L16:L22) -> 0 | M23: =SUM(M16:M22) -> 261.4 | N23: =SUM(N16:N22) -> 0 | O23: =SUM(O16:O22) -> 6131.1 | P23: =SUM(P16:P22) -> 2700.6451 | Q23: =SUM(Q16:Q22) -> 36054 | R23: =SUM(R16:R22) -> 17976.451 | ... V23: =SUM(V16:V22) -> 17976.451 | W23: Ø Temp | X23: =SUM(X16:X22)/7 -> 3.8571429 | Y23: °C
A24: =SUM(A22+1) -> 17 | B24: Mo | C24: 2116.6 | D24: 2096.7742 | E24: 126.3 | F24: 29.03225 | G24: 34.3 | H24: 56.4516 | I24: 0 | J24: 0 | K24: 37.4 | L24: 0 | M24: 513.3 | N24: 0 | O24: 0 | P24: 385.80645 | Q24: =SUM(C24+E24+G24+I24+K24+M24+O24) -> 2827.9 | R24: =SUM(D24+F24+H24+J24+L24+N24+P24) -> 2568.0645 | U24: =SUM(Q24+S24) -> 2827.9 | V24: =SUM(R24+T24) -> 2568.0645 | W24: sonnig | X24: 5 | Y24: °C | Z24: Zimmer geschlossen
A25: =SUM(A24+1) -> 18 | B25: Di | C25: 2343.6 | D25: 2096.7742 | E25: 0 | F25: 29.03225 | G25: 0 | H25: 56.4516 | I25: 0 | J25: 0 | K25: 0 | L25: 0 | M25: 23 | N25: 0 | O25: 0 | P25: 385.80645 | Q25: =SUM(C25+E25+G25+I25+K25+M25+O25) -> 2366.6 | R25: =SUM(D25+F25+H25+J25+L25+N25+P25) -> 2568.0645 | U25: =SUM(Q25+S25) -> 2366.6 | V25: =SUM(R25+T25) -> 2568.0645 | W25: sonnig | X25: 5 | Y25: °C | Z25: Zimmer geschlossen
A26: =SUM(A25+1) -> 19 | B26: Mi | C26: 2087.2 | D26: 2096.7742 | E26: 28.4 | F26: 29.03225 | G26: 13.1 | H26: 56.4516 | I26: 0 | J26: 0 | K26: 0 | L26: 0 | M26: 0 | N26: 0 | O26: 0 | P26: 385.80645 | Q26: =SUM(C26+E26+G26+I26+K26+M26+O26) -> 2128.7 | R26: =SUM(D26+F26+H26+J26+L26+N26+P26) -> 2568.0645 | U26: =SUM(Q26+S26) -> 2128.7 | V26: =SUM(R26+T26) -> 2568.0645 | W26: sonnig | X26: 3 | Y26: °C | Z26: Zimmer geschlossen
A27: =SUM(A26+1) -> 20 | B27: Do | C27: 926.6 | D27: 2096.7742 | E27: 28.4 | F27: 29.03225 | G27: 0 | H27: 56.4516 | I27: 0 | J27: 0 | K27: 0 | L27: 0 | M27: 0 | N27: 0 | O27: 0 | P27: 385.80645 | Q27: =SUM(C27+E27+G27+I27+K27+M27+O27) -> 955 | R27: =SUM(D27+F27+H27+J27+L27+N27+P27) -> 2568.0645 | U27: =SUM(Q27+S27) -> 955 | V27: =SUM(R27+T27) -> 2568.0645 | W27: bewölkt | X27: 3 | Y27: °C | Z27: Zimmer geschlossen
A28: =SUM(A27+1) -> 21 | B28: Fr | C28: 3886.3 | D28: 2096.7742 | E28: 38.1 | F28: 29.03225 | G28: 62.1 | H28: 56.4516 | I28: 0 | J28: 0 | K28: 0 | L28: 0 | M28: 0 | N28: 0 | O28: 0 | P28: 385.80645 | Q28: =SUM(C28+E28+G28+I28+K28+M28+O28) -> 3986.5 | R28: =SUM(D28+F28+H28+J28+L28+N28+P28) -> 2568.0645 | U28: =SUM(Q28+S28) -> 3986.5 | V28: =SUM(R28+T28) -> 2568.0645 | W28: bewölkt | X28: 5 | Y28: °C | Z28: Zimmer geschlossen
A29: =SUM(A28+1) -> 22 | B29: Sa | C29: 5765.1 | D29: 2096.7742 | E29: 167.2 | F29: 29.03225 | G29: 211.5 | H29: 56.4516 | I29: 0 | J29: 0 | K29: 0 | L29: 0 | M29: 0 | N29: 0 | O29: 0 | P29: 385.80645 | Q29: =SUM(C29+E29+G29+I29+K29+M29+O29) -> 6143.8 | R29: =SUM(D29+F29+H29+J29+L29+N29+P29) -> 2568.0645 | U29: =SUM(Q29+S29) -> 6143.8 | V29: =SUM(R29+T29) -> 2568.0645 | W29: sonnig | X29: 5 | Y29: °C | Z29: Zimmer geschlossen
A30: =SUM(A29+1) -> 23 | B30: So | C30: 4212 | D30: 2096.7742 | E30: 50.2 | F30: 29.03225 | G30: 25.4 | H30: 56.4516 | I30: 0 | J30: 0 | K30: 0 | L30: 0 | M30: 0 | N30: 0 | O30: 0 | P30: 385.80645 | Q30: =SUM(C30+E30+G30+I30+K30+M30+O30) -> 4287.6 | R30: =SUM(D30+F30+H30+J30+L30+N30+P30) -> 2568.0645 | U30: =SUM(Q30+S30) -> 4287.6 | V30: =SUM(R30+T30) -> 2568.0645 | W30: sonnig | X30: 5 | Y30: °C | Z30: Zimmer geschlossen
A31: KW | B31: =SUM(B23+1) -> 3 | C31: =SUM(C24:C30) -> 21337.4 | D31: =SUM(D24:D30) -> 14677.419 | E31: =SUM(E24:E30) -> 438.6 | F31: =SUM(F24:F30) -> 203.22575 | G31: =SUM(G24:G30) -> 346.4 | H31: =SUM(H24:H30) -> 395.1612 | I31: =SUM(I24:I30) -> 0 | J31: =SUM(J24:J30) -> 0 | ... V31: =SUM(V24:V30) -> 17976.451 | W31: Ø Temp | X31: =SUM(X24:X30)/7 -> 4.4285714 | Y31: °C
A32: =SUM(A30+1) -> 24 | B32: Mo | C32: 3382.6 | D32: 2096.7742 | E32: 33 | F32: 29.03225 | G32: 0 | H32: 56.4516 | I32: 0 | J32: 0 | K32: 0 | L32: 0 | M32: 0 | N32: 0 | O32: 0 | P32: 385.80645 | Q32: =SUM(C32+E32+G32+I32+K32+M32+O32) -> 3415.6 | R32: =SUM(D32+F32+H32+J32+L32+N32+P32) -> 2568.0645 | U32: =SUM(Q32+S32) -> 3415.6 | V32: =SUM(R32+T32) -> 2568.0645 | W32: bewölkt | X32: 5 | Y32: °C | Z32: Zimmer geschlossen
A33: =SUM(A32+1) -> 25 | B33: Di | C33: 707 | D33: 2096.7742 | E33: 99.9 | F33: 29.03225 | G33: 0 | H33: 56.4516 | I33: 0 | J33: 0 | K33: 0 | L33: 0 | M33: 0 | N33: 0 | O33: 0 | P33: 385.80645 | Q33: =SUM(C33+E33+G33+I33+K33+M33+O33) -> 806.9 | R33: =SUM(D33+F33+H33+J33+L33+N33+P33) -> 2568.0645 | U33: =SUM(Q33+S33) -> 806.9 | V33: =SUM(R33+T33) -> 2568.0645 | W33: bewölkt | X33: 5 | Y33: °C | Z33: Zimmer geschlossen
A34: =SUM(A33+1) -> 26 | B34: Mi | C34: 1460.6 | D34: 2096.7742 | E34: 16.5 | F34: 29.03225 | G34: 0 | H34: 56.4516 | I34: 0 | J34: 0 | K34: 0 | L34: 0 | M34: 0 | N34: 0 | O34: 0 | P34: 385.80645 | Q34: =SUM(C34+E34+G34+I34+K34+M34+O34) -> 1477.1 | R34: =SUM(D34+F34+H34+J34+L34+N34+P34) -> 2568.0645 | U34: =SUM(Q34+S34) -> 1477.1 | V34: =SUM(R34+T34) -> 2568.0645 | W34: sonnig | X34: 5 | Y34: °C | Z34: Zimmer geschlossen
A35: =SUM(A34+1) -> 27 | B35: Do | C35: 4097.7 | D35: 2096.7742 | E35: 84 | F35: 29.03225 | G35: 0 | H35: 56.4516 | I35: 0 | J35: 0 | K35: 0 | L35: 0 | M35: 0 | N35: 0 | O35: 0 | P35: 385.80645 | Q35: =SUM(C35+E35+G35+I35+K35+M35+O35) -> 4181.7 | R35: =SUM(D35+F35+H35+J35+L35+N35+P35) -> 2568.0645 | U35: =SUM(Q35+S35) -> 4181.7 | V35: =SUM(R35+T35) -> 2568.0645 | W35: sonnig | X35: 5 | Y35: °C | Z35: Zimmer geschlossen
A36: =SUM(A35+1) -> 28 | B36: Fr | C36: 3983.3 | D36: 2096.7742 | E36: 130.6 | F36: 29.03225 | G36: 0 | H36: 56.4516 | I36: 0 | J36: 0 | K36: 0 | L36: 0 | M36: 0 | N36: 0 | O36: 0 | P36: 385.80645 | Q36: =SUM(C36+E36+G36+I36+K36+M36+O36) -> 4113.9 | R36: =SUM(D36+F36+H36+J36+L36+N36+P36) -> 2568.0645 | U36: =SUM(Q36+S36) -> 4113.9 | V36: =SUM(R36+T36) -> 2568.0645 | W36: sonnig | X36: 5 | Y36: °C | Z36: Zimmer geschlossen
A37: =SUM(A36+1) -> 29 | B37: Sa | C37: 3804.5 | D37: 2096.7742 | E37: 679.3 | F37: 29.03225 | G37: 0 | H37: 56.4516 | I37: 0 | J37: 0 | K37: 0 | L37: 0 | M37: 0 | N37: 0 | O37: 0 | P37: 385.80645 | Q37: =SUM(C37+E37+G37+I37+K37+M37+O37) -> 4483.8 | R37: =SUM(D37+F37+H37+J37+L37+N37+P37) -> 2568.0645 | U37: =SUM(Q37+S37) -> 4483.8 | V37: =SUM(R37+T37) -> 2568.0645 | W37: sonnig | X37: 5 | Y37: °C | Z37: Zimmer geschlossen
A38: =SUM(A37+1) -> 30 | B38: So | C38: 4893.6 | D38: 2096.7742 | E38: 226.9 | F38: 29.03225 | G38: 0 | H38: 56.4516 | I38: 0 | J38: 0 | K38: 0 | L38: 0 | M38: 0 | N38: 0 | O38: 0 | P38: 385.80645 | Q38: =SUM(C38+E38+G38+I38+K38+M38+O38) -> 5120.5 | R38: =SUM(D38+F38+H38+J38+L38+N38+P38) -> 2568.0645 | U38: =SUM(Q38+S38) -> 5120.5 | V38: =SUM(R38+T38) -> 2568.0645 | W38: sonnig | X38: 5 | Y38: °C | Z38: Zimmer geschlossen
A39: KW | B39: =SUM(B31+1) -> 4 | C39: =SUM(C32:C38) -> 22329.3 | D39: =SUM(D32:D38) -> 14677.419 | E39: =SUM(E32:E38) -> 1270.2 | F39: =SUM(F32:F38) -> 203.22575 | G39: =SUM(G32:G38) -> 0 | H39: =SUM(H32:H38) -> 395.1612 | I39: =SUM(I32:I38) -> 0 | J39: =SUM(J32:J38) -> 0 | ... V39: =SUM(V32:V38) -> 17976.451 | W39: Ø Temp | X39: =SUM(X32:X38)/7 -> 5 | Y39: °C
A40: =SUM(A38+1) -> 31 | B40: Mo | C40: 0 | D40: 2096.7742 | E40: 0 | F40: 29.03225 | G40: 0 | H40: 56.4516 | I40: 0 | J40: 0 | K40: 0 | L40: 0 | M40: 0 | N40: 0 | O40: -263.55 | P40: 385.80645 | Q40: =SUM(C40+E40+G40+I40+K40+M40+O40) -> -263.55 | R40: =SUM(D40+F40+H40+J40+L40+N40+P40) -> 2568.0645 | U40: =SUM(Q40+S40) -> -263.55 | V40: =SUM(R40+T40) -> 2568.0645 | W40: Schneeschauer | X40: 0 | Y40: °C | Z40: Hotel geschlossen
A41: KW | B41: 5 | C41: =SUM(C40) -> 0 | D41: =SUM(D40) -> 2096.7742 | E41: =SUM(E40) -> 0 | F41: =SUM(F40) -> 29.03225 | G41: =SUM(G40) -> 0 | H41: =SUM(H40) -> 56.4516 | I41: =SUM(I40) -> 0 | J41: =SUM(J40) -> 0 | ... V41: =SUM(V40) -> 2568.0645 | W41: Ø Temp | X41: =SUM(X32:X38)/7 -> 5 | Y41: °C
A42: Umsatz kumuliert | C42: =SUM(C7+C15+C23+C31+C41+C39) -> 103421.3 | D42: =SUM(D7+D15+D23+D31+D41+D39) -> 65000 | E42: =SUM(E7+E15+E23+E31+E41+E39) -> 3699.7 | F42: =SUM(F7+F15+F23+F31+F41+F39) -> 899.99975 | G42: =SUM(G7+G15+G23+G31+G41+G39) -> 1165.8 | H42: =SUM(H7+H15+H23+H31+H41+H39) -> 1749.9996 | I42: =SUM(I7+I15+I23+I31+I41+I39) -> 0 | J42: =SUM(J7+J15+J23+J31+J41+J39) -> 0 | ... V42: =SUM(V7+V15+V23+V31+V41+V39) -> 79609.999 | W42: Umsatz kumuliert
A43: Umsatz pro Tag | C43: =C42/31 -> 3336.171 | D43: =D42/31 -> 2096.7742 | E43: =E42/31 -> 119.34516 | F43: =F42/31 -> 29.03225 | G43: =G42/31 -> 37.606452 | H43: =H42/31 -> 56.4516 | I43: =I42/31 -> 0 | J43: =J42/31 -> 0 | ... V43: =V42/31 -> 2568.0645 | W43: Budget pro Tag
A44: Diff. zu Budget | C44: =SUM(C42-D42) -> 38421.3 | E44: =SUM(E42-F42) -> 2799.7002 | G44: =SUM(G42-H42) -> -584.1996 | I44: =SUM(I42-J42) -> 0 | K44: =SUM(K42-L42) -> 3697.6 | M44: =SUM(M42-N42) -> 797.7 | O44: =SUM(O42-P42) -> 1270.7001 | Q44: =SUM(Q42-R42) -> 46402.801 | S44: =SUM(S42-T42) -> 0 | U44: =SUM(U42-V42) -> 46402.801
A45: Index | C45: =SUM(100/D42*C42) -> 159.10969 | E45: =SUM(100/F42*E42) -> 411.07789 | G45: =SUM(100/H42*G42) -> 66.617158 | I45: =SUM(100/J42*I42) -> #DIV/0! | K45: =SUM(100/L42*K42) -> #DIV/0! | M45: =SUM(100/N42*M42) -> #DIV/0! | O45: =SUM(100/P42*O42) -> 110.62458 | Q45: =SUM(100/R42*Q42) -> 158.28765 | S45: =SUM(100/T42*S42) -> #DIV/0! | U45: =SUM(100/V42*U42) -> 158.28765

Sheet 02_22
A1: Tagesumsätze | H1: 44593
C3: Restaurant | E3: Terrasse | G3: Lounge | I3: Pavillon | K3: Bankett | M3: Seminar | O3: Hotel | Q3: TOTAL Gesamtbetrieb ohne Seebad | S3: Seebad | U3: TOTAL Gesamtbetrieb mit Seebad | W3: Info's
C4: IST | D4: Budget | E4: IST | F4: Budget | G4: IST | H4: Budget | I4: IST | J4: Budget | K4: IST | L4: Budget | M4: IST | N4: Budget | O4: IST | P4: Budget | Q4: IST | R4: Budget | S4: IST | T4: Budget | U4: IST | V4: Budget | W4: Wetter | X4: Temp. | Z4: Bemerkung
A5: 1 | B5: Di | U5: =SUM(Q5+S5) -> 0 | V5: =SUM(R5+T5) -> 0 | Y5: °C | Z5: Hotel geschlossen
A6: =SUM(A5+1) -> 2 | B6: Mi | U6: =SUM(Q6+S6) -> 0 | V6: =SUM(R6+T6) -> 0 | Y6: °C | Z6: Hotel geschlossen
A7: =SUM(A6+1) -> 3 | B7: Do | U7: =SUM(Q7+S7) -> 0 | V7: =SUM(R7+T7) -> 0 | Y7: °C | Z7: Hotel geschlossen
A8: =SUM(A7+1) -> 4 | B8: Fr | U8: =SUM(Q8+S8) -> 0 | V8: =SUM(R8+T8) -> 0 | Y8: °C | Z8: Hotel geschlossen
A9: =SUM(A8+1) -> 5 | B9: Sa | U9: =SUM(Q9+S9) -> 0 | V9: =SUM(R9+T9) -> 0 | Y9: °C | Z9: Hotel geschlossen
A10: =SUM(A9+1) -> 6 | B10: So | U10: =SUM(Q10+S10) -> 0 | V10: =SUM(R10+T10) -> 0 | Y10: °C | Z10: Hotel geschlossen
A11: KW | B11: 5 | C11: =SUM(C5:C10) -> 0 | D11: =SUM(D5:D10) -> 0 | E11: =SUM(E5:E10) -> 0 | F11: =SUM(F5:F10) -> 0 | G11: =SUM(G5:G10) -> 0 | H11: =SUM(H5:H10) -> 0 | I11: =SUM(I5:I10) -> 0 | J11: =SUM(J5:J10) -> 0 | ... V11: =SUM(V5:V10) -> 0 | W11: Ø Temp | X11: =SUM(X5:X10)/7 -> 0 | Y11: °C | Z11: Hotel geschlossen
A12: =SUM(A10+1) -> 7 | B12: Mo | Q12: =SUM(C12+E12+G12+I12+K12+M12+O12) -> 0 | R12: =SUM(D12+F12+H12+J12+L12+N12+P12) -> 0 | U12: =SUM(Q12+S12) -> 0 | V12: =SUM(R12+T12) -> 0 | Y12: °C | Z12: Hotel geschlossen
A13: =SUM(A12+1) -> 8 | B13: Di | Q13: =SUM(C13+E13+G13+I13+K13+M13+O13) -> 0 | R13: =SUM(D13+F13+H13+J13+L13+N13+P13) -> 0 | U13: =SUM(Q13+S13) -> 0 | V13: =SUM(R13+T13) -> 0 | Y13: °C | Z13: Hotel geschlossen
A14: =SUM(A13+1) -> 9 | B14: Mi | Q14: =SUM(C14+E14+G14+I14+K14+M14+O14) -> 0 | R14: =SUM(D14+F14+H14+J14+L14+N14+P14) -> 0 | U14: =SUM(Q14+S14) -> 0 | V14: =SUM(R14+T14) -> 0 | Y14: °C | Z14: Hotel geschlossen
A15: =SUM(A14+1) -> 10 | B15: Do | Q15: =SUM(C15+E15+G15+I15+K15+M15+O15) -> 0 | R15: =SUM(D15+F15+H15+J15+L15+N15+P15) -> 0 | U15: =SUM(Q15+S15) -> 0 | V15: =SUM(R15+T15) -> 0 | Y15: °C | Z15: Hotel geschlossen
A16: =SUM(A15+1) -> 11 | B16: Fr | Q16: =SUM(C16+E16+G16+I16+K16+M16+O16) -> 0 | R16: =SUM(D16+F16+H16+J16+L16+N16+P16) -> 0 | U16: =SUM(Q16+S16) -> 0 | V16: =SUM(R16+T16) -> 0 | Y16: °C | Z16: Hotel geschlossen
A17: =SUM(A16+1) -> 12 | B17: Sa | Q17: =SUM(C17+E17+G17+I17+K17+M17+O17) -> 0 | R17: =SUM(D17+F17+H17+J17+L17+N17+P17) -> 0 | U17: =SUM(Q17+S17) -> 0 | V17: =SUM(R17+T17) -> 0 | Y17: °C | Z17: Hotel geschlossen
A18: =SUM(A17+1) -> 13 | B18: So | Q18: =SUM(C18+E18+G18+I18+K18+M18+O18) -> 0 | R18: =SUM(D18+F18+H18+J18+L18+N18+P18) -> 0 | U18: =SUM(Q18+S18) -> 0 | V18: =SUM(R18+T18) -> 0 | Y18: °C | Z18: Hotel geschlossen
A19: KW | B19: =SUM(B11+1) -> 6 | C19: =SUM(C12:C18) -> 0 | D19: =SUM(D12:D18) -> 0 | E19: =SUM(E12:E18) -> 0 | F19: =SUM(F12:F18) -> 0 | G19: =SUM(G12:G18) -> 0 | H19: =SUM(H12:H18) -> 0 | I19: =SUM(I12:I18) -> 0 | J19: =SUM(J12:J18) -> 0 | ... V19: =SUM(V12:V18) -> 0 | W19: Ø Temp | X19: =SUM(X12:X18)/7 -> 0 | Y19: °C | Z19: Hotel geschlossen
A20: =SUM(A18+1) -> 14 | B20: Mo | Q20: =SUM(C20+E20+G20+I20+K20+M20+O20) -> 0 | R20: =SUM(D20+F20+H20+J20+L20+N20+P20) -> 0 | U20: =SUM(Q20+S20) -> 0 | V20: =SUM(R20+T20) -> 0 | Y20: °C | Z20: Hotel geschlossen
A21: =SUM(A20+1) -> 15 | B21: Di | Q21: =SUM(C21+E21+G21+I21+K21+M21+O21) -> 0 | R21: =SUM(D21+F21+H21+J21+L21+N21+P21) -> 0 | U21: =SUM(Q21+S21) -> 0 | V21: =SUM(R21+T21) -> 0 | Y21: °C | Z21: Hotel geschlossen
A22: =SUM(A21+1) -> 16 | B22: Mi | Q22: =SUM(C22+E22+G22+I22+K22+M22+O22) -> 0 | R22: =SUM(D22+F22+H22+J22+L22+N22+P22) -> 0 | U22: =SUM(Q22+S22) -> 0 | V22: =SUM(R22+T22) -> 0 | Y22: °C | Z22: Hotel geschlossen
A23: =SUM(A22+1) -> 17 | B23: Do | Q23: =SUM(C23+E23+G23+I23+K23+M23+O23) -> 0 | R23: =SUM(D23+F23+H23+J23+L23+N23+P23) -> 0 | U23: =SUM(Q23+S23) -> 0 | V23: =SUM(R23+T23) -> 0 | Y23: °C | Z23: Hotel geschlossen
A24: =SUM(A23+1) -> 18 | B24: Fr | Q24: =SUM(C24+E24+G24+I24+K24+M24+O24) -> 0 | R24: =SUM(D24+F24+H24+J24+L24+N24+P24) -> 0 | U24: =SUM(Q24+S24) -> 0 | V24: =SUM(R24+T24) -> 0 | Y24: °C | Z24: Hotel geschlossen
A25: =SUM(A24+1) -> 19 | B25: Sa | Q25: =SUM(C25+E25+G25+I25+K25+M25+O25) -> 0 | R25: =SUM(D25+F25+H25+J25+L25+N25+P25) -> 0 | U25: =SUM(Q25+S25) -> 0 | V25: =SUM(R25+T25) -> 0 | Y25: °C | Z25: Hotel geschlossen
A26: =SUM(A25+1) -> 20 | B26: So | Q26: =SUM(C26+E26+G26+I26+K26+M26+O26) -> 0 | R26: =SUM(D26+F26+H26+J26+L26+N26+P26) -> 0 | U26: =SUM(Q26+S26) -> 0 | V26: =SUM(R26+T26) -> 0 | Y26: °C | Z26: Hotel geschlossen
A27: KW | B27: =SUM(B19+1) -> 7 | C27: =SUM(C20:C26) -> 0 | D27: =SUM(D20:D26) -> 0 | E27: =SUM(E20:E26) -> 0 | F27: =SUM(F20:F26) -> 0 | G27: =SUM(G20:G26) -> 0 | H27: =SUM(H20:H26) -> 0 | I27: =SUM(I20:I26) -> 0 | J27: =SUM(J20:J26) -> 0 | ... V27: =SUM(V20:V26) -> 0 | W27: Ø Temp | X27: =SUM(X20:X26)/7 -> 0 | Y27: °C | Z27: Hotel geschlossen
A28: =SUM(A26+1) -> 21 | B28: Mo | Q28: =SUM(C28+E28+G28+I28+K28+M28+O28) -> 0 | R28: =SUM(D28+F28+H28+J28+L28+N28+P28) -> 0 | U28: =SUM(Q28+S28) -> 0 | V28: =SUM(R28+T28) -> 0 | Y28: °C | Z28: Hotel geschlossen
A29: =SUM(A28+1) -> 22 | B29: Di | Q29: =SUM(C29+E29+G29+I29+K29+M29+O29) -> 0 | R29: =SUM(D29+F29+H29+J29+L29+N29+P29) -> 0 | U29: =SUM(Q29+S29) -> 0 | V29: =SUM(R29+T29) -> 0 | Y29: °C | Z29: Hotel geschlossen
A30: =SUM(A29+1) -> 23 | B30: Mi | Q30: =SUM(C30+E30+G30+I30+K30+M30+O30) -> 0 | R30: =SUM(D30+F30+H30+J30+L30+N30+P30) -> 0 | U30: =SUM(Q30+S30) -> 0 | V30: =SUM(R30+T30) -> 0 | Y30: °C | Z30: Hotel geschlossen
A31: =SUM(A30+1) -> 24 | B31: Do | Q31: =SUM(C31+E31+G31+I31+K31+M31+O31) -> 0 | R31: =SUM(D31+F31+H31+J31+L31+N31+P31) -> 0 | U31: =SUM(Q31+S31) -> 0 | V31: =SUM(R31+T31) -> 0 | Y31: °C | Z31: Hotel geschlossen
A32: =SUM(A31+1) -> 25 | B32: Fr | Q32: =SUM(C32+E32+G32+I32+K32+M32+O32) -> 0 | R32: =SUM(D32+F32+H32+J32+L32+N32+P32) -> 0 | U32: =SUM(Q32+S32) -> 0 | V32: =SUM(R32+T32) -> 0 | Y32: °C | Z32: Hotel geschlossen
A33: =SUM(A32+1) -> 26 | B33: Sa | Q33: =SUM(C33+E33+G33+I33+K33+M33+O33) -> 0 | R33: =SUM(D33+F33+H33+J33+L33+N33+P33) -> 0 | U33: =SUM(Q33+S33) -> 0 | V33: =SUM(R33+T33) -> 0 | Y33: °C | Z33: Hotel geschlossen
A34: =SUM(A33+1) -> 27 | B34: So | Q34: =SUM(C34+E34+G34+I34+K34+M34+O34) -> 0 | R34: =SUM(D34+F34+H34+J34+L34+N34+P34) -> 0 | U34: =SUM(Q34+S34) -> 0 | V34: =SUM(R34+T34) -> 0 | Y34: °C | Z34: Hotel geschlossen
A35: =SUM(A34+1) -> 28 | B35: So | Q35: =SUM(C35+E35+G35+I35+K35+M35+O35) -> 0 | R35: =SUM(D35+F35+H35+J35+L35+N35+P35) -> 0 | U35: =SUM(Q35+S35) -> 0 | V35: =SUM(R35+T35) -> 0 | Y35: °C | Z35: Hotel geschlossen
A36: KW | B36: =SUM(B27+1) -> 8 | C36: =SUM(C32:C34) -> 0 | D36: =SUM(D32:D34) -> 0 | E36: =SUM(E32:E34) -> 0 | F36: =SUM(F32:F34) -> 0 | G36: =SUM(G32:G34) -> 0 | H36: =SUM(H32:H34) -> 0 | I36: =SUM(I32:I34) -> 0 | J36: =SUM(J32:J34) -> 0 | ... V36: =SUM(V32:V34) -> 0 | W36: Ø Temp | X36: =SUM(X28:X34)/7 -> 0 | Y36: °C | Z36: Hotel geschlossen
A37: Umsatz kumuliert | C37: =SUM(C11+C19+C27+C36) -> 0 | D37: =SUM(D11+D19+D27+D36) -> 0 | E37: =SUM(E11+E19+E27+E36) -> 0 | F37: =SUM(F11+F19+F27+F36) -> 0 | G37: =SUM(G11+G19+G27+G36) -> 0 | H37: =SUM(H11+H19+H27+H36) -> 0 | I37: =SUM(I11+I19+I27+I36) -> 0 | J37: =SUM(J11+J19+J27+J36) -> 0 | ... V37: =SUM(V11+V19+V27+V36) -> 0 | W37: Umsatz kumuliert
A38: Umsatz pro Tag | C38: =C37/28 -> 0 | D38: =D37/28 -> 0 | E38: =E37/28 -> 0 | F38: =F37/28 -> 0 | G38: =G37/28 -> 0 | H38: =H37/28 -> 0 | I38: =I37/28 -> 0 | J38: =J37/28 -> 0 | ... V38: =V37/28 -> 0 | W38: Budget pro Tag
A39: Diff. zu Budget | C39: =SUM(C37-D37) -> 0 | E39: =SUM(E37-F37) -> 0 | G39: =SUM(G37-H37) -> 0 | I39: =SUM(I37-J37) -> 0 | K39: =SUM(K37-L37) -> 0 | M39: =SUM(M37-N37) -> 0 | O39: =SUM(O37-P37) -> 0 | Q39: =SUM(Q37-R37) -> 0 | S39: =SUM(S37-T37) -> 0 | U39: =SUM(U37-V37) -> 0
A40: Index | C40: =SUM(100/D37*C37) -> #DIV/0! | E40: =SUM(100/F37*E37) -> #DIV/0! | G40: =SUM(100/H37*G37) -> #DIV/0! | I40: =SUM(100/J37*I37) -> #DIV/0! | K40: =SUM(100/L37*K37) -> #DIV/0! | M40: =SUM(100/N37*M37) -> #DIV/0! | O40: =SUM(100/P37*O37) -> #DIV/0! | Q40: =SUM(100/R37*Q37) -> #DIV/0! | S40: =SUM(100/T37*S37) -> #DIV/0! | U40: =SUM(100/V37*U37) -> #DIV/0!

Sheet 03_22
A1: Tagesumsätze | H1: 44621
C3: Restaurant | E3: Terrasse | G3: Lounge | I3: Pavillon | K3: Bankett | M3: Seminar | O3: Hotel | Q3: TOTAL Gesamtbetrieb ohne Seebad | S3: Seebad | U3: TOTAL Gesamtbetrieb mit Seebad | W3: Info's
C4: IST | D4: Budget | E4: IST | F4: Budget | G4: IST | H4: Budget | I4: IST | J4: Budget | K4: IST | L4: Budget | M4: IST | N4: Budget | O4: IST | P4: Budget | Q4: IST | R4: Budget | S4: IST | T4: Budget | U4: IST | V4: Budget | W4: Wetter | X4: Temp. | Z4: Bemerkung
A5: 1 | B5: Di | D5: 4193.5484 | F5: 322.58065 | H5: 161.29032 | P5: 1285.4839 | Q5: =SUM(C5+E5+G5+I5+K5+M5+O5) -> 0 | R5: =SUM(D5+F5+H5+J5+L5+N5+P5) -> 5962.9032 | U5: =SUM(Q5+S5) -> 0 | V5: =SUM(R5+T5) -> 5962.9032 | Y5: °C | Z5: Hotel geschlossen
A6: =SUM(A5+1) -> 2 | B6: Mi | D6: 4193.5484 | F6: 322.58065 | H6: 161.29032 | P6: 1285.4839 | Q6: =SUM(C6+E6+G6+I6+K6+M6+O6) -> 0 | R6: =SUM(D6+F6+H6+J6+L6+N6+P6) -> 5962.9032 | U6: =SUM(Q6+S6) -> 0 | V6: =SUM(R6+T6) -> 5962.9032 | Y6: °C | Z6: Hotel geschlossen
A7: =SUM(A6+1) -> 3 | B7: Do | D7: 4193.5484 | F7: 322.58065 | H7: 161.29032 | P7: 1285.4839 | Q7: =SUM(C7+E7+G7+I7+K7+M7+O7) -> 0 | R7: =SUM(D7+F7+H7+J7+L7+N7+P7) -> 5962.9032 | U7: =SUM(Q7+S7) -> 0 | V7: =SUM(R7+T7) -> 5962.9032 | Y7: °C | Z7: Hotel geschlossen
A8: =SUM(A7+1) -> 4 | B8: Fr | D8: 4193.5484 | F8: 322.58065 | H8: 161.29032 | P8: 1285.4839 | Q8: =SUM(C8+E8+G8+I8+K8+M8+O8) -> 0 | R8: =SUM(D8+F8+H8+J8+L8+N8+P8) -> 5962.9032 | U8: =SUM(Q8+S8) -> 0 | V8: =SUM(R8+T8) -> 5962.9032 | Y8: °C | Z8: Hotel geschlossen
A9: =SUM(A8+1) -> 5 | B9: Sa | D9: 4193.5484 | F9: 322.58065 | H9: 161.29032 | P9: 1285.4839 | Q9: =SUM(C9+E9+G9+I9+K9+M9+O9) -> 0 | R9: =SUM(D9+F9+H9+J9+L9+N9+P9) -> 5962.9032 | U9: =SUM(Q9+S9) -> 0 | V9: =SUM(R9+T9) -> 5962.9032 | Y9: °C | Z9: Hotel geschlossen
A10: =SUM(A9+1) -> 6 | B10: So | D10: 4193.5484 | F10: 322.58065 | H10: 161.29032 | P10: 1285.4839 | Q10: =SUM(C10+E10+G10+I10+K10+M10+O10) -> 0 | R10: =SUM(D10+F10+H10+J10+L10+N10+P10) -> 5962.9032 | U10: =SUM(Q10+S10) -> 0 | V10: =SUM(R10+T10) -> 5962.9032 | Y10: °C | Z10: Hotel geschlossen
A11: KW | B11: 9 | C11: =SUM(C5:C10) -> 0 | D11: =SUM(D5:D10) -> 25161.29 | E11: =SUM(E5:E10) -> 0 | F11: =SUM(F5:F10) -> 1935.4839 | G11: =SUM(G5:G10) -> 0 | H11: =SUM(H5:H10) -> 967.74192 | I11: =SUM(I5:I10) -> 0 | J11: =SUM(J5:J10) -> 0 | ... V11: =SUM(V5:V10) -> 35777.419 | W11: Ø Temp | X11: =SUM(X5:X10)/7 -> 0 | Y11: °C
A12: =SUM(A10+1) -> 7 | B12: Mo | D12: 4193.5484 | F12: 322.58065 | H12: 161.29032 | P12: 1285.4839 | Q12: =SUM(C12+E12+G12+I12+K12+M12+O12) -> 0 | R12: =SUM(D12+F12+H12+J12+L12+N12+P12) -> 5962.9032 | U12: =SUM(Q12+S12) -> 0 | V12: =SUM(R12+T12) -> 5962.9032 | Y12: °C | Z12: Hotel geschlossen
A13: =SUM(A12+1) -> 8 | B13: Di | D13: 4193.5484 | F13: 322.58065 | H13: 161.29032 | P13: 1285.4839 | Q13: =SUM(C13+E13+G13+I13+K13+M13+O13) -> 0 | R13: =SUM(D13+F13+H13+J13+L13+N13+P13) -> 5962.9032 | U13: =SUM(Q13+S13) -> 0 | V13: =SUM(R13+T13) -> 5962.9032 | Y13: °C | Z13: Hotel geschlossen
A14: =SUM(A13+1) -> 9 | B14: Mi | D14: 4193.5484 | F14: 322.58065 | H14: 161.29032 | P14: 1285.4839 | Q14: =SUM(C14+E14+G14+I14+K14+M14+O14) -> 0 | R14: =SUM(D14+F14+H14+J14+L14+N14+P14) -> 5962.9032 | U14: =SUM(Q14+S14) -> 0 | V14: =SUM(R14+T14) -> 5962.9032 | Y14: °C | Z14: Hotel geschlossen
A15: =SUM(A14+1) -> 10 | B15: Do | D15: 4193.5484 | F15: 322.58065 | H15: 161.29032 | P15: 1285.4839 | Q15: =SUM(C15+E15+G15+I15+K15+M15+O15) -> 0 | R15: =SUM(D15+F15+H15+J15+L15+N15+P15) -> 5962.9032 | U15: =SUM(Q15+S15) -> 0 | V15: =SUM(R15+T15) -> 5962.9032 | Y15: °C | Z15: Hotel geschlossen
A16: =SUM(A15+1) -> 11 | B16: Fr | C16: 4864.3 | D16: 4193.5484 | E16: 0 | F16: 322.58065 | G16: 0 | H16: 161.29032 | I16: 0 | K16: 0 | M16: 0 | O16: 1084.4 | P16: 1285.4839 | Q16: =SUM(C16+E16+G16+I16+K16+M16+O16) -> 5948.7 | R16: =SUM(D16+F16+H16+J16+L16+N16+P16) -> 5962.9032 | U16: =SUM(Q16+S16) -> 5948.7 | V16: =SUM(R16+T16) -> 5962.9032 | W16: bewölkt | X16: 7 | Y16: °C | Z16: Wasserschaden
A17: =SUM(A16+1) -> 12 | B17: Sa | C17: 6615.4 | D17: 4193.5484 | E17: 688.1 | F17: 322.58065 | G17: 293.5 | H17: 161.29032 | I17: 0 | K17: 0 | M17: 0 | O17: 1501.8 | P17: 1285.4839 | Q17: =SUM(C17+E17+G17+I17+K17+M17+O17) -> 9098.8 | R17: =SUM(D17+F17+H17+J17+L17+N17+P17) -> 5962.9032 | U17: =SUM(Q17+S17) -> 9098.8 | V17: =SUM(R17+T17) -> 5962.9032 | W17: sonnig | X17: 10 | Y17: °C | Z17: Wasserschaden
A18: =SUM(A17+1) -> 13 | B18: So | C18: 7683.8 | D18: 4193.5484 | E18: 5167.7 | F18: 322.58065 | G18: 488.1 | H18: 161.29032 | I18: 0 | K18: 0 | M18: 0 | O18: 724 | P18: 1285.4839 | Q18: =SUM(C18+E18+G18+I18+K18+M18+O18) -> 14063.6 | R18: =SUM(D18+F18+H18+J18+L18+N18+P18) -> 5962.9032 | U18: =SUM(Q18+S18) -> 14063.6 | V18: =SUM(R18+T18) -> 5962.9032 | W18: sonnig | X18: 15 | Y18: °C | Z18: Wasserschaden
A19: KW | B19: =SUM(B11+1) -> 10 | C19: =SUM(C12:C18) -> 19163.5 | D19: =SUM(D12:D18) -> 29354.839 | E19: =SUM(E12:E18) -> 5855.8 | F19: =SUM(F12:F18) -> 2258.0645 | G19: =SUM(G12:G18) -> 781.6 | H19: =SUM(H12:H18) -> 1129.0322 | I19: =SUM(I12:I18) -> 0 | J19: =SUM(J12:J18) -> 0 | ... V19: =SUM(V12:V18) -> 41740.323 | W19: Ø Temp | X19: =SUM(X12:X18)/7 -> 4.5714286 | Y19: °C
A20: =SUM(A18+1) -> 14 | B20: Mo | C20: 3890.2 | D20: 4193.5484 | E20: 417.6 | F20: 322.58065 | G20: 69.8 | H20: 161.29032 | I20: 0 | K20: 0 | M20: 0 | O20: 517.2 | P20: 1285.4839 | Q20: =SUM(C20+E20+G20+I20+K20+M20+O20) -> 4894.8 | R20: =SUM(D20+F20+H20+J20+L20+N20+P20) -> 5962.9032 | U20: =SUM(Q20+S20) -> 4894.8 | V20: =SUM(R20+T20) -> 5962.9032 | W20: sonnig | X20: 12 | Y20: °C
A21: =SUM(A20+1) -> 15 | B21: Di | C21: 3512.1 | D21: 4193.5484 | E21: 0 | F21: 322.58065 | G21: 0 | H21: 161.29032 | I21: 0 | K21: 0 | M21: 0 | O21: 927.6 | P21: 1285.4839 | Q21: =SUM(C21+E21+G21+I21+K21+M21+O21) -> 4439.7 | R21: =SUM(D21+F21+H21+J21+L21+N21+P21) -> 5962.9032 | U21: =SUM(Q21+S21) -> 4439.7 | V21: =SUM(R21+T21) -> 5962.9032 | W21: bewölkt | X21: 7 | Y21: °C
A22: =SUM(A21+1) -> 16 | B22: Mi | C22: 3855.3 | D22: 4193.5484 | E22: 635 | F22: 322.58065 | G22: 42.4 | H22: 161.29032 | I22: 0 | K22: 0 | M22: 0 | O22: 1534.8 | P22: 1285.4839 | Q22: =SUM(C22+E22+G22+I22+K22+M22+O22) -> 6067.5 | R22: =SUM(D22+F22+H22+J22+L22+N22+P22) -> 5962.9032 | U22: =SUM(Q22+S22) -> 6067.5 | V22: =SUM(R22+T22) -> 5962.9032 | W22: sonnig | X22: 12 | Y22: °C
A23: =SUM(A22+1) -> 17 | B23: Do | C23: 5326.5 | D23: 4193.5484 | E23: 97.5 | F23: 322.58065 | G23: 31.5 | H23: 161.29032 | I23: 0 | K23: 0 | M23: 0 | O23: 1682.5 | P23: 1285.4839 | Q23: =SUM(C23+E23+G23+I23+K23+M23+O23) -> 7138 | R23: =SUM(D23+F23+H23+J23+L23+N23+P23) -> 5962.9032 | U23: =SUM(Q23+S23) -> 7138 | V23: =SUM(R23+T23) -> 5962.9032 | W23: sonnig | X23: 15 | Y23: °C
A24: =SUM(A23+1) -> 18 | B24: Fr | C24: 4905.7 | D24: 4193.5484 | E24: 0 | F24: 322.58065 | G24: 0 | H24: 161.29032 | I24: 0 | K24: 0 | M24: 0 | O24: 0 | P24: 1285.4839 | Q24: =SUM(C24+E24+G24+I24+K24+M24+O24) -> 4905.7 | R24: =SUM(D24+F24+H24+J24+L24+N24+P24) -> 5962.9032 | U24: =SUM(Q24+S24) -> 4905.7 | V24: =SUM(R24+T24) -> 5962.9032 | W24: bewölkt | X24: 8 | Y24: °C
A25: =SUM(A24+1) -> 19 | B25: Sa | C25: 5407.5 | D25: 4193.5484 | E25: 361 | F25: 322.58065 | G25: 312.5 | H25: 161.29032 | I25: 0 | K25: 0 | M25: 0 | O25: 950.8 | P25: 1285.4839 | Q25: =SUM(C25+E25+G25+I25+K25+M25+O25) -> 7031.8 | R25: =SUM(D25+F25+H25+J25+L25+N25+P25) -> 5962.9032 | U25: =SUM(Q25+S25) -> 7031.8 | V25: =SUM(R25+T25) -> 5962.9032 | W25: sonnig | X25: 12 | Y25: °C
A26: =SUM(A25+1) -> 20 | B26: So | C26: 5775.1 | D26: 4193.5484 | E26: 5248.7 | F26: 322.58065 | G26: 438.6 | H26: 161.29032 | I26: 0 | K26: 0 | M26: 0 | O26: 4.5 | P26: 1285.4839 | Q26: =SUM(C26+E26+G26+I26+K26+M26+O26) -> 11466.9 | R26: =SUM(D26+F26+H26+J26+L26+N26+P26) -> 5962.9032 | U26: =SUM(Q26+S26) -> 11466.9 | V26: =SUM(R26+T26) -> 5962.9032 | W26: sonnig | X26: 15 | Y26: °C
A27: KW | B27: =SUM(B19+1) -> 11 | C27: =SUM(C20:C26) -> 32672.4 | D27: =SUM(D20:D26) -> 29354.839 | E27: =SUM(E20:E26) -> 6759.8 | F27: =SUM(F20:F26) -> 2258.0645 | G27: =SUM(G20:G26) -> 894.8 | H27: =SUM(H20:H26) -> 1129.0322 | I27: =SUM(I20:I26) -> 0 | J27: =SUM(J20:J26) -> 0 | ... V27: =SUM(V20:V26) -> 41740.323 | W27: Ø Temp | X27: =SUM(X20:X26)/7 -> 11.571429 | Y27: °C
A28: =SUM(A26+1) -> 21 | B28: Mo | C28: 2626.3 | D28: 4193.5484 | E28: 748.8 | F28: 322.58065 | G28: 52.7 | H28: 161.29032 | I28: 0 | K28: 0 | M28: 0 | O28: 161.8 | P28: 1285.4839 | Q28: =SUM(C28+E28+G28+I28+K28+M28+O28) -> 3589.6 | R28: =SUM(D28+F28+H28+J28+L28+N28+P28) -> 5962.9032 | U28: =SUM(Q28+S28) -> 3589.6 | V28: =SUM(R28+T28) -> 5962.9032 | W28: sonnig | X28: 15 | Y28: °C
A29: =SUM(A28+1) -> 22 | B29: Di | C29: 4726.2 | D29: 4193.5484 | E29: 2011 | F29: 322.58065 | G29: 199.6 | H29: 161.29032 | I29: 0 | K29: 0 | M29: 0 | O29: 2259.2 | P29: 1285.4839 | Q29: =SUM(C29+E29+G29+I29+K29+M29+O29) -> 9196 | R29: =SUM(D29+F29+H29+J29+L29+N29+P29) -> 5962.9032 | U29: =SUM(Q29+S29) -> 9196 | V29: =SUM(R29+T29) -> 5962.9032 | W29: sonnig | X29: 17 | Y29: °C
A30: =SUM(A29+1) -> 23 | B30: Mi | C30: 4498.9 | D30: 4193.5484 | E30: 2995.2 | F30: 322.58065 | G30: 163.9 | H30: 161.29032 | I30: 0 | K30: 0 | M30: 0 | O30: 2641.6 | P30: 1285.4839 | Q30: =SUM(C30+E30+G30+I30+K30+M30+O30) -> 10299.6 | R30: =SUM(D30+F30+H30+J30+L30+N30+P30) -> 5962.9032 | U30: =SUM(Q30+S30) -> 10299.6 | V30: =SUM(R30+T30) -> 5962.9032 | W30: sonnig | X30: 17 | Y30: °C
A31: =SUM(A30+1) -> 24 | B31: Do | C31: 3989.4 | D31: 4193.5484 | E31: 1615.4 | F31: 322.58065 | G31: 368 | H31: 161.29032 | I31: 0 | K31: 0 | M31: 726.9 | O31: 1550.8 | P31: 1285.4839 | Q31: =SUM(C31+E31+G31+I31+K31+M31+O31) -> 8250.5 | R31: =SUM(D31+F31+H31+J31+L31+N31+P31) -> 5962.9032 | U31: =SUM(Q31+S31) -> 8250.5 | V31: =SUM(R31+T31) -> 5962.9032 | W31: sonnig | X31: 17 | Y31: °C
A32: =SUM(A31+1) -> 25 | B32: Fr | C32: 5606.4 | D32: 4193.5484 | E32: 3633.9 | F32: 322.58065 | G32: 148.5 | H32: 161.29032 | I32: 0 | K32: 0 | M32: 0 | O32: 2091.8 | P32: 1285.4839 | Q32: =SUM(C32+E32+G32+I32+K32+M32+O32) -> 11480.6 | R32: =SUM(D32+F32+H32+J32+L32+N32+P32) -> 5962.9032 | U32: =SUM(Q32+S32) -> 11480.6 | V32: =SUM(R32+T32) -> 5962.9032 | W32: sonnig | X32: 18 | Y32: °C
A33: =SUM(A32+1) -> 26 | B33: Sa | C33: 7382 | D33: 4193.5484 | E33: 6179.5 | F33: 322.58065 | G33: 258.5 | H33: 161.29032 | I33: 0 | K33: 262.9 | M33: 0 | O33: 3534.3 | P33: 1285.4839 | Q33: =SUM(C33+E33+G33+I33+K33+M33+O33) -> 17617.2 | R33: =SUM(D33+F33+H33+J33+L33+N33+P33) -> 5962.9032 | U33: =SUM(Q33+S33) -> 17617.2 | V33: =SUM(R33+T33) -> 5962.9032 | W33: sonnig | X33: 19 | Y33: °C
A34: =SUM(A33+1) -> 27 | B34: So | C34: 6886.7 | D34: 4193.5484 | E34: 10386.6 | F34: 322.58065 | G34: 1028.9 | H34: 161.29032 | I34: 0 | K34: 0 | M34: 0 | O34: 51.5 | P34: 1285.4839 | Q34: =SUM(C34+E34+G34+I34+K34+M34+O34) -> 18353.7 | R34: =SUM(D34+F34+H34+J34+L34+N34+P34) -> 5962.9032 | U34: =SUM(Q34+S34) -> 18353.7 | V34: =SUM(R34+T34) -> 5962.9032 | W34: sonnig | X34: 19 | Y34: °C
A35: KW | B35: =SUM(B27+1) -> 12 | C35: =SUM(C28:C34) -> 35715.9 | D35: =SUM(D28:D34) -> 29354.839 | E35: =SUM(E28:E34) -> 27570.4 | F35: =SUM(F28:F34) -> 2258.0645 | G35: =SUM(G28:G34) -> 2220.1 | H35: =SUM(H28:H34) -> 1129.0322 | I35: =SUM(I28:I34) -> 0 | J35: =SUM(J28:J34) -> 0 | ... V35: =SUM(V28:V34) -> 41740.323 | W35: Ø Temp | X35: =SUM(X28:X34)/7 -> 17.428571 | Y35: °C
A36: =SUM(A34+1) -> 28 | B36: Mo | C36: 2960.6 | D36: 4193.5484 | E36: 3826.4 | F36: 322.58065 | G36: 131.7 | H36: 161.29032 | I36: 0 | K36: 0 | M36: 0 | O36: 759 | P36: 1285.4839 | Q36: =SUM(C36+E36+G36+I36+K36+M36+O36) -> 7677.7 | R36: =SUM(D36+F36+H36+J36+L36+N36+P36) -> 5962.9032 | U36: =SUM(Q36+S36) -> 7677.7 | V36: =SUM(R36+T36) -> 5962.9032 | W36: sonnig | X36: 20 | Y36: °C
A37: =SUM(A36+1) -> 29 | B37: Di | C37: 3240.5 | D37: 4193.5484 | E37: 1457.7 | F37: 322.58065 | G37: 19.3 | H37: 161.29032 | I37: 0 | K37: 0 | M37: 0 | O37: 1138.1 | P37: 1285.4839 | Q37: =SUM(C37+E37+G37+I37+K37+M37+O37) -> 5855.6 | R37: =SUM(D37+F37+H37+J37+L37+N37+P37) -> 5962.9032 | U37: =SUM(Q37+S37) -> 5855.6 | V37: =SUM(R37+T37) -> 5962.9032 | W37: bewölkt | X37: 15 | Y37: °C
A38: =SUM(A37+1) -> 30 | B38: Mi | C38: 3146.3 | D38: 4193.5484 | E38: 20.8 | F38: 322.58065 | G38: 29 | H38: 161.29032 | I38: 0 | K38: 0 | M38: 0 | O38: 1084.8 | P38: 1285.4839 | Q38: =SUM(C38+E38+G38+I38+K38+M38+O38) -> 4280.9 | R38: =SUM(D38+F38+H38+J38+L38+N38+P38) -> 5962.9032 | U38: =SUM(Q38+S38) -> 4280.9 | V38: =SUM(R38+T38) -> 5962.9032 | W38: bewölkt | X38: 11 | Y38: °C
A39: =SUM(A38+1) -> 31 | B39: Do | C39: 4391.2 | D39: 4193.5484 | E39: 0 | F39: 322.58065 | G39: 0 | H39: 161.29032 | I39: 0 | K39: 0 | M39: 0 | O39: 95.75 | P39: 1285.4839 | Q39: =SUM(C39+E39+G39+I39+K39+M39+O39) -> 4486.95 | R39: =SUM(D39+F39+H39+J39+L39+N39+P39) -> 5962.9032 | U39: =SUM(Q39+S39) -> 4486.95 | V39: =SUM(R39+T39) -> 5962.9032 | W39: Regen | X39: 8 | Y39: °C
A40: KW | B40: =SUM(B35+1) -> 13 | C40: =SUM(C36:C39) -> 13738.6 | D40: =SUM(D36:D39) -> 16774.194 | E40: =SUM(E36:E39) -> 5304.9 | F40: =SUM(F36:F39) -> 1290.3226 | G40: =SUM(G36:G39) -> 180 | H40: =SUM(H36:H39) -> 645.16128 | I40: =SUM(I36:I39) -> 0 | J40: =SUM(J36:J39) -> 0 | ... V40: =SUM(V36:V39) -> 23851.613 | W40: Ø Temp | X40: =SUM(X36:X39)/4 -> 13.5 | Y40: °C
A41: Umsatz kumuliert | C41: =SUM(C11+C19+C27+C35+C40) -> 101290.4 | D41: =SUM(D11+D19+D27+D35+D40) -> 130000 | E41: =SUM(E11+E19+E27+E35+E40) -> 45490.9 | F41: =SUM(F11+F19+F27+F35+F40) -> 10000 | G41: =SUM(G11+G19+G27+G35+G40) -> 4076.5 | H41: =SUM(H11+H19+H27+H35+H40) -> 4999.9999 | I41: =SUM(I11+I19+I27+I40) -> 0 | J41: =SUM(J11+J19+J27+J40) -> 0 | K41: =SUM(K11+K19+K27+K35+K40) -> 262.9 | L41: =SUM(L11+L19+L27+L35+L40) -> 0 | M41: =SUM(M11+M19+M27+M35+M40) -> 726.9 | N41: =SUM(N11+N19+N27+N35+N40) -> 0 | O41: =SUM(O11+O19+O27+O35+O40) -> 24296.25 | P41: =SUM(P11+P19+P27+P35+P40) -> 39850 | Q41: =SUM(Q11+Q19+Q27+Q35+Q40) -> 176143.85 | R41: =SUM(R11+R19+R27+R35+R40) -> 184850 | ... V41: =SUM(V11+V19+V27+V35+V40) -> 184850 | W41: Umsatz kumuliert
A42: Umsatz pro Tag | C42: =C41/31 -> 3267.4323 | D42: =D41/31 -> 4193.5484 | E42: =E41/31 -> 1467.4484 | F42: =F41/31 -> 322.58065 | G42: =G41/31 -> 131.5 | H42: =H41/31 -> 161.29032 | I42: =I41/31 -> 0 | J42: =J41/31 -> 0 | ... V42: =V41/31 -> 5962.9032 | W42: Budget pro Tag
A43: Diff. zu Budget | C43: =SUM(C41-D41) -> -28709.6 | E43: =SUM(E41-F41) -> 35490.9 | G43: =SUM(G41-H41) -> -923.49992 | I43: =SUM(I41-J41) -> 0 | K43: =SUM(K41-L41) -> 262.9 | M43: =SUM(M41-N41) -> 726.9 | O43: =SUM(O41-P41) -> -15553.75 | Q43: =SUM(Q41-R41) -> -8706.1497 | S43: =SUM(S41-T41) -> 0 | U43: =SUM(U41-V41) -> -8706.1497
A44: Index | C44: =SUM(100/D41*C41) -> 77.915692 | E44: =SUM(100/F41*E41) -> 454.909 | G44: =SUM(100/H41*G41) -> 81.530001 | I44: =SUM(100/J41*I41) -> #DIV/0! | K44: =SUM(100/L41*K41) -> #DIV/0! | M44: =SUM(100/N41*M41) -> #DIV/0! | O44: =SUM(100/P41*O41) -> 60.96926 | Q44: =SUM(100/R41*Q41) -> 95.290154 | S44: =SUM(100/T41*S41) -> #DIV/0! | U44: =SUM(100/V41*U41) -> 95.290154

Sheet 04_22
A1: Tagesumsätze | H1: 44652
C3: Restaurant | E3: Terrasse | G3: Lounge | I3: Pavillon | K3: Bankett | M3: Seminar | O3: Hotel | Q3: TOTAL Gesamtbetrieb ohne Seebad | S3: Seebad | U3: TOTAL Gesamtbetrieb mit Seebad | W3: Info's
C4: IST | D4: Budget | E4: IST | F4: Budget | G4: IST | H4: Budget | I4: IST | J4: Budget | K4: IST | L4: Budget | M4: IST | N4: Budget | O4: IST | P4: Budget | Q4: IST | R4: Budget | S4: IST | T4: Budget | U4: IST | V4: Budget | W4: Wetter | X4: Temp. | Z4: Bemerkung
A5: 1 | B5: Fr | C5: 5721.2 | D5: 5000 | E5: 0 | F5: 2666.6666 | G5: 0 | H5: 833.33333 | I5: 0 | K5: 0 | M5: 0 | O5: 840.8 | P5: 2656.6667 | Q5: =C5+E5+G5+I5+K5+M5+O5 -> 6562 | R5: =D5+F5+H5+J5+L5+N5+P5 -> 11156.667 | T5: 66.66666 | U5: =Q5+S5 -> 6562 | V5: =SUM(R5+T5) -> 11223.333 | W5: Schnee | X5: 0 | Y5: °C
A6: =SUM(A5+1) -> 2 | B6: Sa | C6: 8844.8 | D6: 5000 | E6: 0 | F6: 2666.6666 | G6: 0 | H6: 833.33333 | I6: 0 | K6: 0 | M6: 0 | O6: 1751.35 | P6: 2656.6667 | Q6: =C6+E6+G6+I6+K6+M6+O6 -> 10596.15 | R6: =D6+F6+H6+J6+L6+N6+P6 -> 11156.667 | T6: 66.66666 | U6: =SUM(Q6+S6) -> 10596.15 | V6: =SUM(R6+T6) -> 11223.333 | W6: Schnee | X6: 0 | Y6: °C
A7: =SUM(A6+1) -> 3 | B7: So | C7: 8688.4 | D7: 5000 | E7: 0 | F7: 2666.6666 | G7: 0 | H7: 833.33333 | I7: 0 | K7: 0 | M7: 0 | O7: 467.1 | P7: 2656.6667 | Q7: =C7+E7+G7+I7+K7+M7+O7 -> 9155.5 | R7: =D7+F7+H7+J7+L7+N7+P7 -> 11156.667 | T7: 66.66666 | U7: =SUM(Q7+S7) -> 9155.5 | V7: =SUM(R7+T7) -> 11223.333 | W7: Schnee | X7: 0 | Y7: °C
A8: KW | B8: 14 | C8: =SUM(C5:C7) -> 23254.4 | D8: =SUM(D5:D7) -> 15000 | E8: =SUM(E5:E7) -> 0 | F8: =SUM(F5:F7) -> 7999.9998 | G8: =SUM(G5:G7) -> 0 | H8: =SUM(H5:H7) -> 2500 | I8: =SUM(I5:I7) -> 0 | J8: =SUM(J5:J7) -> 0 | ... V8: =SUM(V5:V7) -> 33670 | W8: Ø Temp | X8: =SUM(X5:X7)/4 -> 0 | Y8: °C
A9: =SUM(A7+1) -> 4 | B9: Mo | C9: 3380.6 | D9: 5000 | E9: 0 | F9: 2666.6666 | G9: 0 | H9: 833.33333 | I9: 0 | K9: 0 | M9: 1048 | O9: 1469.2 | P9: 2656.6667 | Q9: =C9+E9+G9+I9+K9+M9+O9 -> 5897.8 | R9: =D9+F9+H9+J9+L9+N9+P9 -> 11156.667 | T9: 66.66666 | U9: =SUM(Q9+S9) -> 5897.8 | V9: =SUM(R9+T9) -> 11223.333 | W9: teilweise sonnig | X9: 11 | Y9: °C
A10: =SUM(A9+1) -> 5 | B10: Di | C10: 4103.8 | D10: 5000 | E10: 0 | F10: 2666.6666 | G10: 0 | H10: 833.33333 | I10: 0 | K10: 0 | M10: 0 | O10: 2738.4 | P10: 2656.6667 | Q10: =C10+E10+G10+I10+K10+M10+O10 -> 6842.2 | R10: =D10+F10+H10+J10+L10+N10+P10 -> 11156.667 | T10: 66.66666 | U10: =SUM(Q10+S10) -> 6842.2 | V10: =SUM(R10+T10) -> 11223.333 | W10: teilweise sonnig | X10: 12 | Y10: °C
A11: =SUM(A10+1) -> 6 | B11: Mi | C11: 4878.9 | D11: 5000 | E11: 9.8 | F11: 2666.6666 | G11: 0 | H11: 833.33333 | I11: 0 | K11: 0 | M11: 0 | O11: 3070 | P11: 2656.6667 | Q11: =C11+E11+G11+I11+K11+M11+O11 -> 7958.7 | R11: =D11+F11+H11+J11+L11+N11+P11 -> 11156.667 | T11: 66.66666 | U11: =SUM(Q11+S11) -> 7958.7 | V11: =SUM(R11+T11) -> 11223.333 | W11: teilweise sonnig | X11: 12 | Y11: °C
A12: =SUM(A11+1) -> 7 | B12: Do | C12: 2857.7 | D12: 5000 | E12: 0 | F12: 2666.6666 | G12: 0 | H12: 833.33333 | I12: 0 | K12: 0 | M12: 0 | O12: 1599 | P12: 2656.6667 | Q12: =C12+E12+G12+I12+K12+M12+O12 -> 4456.7 | R12: =D12+F12+H12+J12+L12+N12+P12 -> 11156.667 | T12: 66.66666 | U12: =SUM(Q12+S12) -> 4456.7 | V12: =SUM(R12+T12) -> 11223.333 | W12: Regen | X12: 8 | Y12: °C
A13: =SUM(A12+1) -> 8 | B13: Fr | C13: 5736.1 | D13: 5000 | E13: 0 | F13: 2666.6666 | G13: 0 | H13: 833.33333 | I13: 0 | K13: 0 | M13: 64.4 | O13: 2192 | P13: 2656.6667 | Q13: =C13+E13+G13+I13+K13+M13+O13 -> 7992.5 | R13: =D13+F13+H13+J13+L13+N13+P13 -> 11156.667 | T13: 66.66666 | U13: =SUM(Q13+S13) -> 7992.5 | V13: =SUM(R13+T13) -> 11223.333 | W13: Regen | X13: 8 | Y13: °C
A14: =SUM(A13+1) -> 9 | B14: Sa | C14: 6441.3 | D14: 5000 | E14: 47.2 | F14: 2666.6666 | G14: 153.8 | H14: 833.33333 | I14: 0 | K14: 0 | M14: 1955.3 | O14: 3765.9 | P14: 2656.6667 | Q14: =C14+E14+G14+I14+K14+M14+O14 -> 12363.5 | R14: =D14+F14+H14+J14+L14+N14+P14 -> 11156.667 | T14: 66.66666 | U14: =SUM(Q14+S14) -> 12363.5 | V14: =SUM(R14+T14) -> 11223.333 | W14: Schneeschauer | X14: 1 | Y14: °C
A15: =SUM(A14+1) -> 10 | B15: So | C15: 7217.4 | D15: 5000 | E15: 1849 | F15: 2666.6666 | G15: 586.5 | H15: 833.33333 | I15: 0 | K15: 0 | M15: 1766.8 | O15: 1073.9 | P15: 2656.6667 | Q15: =C15+E15+G15+I15+K15+M15+O15 -> 12493.6 | R15: =D15+F15+H15+J15+L15+N15+P15 -> 11156.667 | T15: 66.66666 | U15: =SUM(Q15+S15) -> 12493.6 | V15: =SUM(R15+T15) -> 11223.333 | W15: sonnig | X15: 11 | Y15: °C
A16: KW | B16: =SUM(B8+1) -> 15 | C16: =SUM(C9:C15) -> 34615.8 | D16: =SUM(D9:D15) -> 35000 | E16: =SUM(E9:E15) -> 1906 | F16: =SUM(F9:F15) -> 18666.666 | G16: =SUM(G9:G15) -> 740.3 | H16: =SUM(H9:H15) -> 5833.3333 | I16: =SUM(I9:I15) -> 0 | J16: =SUM(J9:J15) -> 0 | ... V16: =SUM(V9:V15) -> 78563.333 | W16: Ø Temp | X16: =SUM(X9:X15)/7 -> 9 | Y16: °C
A17: =SUM(A15+1) -> 11 | B17: Mo | C17: 3798.9 | D17: 5000 | E17: 737.8 | F17: 2666.6666 | G17: 275.4 | H17: 833.33333 | I17: 0 | K17: 0 | M17: 0 | O17: 2460 | P17: 2656.6667 | Q17: =C17+E17+G17+I17+K17+M17+O17 -> 7272.1 | R17: =D17+F17+H17+J17+L17+N17+P17 -> 11156.667 | T17: 66.66666 | U17: =SUM(Q17+S17) -> 7272.1 | V17: =SUM(R17+T17) -> 11223.333 | W17: sonnig | X17: 16 | Y17: °C
A18: =SUM(A17+1) -> 12 | B18: Di | C18: 4242.2 | D18: 5000 | E18: 1796.2 | F18: 2666.6666 | G18: 248.8 | H18: 833.33333 | I18: 0 | K18: 0 | M18: 0 | O18: 2303.3 | P18: 2656.6667 | Q18: =C18+E18+G18+I18+K18+M18+O18 -> 8590.5 | R18: =D18+F18+H18+J18+L18+N18+P18 -> 11156.667 | T18: 66.66666 | U18: =SUM(Q18+S18) -> 8590.5 | V18: =SUM(R18+T18) -> 11223.333 | W18: sonnig | X18: 20 | Y18: °C
A19: =SUM(A18+1) -> 13 | B19: Mi | C19: 3282.5 | D19: 5000 | E19: 4568.5 | F19: 2666.6666 | G19: 354.7 | H19: 833.33333 | I19: 0 | K19: 0 | M19: 0 | O19: 1041.6 | P19: 2656.6667 | Q19: =C19+E19+G19+I19+K19+M19+O19 -> 9247.3 | R19: =D19+F19+H19+J19+L19+N19+P19 -> 11156.667 | T19: 66.66666 | U19: =SUM(Q19+S19) -> 9247.3 | V19: =SUM(R19+T19) -> 11223.333 | W19: sonnig | X19: 17 | Y19: °C
A20: =SUM(A19+1) -> 14 | B20: Do | C20: 4782.5 | D20: 5000 | E20: 3972.6 | F20: 2666.6666 | G20: 433.6 | H20: 833.33333 | I20: 0 | K20: 0 | M20: 0 | O20: 1795.4 | P20: 2656.6667 | Q20: =C20+E20+G20+I20+K20+M20+O20 -> 10984.1 | R20: =D20+F20+H20+J20+L20+N20+P20 -> 11156.667 | T20: 66.66666 | U20: =SUM(Q20+S20) -> 10984.1 | V20: =SUM(R20+T20) -> 11223.333 | W20: sonnig | X20: 18 | Y20: °C
A21: =SUM(A20+1) -> 15 | B21: Fr | C21: 6682.4 | D21: 5000 | E21: 8108.3 | F21: 2666.6666 | G21: 786.6 | H21: 833.33333 | I21: 0 | K21: 0 | M21: 0 | O21: 4370.5 | P21: 2656.6667 | Q21: =C21+E21+G21+I21+K21+M21+O21 -> 19947.8 | R21: =D21+F21+H21+J21+L21+N21+P21 -> 11156.667 | T21: 66.66666 | U21: =SUM(Q21+S21) -> 19947.8 | V21: =SUM(R21+T21) -> 11223.333 | W21: sonnig | X21: 18 | Y21: °C | Z21: Karfreitag
A22: =SUM(A21+1) -> 16 | B22: Sa | C22: 7779.9 | D22: 5000 | E22: 1195.1 | F22: 2666.6666 | G22: 558.3 | H22: 833.33333 | I22: 0 | K22: 0 | M22: 0 | O22: 4730.1 | P22: 2656.6667 | Q22: =C22+E22+G22+I22+K22+M22+O22 -> 14263.4 | R22: =D22+F22+H22+J22+L22+N22+P22 -> 11156.667 | T22: 66.66666 | U22: =SUM(Q22+S22) -> 14263.4 | V22: =SUM(R22+T22) -> 11223.333 | W22: sonnig | X22: 18 | Y22: °C
A23: =SUM(A22+1) -> 17 | B23: So | C23: 8826.4 | D23: 5000 | E23: 7067.9 | F23: 2666.6666 | G23: 598.1 | H23: 833.33333 | I23: 0 | K23: 0 | M23: 0 | O23: 4352.8 | P23: 2656.6667 | Q23: =C23+E23+G23+I23+K23+M23+O23 -> 20845.2 | R23: =D23+F23+H23+J23+L23+N23+P23 -> 11156.667 | T23: 66.66666 | U23: =SUM(Q23+S23) -> 20845.2 | V23: =SUM(R23+T23) -> 11223.333 | W23: sonnig | X23: 13 | Y23: °C | Z23: Ostersonntag
A24: KW | B24: =SUM(B16+1) -> 16 | C24: =SUM(C17:C23) -> 39394.8 | D24: =SUM(D17:D23) -> 35000 | E24: =SUM(E17:E23) -> 27446.4 | F24: =SUM(F17:F23) -> 18666.666 | G24: =SUM(G17:G23) -> 3255.5 | H24: =SUM(H17:H23) -> 5833.3333 | I24: =SUM(I17:I23) -> 0 | J24: =SUM(J17:J23) -> 0 | ... V24: =SUM(V17:V23) -> 78563.333 | W24: Ø Temp | X24: =SUM(X17:X23)/7 -> 17.142857 | Y24: °C
A25: =SUM(A23+1) -> 18 | B25: Mo | C25: 6729.3 | D25: 5000 | E25: 11959.9 | F25: 2666.6666 | G25: 1068.1 | H25: 833.33333 | I25: 0 | K25: 0 | M25: 0 | O25: 1089.6 | P25: 2656.6667 | Q25: =C25+E25+G25+I25+K25+M25+O25 -> 20846.9 | R25: =D25+F25+H25+J25+L25+N25+P25 -> 11156.667 | T25: 66.66666 | U25: =SUM(Q25+S25) -> 20846.9 | V25: =SUM(R25+T25) -> 11223.333 | W25: sonnig | X25: 18 | Y25: °C | Z25: Ostermontag
A26: =SUM(A25+1) -> 19 | B26: Di | C26: 3541 | D26: 5000 | E26: 3420.3 | F26: 2666.6666 | G26: 353 | H26: 833.33333 | I26: 0 | K26: 0 | M26: 0 | O26: 1531.6 | P26: 2656.6667 | Q26: =C26+E26+G26+I26+K26+M26+O26 -> 8845.9 | R26: =D26+F26+H26+J26+L26+N26+P26 -> 11156.667 | T26: 66.66666 | U26: =SUM(Q26+S26) -> 8845.9 | V26: =SUM(R26+T26) -> 11223.333 | W26: sonnig | X26: 13 | Y26: °C
A27: =SUM(A26+1) -> 20 | B27: Mi | C27: 3465.7 | D27: 5000 | E27: 2729.3 | F27: 2666.6666 | G27: 554.6 | H27: 833.33333 | I27: 0 | K27: 0 | M27: 0 | O27: 1582.1 | P27: 2656.6667 | Q27: =C27+E27+G27+I27+K27+M27+O27 -> 8331.7 | R27: =D27+F27+H27+J27+L27+N27+P27 -> 11156.667 | T27: 66.66666 | U27: =SUM(Q27+S27) -> 8331.7 | V27: =SUM(R27+T27) -> 11223.333 | W27: sonnig | X27: 17 | Y27: °C
A28: =SUM(A27+1) -> 21 | B28: Do | C28: 2449.6 | D28: 5000 | E28: 4599.7 | F28: 2666.6666 | G28: 326.9 | H28: 833.33333 | I28: 0 | K28: 0 | M28: 0 | O28: 1072.6 | P28: 2656.6667 | Q28: =C28+E28+G28+I28+K28+M28+O28 -> 8448.8 | R28: =D28+F28+H28+J28+L28+N28+P28 -> 11156.667 | T28: 66.66666 | U28: =SUM(Q28+S28) -> 8448.8 | V28: =SUM(R28+T28) -> 11223.333 | W28: sonnig | X28: 17 | Y28: °C
A29: =SUM(A28+1) -> 22 | B29: Fr | C29: 5631.8 | D29: 5000 | E29: 4924 | F29: 2666.6666 | G29: 457.8 | H29: 833.33333 | I29: 0 | K29: 0 | M29: 0 | O29: 1854.5 | P29: 2656.6667 | Q29: =C29+E29+G29+I29+K29+M29+O29 -> 12868.1 | R29: =D29+F29+H29+J29+L29+N29+P29 -> 11156.667 | T29: 66.66666 | U29: =SUM(Q29+S29) -> 12868.1 | V29: =SUM(R29+T29) -> 11223.333 | W29: sonnig | X29: 16 | Y29: °C
A30: =SUM(A29+1) -> 23 | B30: Sa | C30: 7316.5 | D30: 5000 | E30: 1069.4 | F30: 2666.6666 | G30: 172.6 | H30: 833.33333 | I30: 0 | K30: 0 | M30: 0 | O30: 2248.6 | P30: 2656.6667 | Q30: =C30+E30+G30+I30+K30+M30+O30 -> 10807.1 | R30: =D30+F30+H30+J30+L30+N30+P30 -> 11156.667 | T30: 66.66666 | U30: =SUM(Q30+S30) -> 10807.1 | V30: =SUM(R30+T30) -> 11223.333 | W30: bewölkt | X30: 15 | Y30: °C
A31: =SUM(A30+1) -> 24 | B31: So | C31: 7882.4 | D31: 5000 | E31: 0 | F31: 2666.6666 | G31: 33.9 | H31: 833.33333 | I31: 0 | K31: 0 | M31: 0 | O31: 1788.4 | P31: 2656.6667 | Q31: =C31+E31+G31+I31+K31+M31+O31 -> 9704.7 | R31: =D31+F31+H31+J31+L31+N31+P31 -> 11156.667 | T31: 66.66666 | U31: =SUM(Q31+S31) -> 9704.7 | V31: =SUM(R31+T31) -> 11223.333 | W31: bewölkt | X31: 13 | Y31: °C
A32: KW | B32: =SUM(B24+1) -> 17 | C32: =SUM(C25:C31) -> 37016.3 | D32: =SUM(D25:D31) -> 35000 | E32: =SUM(E25:E31) -> 28702.6 | F32: =SUM(F25:F31) -> 18666.666 | G32: =SUM(G25:G31) -> 2966.9 | H32: =SUM(H25:H31) -> 5833.3333 | I32: =SUM(I25:I31) -> 0 | J32: =SUM(J25:J31) -> 0 | ... V32: =SUM(V25:V31) -> 78563.333 | W32: Ø Temp | X32: =SUM(X25:X31)/7 -> 15.571429 | Y32: °C
A33: =SUM(A31+1) -> 25 | B33: Mo | C33: 5437.2 | D33: 5000 | E33: 197.5 | F33: 2666.6666 | G33: 0 | H33: 833.33333 | I33: 0 | K33: 0 | M33: 0 | O33: 2531.3 | P33: 2656.6667 | Q33: =C33+E33+G33+I33+K33+M33+O33 -> 8166 | R33: =D33+F33+H33+J33+L33+N33+P33 -> 11156.667 | T33: 66.66666 | U33: =SUM(Q33+S33) -> 8166 | V33: =SUM(R33+T33) -> 11223.333 | W33: bewölkt | X33: 13 | Y33: °C | Z33: Gastronovi/Mews
A34: =SUM(A33+1) -> 26 | B34: Di | C34: 5564.5 | D34: 5000 | E34: 4.8 | F34: 2666.6666 | G34: 15 | H34: 833.33333 | I34: 0 | K34: 12 | M34: 0 | O34: 2546.5 | P34: 2656.6667 | Q34: =C34+E34+G34+I34+K34+M34+O34 -> 8142.8 | R34: =D34+F34+H34+J34+L34+N34+P34 -> 11156.667 | T34: 66.66666 | U34: =SUM(Q34+S34) -> 8142.8 | V34: =SUM(R34+T34) -> 11223.333 | W34: bewölkt | X34: 13 | Y34: °C | Z34: Gastronovi/Mews
A35: =SUM(A34+1) -> 27 | B35: Mi | C35: 5217.7 | D35: 5000 | E35: 1951 | F35: 2666.6666 | G35: 116.5 | H35: 833.33333 | I35: 0 | K35: 0 | M35: 0 | O35: 2898.8 | P35: 2656.6667 | Q35: =C35+E35+G35+I35+K35+M35+O35 -> 10184 | R35: =D35+F35+H35+J35+L35+N35+P35 -> 11156.667 | T35: 66.66666 | U35: =SUM(Q35+S35) -> 10184 | V35: =SUM(R35+T35) -> 11223.333 | W35: teilweise sonnig | X35: 16 | Y35: °C | Z35: Gastronovi/Mews
A36: =SUM(A35+1) -> 28 | B36: Do | C36: 4153.7 | D36: 5000 | E36: 7937.6 | F36: 2666.6666 | G36: 303.5 | H36: 833.33333 | I36: 0 | K36: 0 | M36: 13 | O36: 2568.9 | P36: 2656.6667 | Q36: =C36+E36+G36+I36+K36+M36+O36 -> 14976.7 | R36: =D36+F36+H36+J36+L36+N36+P36 -> 11156.667 | T36: 66.66666 | U36: =SUM(Q36+S36) -> 14976.7 | V36: =SUM(R36+T36) -> 11223.333 | W36: sonnig | X36: 18 | Y36: °C | Z36: Gastronovi/Mews
A37: =SUM(A36+1) -> 29 | B37: Fr | C37: 4157.3 | D37: 5000 | E37: 4163.1 | F37: 2666.6666 | G37: 571.3 | H37: 833.33333 | I37: 0 | K37: 0 | M37: 0 | O37: 2790.2 | P37: 2656.6667 | Q37: =C37+E37+G37+I37+K37+M37+O37 -> 11681.9 | R37: =D37+F37+H37+J37+L37+N37+P37 -> 11156.667 | T37: 66.66666 | U37: =SUM(Q37+S37) -> 11681.9 | V37: =SUM(R37+T37) -> 11223.333 | W37: sonnig | X37: 20 | Y37: °C | Z37: Gastronovi/Mews
A38: 30 | B38: Sa | C38: 6759.7 | D38: 5000 | E38: 2477.7 | F38: 2666.6666 | G38: 381.9 | H38: 833.33333 | I38: 0 | K38: 1642.3 | M38: 0 | O38: 3644.7 | P38: 2656.6667 | Q38: =C38+E38+G38+I38+K38+M38+O38 -> 14906.3 | R38: =D38+F38+H38+J38+L38+N38+P38 -> 11156.667 | T38: 66.66666 | U38: =SUM(Q38+S38) -> 14906.3 | V38: =SUM(R38+T38) -> 11223.333 | W38: veränderlich | X38: 15 | Y38: °C | Z38: Gastronovi/Mews
A39: KW | B39: =SUM(B32+1) -> 18 | C39: =SUM(C33:C38) -> 31290.1 | D39: =SUM(D33:D38) -> 30000 | E39: =SUM(E33:E38) -> 16731.7 | F39: =SUM(F33:F38) -> 16000 | G39: =SUM(G33:G38) -> 1388.2 | H39: =SUM(H33:H38) -> 5000 | I39: =SUM(I33:I38) -> 0 | J39: =SUM(J33:J38) -> 0 | ... V39: =SUM(V33:V38) -> 67340 | W39: Ø Temp | X39: =SUM(X33:X38)/5 -> 19 | Y39: °C
A40: Umsatz kumuliert | C40: =SUM(C8+C16+C24+C32+C39) -> 165571.4 | D40: =SUM(D8+D16+D24+D32+D39) -> 150000 | E40: =SUM(E8+E16+E24+E32+E39) -> 74786.7 | F40: =SUM(F8+F16+F24+F32+F39) -> 79999.998 | G40: =SUM(G8+G16+G24+G32+G39) -> 8350.9 | H40: =SUM(H8+H16+H24+H32+H39) -> 25000 | I40: =SUM(I8+I16+I24+I32+I39) -> 0 | J40: =SUM(J8+J16+J24+J32+J39) -> 0 | ... V40: =SUM(V8+V16+V24+V32+V39) -> 336700 | W40: Umsatz kumuliert
A41: Umsatz pro Tag | C41: =C40/30 -> 5519.0467 | D41: =D40/30 -> 5000 | E41: =E40/30 -> 2492.89 | F41: =F40/30 -> 2666.6666 | G41: =G40/30 -> 278.36333 | H41: =H40/30 -> 833.33333 | I41: =I40/30 -> 0 | J41: =J40/30 -> 0 | ... V41: =V40/30 -> 11223.333 | W41: Budget pro Tag
A42: Diff. zu Budget | C42: =SUM(C40-D40) -> 15571.4 | E42: =SUM(E40-F40) -> -5213.298 | G42: =SUM(G40-H40) -> -16649.1 | I42: =SUM(I40-J40) -> 0 | K42: =SUM(K40-L40) -> 1654.3 | M42: =SUM(M40-N40) -> 4847.5 | O42: =SUM(O40-P40) -> -11530.85 | Q42: =SUM(Q40-R40) -> -11320.048 | S42: =SUM(S40-T40) -> -1999.9998 | U42: =SUM(U40-V40) -> -13320.048
A43: Index | C43: =SUM(100/D40*C40) -> 110.38093 | E43: =SUM(100/F40*E40) -> 93.483377 | G43: =SUM(100/H40*G40) -> 33.4036 | I43: =SUM(100/J40*I40) -> #DIV/0! | K43: =SUM(100/L40*K40) -> #DIV/0! | M43: =SUM(100/N40*M40) -> #DIV/0! | O43: =SUM(100/P40*O40) -> 85.532183 | Q43: =SUM(100/R40*Q40) -> 96.617852 | S43: =SUM(100/T40*S40) -> 0 | U43: =SUM(100/V40*U40) -> 96.043942
O47: =SUM(O33:O38) -> 16980.4

Sheet 05_22
A1: Tagesumsätze | H1: 44682
C3: Restaurant | E3: Terrasse | G3: Lounge | I3: Pavillon | K3: Bankett | M3: Seminar | O3: Hotel | Q3: TOTAL Gesamtbetrieb ohne Seebad | S3: Seebad | U3: TOTAL Gesamtbetrieb mit Seebad | W3: Info's
C4: IST | D4: Budget | E4: IST | F4: Budget | G4: IST | H4: Budget | I4: IST | J4: Budget | K4: IST | L4: Budget | M4: IST | N4: Budget | O4: IST | P4: Budget | Q4: IST | R4: Budget | S4: IST | T4: Budget | U4: IST | V4: Budget | W4: Wetter | X4: Temp. | Z4: Bemerkung
A5: 1 | B5: So | C5: 7708.4 | D5: 3709.6774 | E5: 4619.5 | F5: 6129.0323 | G5: 822 | H5: 1129.0322 | I5: 0 | J5: 387.09677 | K5: 0 | L5: 3548.3871 | M5: 0 | N5: 1354.8387 | O5: 1910.1 | P5: 5366.9355 | Q5: =SUM(C5+E5+G5+I5+K5+M5+O5) -> 15060 | R5: =SUM(D5+F5+H5+J5+L5+N5+P5) -> 21625 | T5: 967.74194 | U5: =SUM(Q5+S5) -> 15060 | V5: =SUM(R5+T5) -> 22592.742 | W5: sonnig | X5: 18 | Y5: °C
A6: KW | B6: 18 | C6: =SUM(C5:C5) -> 7708.4 | D6: =SUM(D5:D5) -> 3709.6774 | E6: =SUM(E5:E5) -> 4619.5 | F6: =SUM(F5:F5) -> 6129.0323 | G6: =SUM(G5:G5) -> 822 | H6: =SUM(H5:H5) -> 1129.0322 | I6: =SUM(I5:I5) -> 0 | J6: =SUM(J5:J5) -> 387.09677 | ... V6: =SUM(V5:V5) -> 22592.742 | W6: Ø Temp | X6: =SUM(X5:X5)/2 -> 9 | Y6: °C
A7: =SUM(A5+1) -> 2 | B7: Mo | C7: 1826.7 | D7: 3709.6774 | E7: 2752.5 | F7: 6129.0323 | G7: 265.6 | H7: 1129.0322 | I7: 0 | J7: 387.09677 | K7: 0 | L7: 3548.3871 | M7: 0 | N7: 1354.8387 | O7: 2316.8 | P7: 5366.9355 | Q7: =SUM(C7+E7+G7+I7+K7+M7+O7) -> 7161.6 | R7: =SUM(D7+F7+H7+J7+L7+N7+P7) -> 21625 | S7: 0 | T7: 967.74194 | U7: =SUM(Q7+S7) -> 7161.6 | V7: =SUM(R7+T7) -> 22592.742 | W7: sonnig | X7: 18 | Y7: °C
A8: =SUM(A7+1) -> 3 | B8: Di | C8: 4973.8 | D8: 3709.6774 | E8: 1579.1 | F8: 6129.0323 | G8: 132.1 | H8: 1129.0322 | I8: 0 | J8: 387.09677 | K8: 0 | L8: 3548.3871 | M8: 0 | N8: 1354.8387 | O8: 1846.9 | P8: 5366.9355 | Q8: =SUM(C8+E8+G8+I8+K8+M8+O8) -> 8531.9 | R8: =SUM(D8+F8+H8+J8+L8+N8+P8) -> 21625 | S8: 0 | T8: 967.74194 | U8: =SUM(Q8+S8) -> 8531.9 | V8: =SUM(R8+T8) -> 22592.742 | W8: bewölkt | X8: 18 | Y8: °C
A9: =SUM(A8+1) -> 4 | B9: Mi | C9: 4779.5 | D9: 3709.6774 | E9: 1125.1 | F9: 6129.0323 | G9: 250.8 | H9: 1129.0322 | I9: 0 | J9: 387.09677 | K9: 0 | L9: 3548.3871 | M9: 290.1 | N9: 1354.8387 | O9: 2325.9 | P9: 5366.9355 | Q9: =SUM(C9+E9+G9+I9+K9+M9+O9) -> 8771.4 | R9: =SUM(D9+F9+H9+J9+L9+N9+P9) -> 21625 | S9: 0 | T9: 967.74194 | U9: =SUM(Q9+S9) -> 8771.4 | V9: =SUM(R9+T9) -> 22592.742 | Y9: °C
A10: =SUM(A9+1) -> 5 | B10: Do | C10: 4150.9 | D10: 3709.6774 | E10: 0 | F10: 6129.0323 | G10: 0 | H10: 1129.0322 | I10: 0 | J10: 387.09677 | K10: 1560.5 | L10: 3548.3871 | M10: 152.5 | N10: 1354.8387 | O10: 3327.6 | P10: 5366.9355 | Q10: =SUM(C10+E10+G10+I10+K10+M10+O10) -> 9191.5 | R10: =SUM(D10+F10+H10+J10+L10+N10+P10) -> 21625 | S10: 0 | T10: 967.74194 | U10: =SUM(Q10+S10) -> 9191.5 | V10: =SUM(R10+T10) -> 22592.742 | Y10: °C
A11: =SUM(A10+1) -> 6 | B11: Fr | C11: 6448.6 | D11: 3709.6774 | E11: 187.4 | F11: 6129.0323 | G11: 64 | H11: 1129.0322 | I11: 0 | J11: 387.09677 | K11: 20779.5 | L11: 3548.3871 | M11: 2319.9 | N11: 1354.8387 | O11: 5834.2 | P11: 5366.9355 | Q11: =SUM(C11+E11+G11+I11+K11+M11+O11) -> 35633.6 | R11: =SUM(D11+F11+H11+J11+L11+N11+P11) -> 21625 | S11: 0 | T11: 967.74194 | U11: =SUM(Q11+S11) -> 35633.6 | V11: =SUM(R11+T11) -> 22592.742 | Y11: °C | Z11: Inbetriebnahme Erweiterungsbau
A12: =SUM(A11+1) -> 7 | B12: Sa | C12: 11008.5 | D12: 3709.6774 | E12: 325.7 | F12: 6129.0323 | G12: 534.1 | H12: 1129.0322 | I12: 2876 | J12: 387.09677 | K12: 6598.7 | L12: 3548.3871 | M12: 0 | N12: 1354.8387 | O12: 3884.8 | P12: 5366.9355 | Q12: =SUM(C12+E12+G12+I12+K12+M12+O12) -> 25227.8 | R12: =SUM(D12+F12+H12+J12+L12+N12+P12) -> 21625 | S12: 0 | T12: 967.74194 | U12: =SUM(Q12+S12) -> 25227.8 | V12: =SUM(R12+T12) -> 22592.742 | Y12: °C
A13: =SUM(A12+1) -> 8 | B13: So | C13: 18314.8 | D13: 3709.6774 | E13: 1889.7 | F13: 6129.0323 | G13: 283.6 | H13: 1129.0322 | I13: 0 | J13: 387.09677 | K13: 5559.7 | L13: 3548.3871 | M13: 0 | N13: 1354.8387 | O13: 1165.8 | P13: 5366.9355 | Q13: =SUM(C13+E13+G13+I13+K13+M13+O13) -> 27213.6 | R13: =SUM(D13+F13+H13+J13+L13+N13+P13) -> 21625 | S13: 1110.6 | T13: 967.74194 | U13: =SUM(Q13+S13) -> 28324.2 | V13: =SUM(R13+T13) -> 22592.742 | Y13: °C | Z13: Muttertag
A14: KW | B14: =SUM(B6+1) -> 19 | C14: =SUM(C7:C13) -> 51502.8 | D14: =SUM(D7:D13) -> 25967.742 | E14: =SUM(E7:E13) -> 7859.5 | F14: =SUM(F7:F13) -> 42903.226 | G14: =SUM(G7:G13) -> 1530.2 | H14: =SUM(H7:H13) -> 7903.2258 | I14: =SUM(I7:I13) -> 2876 | J14: =SUM(J7:J13) -> 2709.6774 | ... V14: =SUM(V7:V13) -> 158149.19 | W14: Ø Temp | X14: =SUM(X7:X13)/7 -> 5.1428571 | Y14: °C
A15: =SUM(A13+1) -> 9 | B15: Mo | C15: 2654.5 | D15: 3709.6774 | E15: 5141.6 | F15: 6129.0323 | G15: 568.4 | H15: 1129.0322 | I15: 0 | J15: 387.09677 | K15: 0 | L15: 3548.3871 | M15: 0 | N15: 1354.8387 | O15: 4006.8 | P15: 5366.9355 | Q15: =SUM(C15+E15+G15+I15+K15+M15+O15) -> 12371.3 | R15: =SUM(D15+F15+H15+J15+L15+N15+P15) -> 21625 | S15: 474.5 | T15: 967.74194 | U15: =SUM(Q15+S15) -> 12845.8 | V15: =SUM(R15+T15) -> 22592.742 | Y15: °C
A16: =SUM(A15+1) -> 10 | B16: Di | C16: 2660 | D16: 3709.6774 | E16: 6834.9 | F16: 6129.0323 | G16: 591.5 | H16: 1129.0322 | I16: 0 | J16: 387.09677 | K16: 0 | L16: 3548.3871 | M16: 6252.6 | N16: 1354.8387 | O16: 3392 | P16: 5366.9355 | Q16: =SUM(C16+E16+G16+I16+K16+M16+O16) -> 19731 | R16: =SUM(D16+F16+H16+J16+L16+N16+P16) -> 21625 | S16: 1081 | T16: 967.74194 | U16: =SUM(Q16+S16) -> 20812 | V16: =SUM(R16+T16) -> 22592.742 | Y16: °C
A17: =SUM(A16+1) -> 11 | B17: Mi | C17: 679.5 | D17: 3709.6774 | E17: 10241 | F17: 6129.0323 | G17: 698.9 | H17: 1129.0322 | I17: 0 | J17: 387.09677 | K17: 7181.4 | L17: 3548.3871 | M17: 2267.1 | N17: 1354.8387 | O17: 3802.5 | P17: 5366.9355 | Q17: =SUM(C17+E17+G17+I17+K17+M17+O17) -> 24870.4 | R17: =SUM(D17+F17+H17+J17+L17+N17+P17) -> 21625 | S17: 2963.5 | T17: 967.74194 | U17: =SUM(Q17+S17) -> 27833.9 | V17: =SUM(R17+T17) -> 22592.742 | Y17: °C
A18: =SUM(A17+1) -> 12 | B18: Do | C18: 2936.1 | D18: 3709.6774 | E18: 5912.2 | F18: 6129.0323 | G18: 326.7 | H18: 1129.0322 | I18: 0 | J18: 387.09677 | K18: 0 | L18: 3548.3871 | M18: 2429.8 | N18: 1354.8387 | O18: 2881 | P18: 5366.9355 | Q18: =SUM(C18+E18+G18+I18+K18+M18+O18) -> 14485.8 | R18: =SUM(D18+F18+H18+J18+L18+N18+P18) -> 21625 | S18: 699.6 | T18: 967.74194 | U18: =SUM(Q18+S18) -> 15185.4 | V18: =SUM(R18+T18) -> 22592.742 | Y18: °C
A19: =SUM(A18+1) -> 13 | B19: Fr | C19: 7230.7 | D19: 3709.6774 | E19: 4108 | F19: 6129.0323 | G19: 322.5 | H19: 1129.0322 | I19: 1132 | J19: 387.09677 | K19: 12807.2 | L19: 3548.3871 | M19: 0 | N19: 1354.8387 | O19: 3821.1 | P19: 5366.9355 | Q19: =SUM(C19+E19+G19+I19+K19+M19+O19) -> 29421.5 | R19: =SUM(D19+F19+H19+J19+L19+N19+P19) -> 21625 | S19: 0 | T19: 967.74194 | U19: =SUM(Q19+S19) -> 29421.5 | V19: =SUM(R19+T19) -> 22592.742 | Y19: °C
A20: =SUM(A19+1) -> 14 | B20: Sa | C20: 2194.8 | D20: 3709.6774 | E20: 13805.2 | F20: 6129.0323 | G20: 1050.8 | H20: 1129.0322 | I20: 0 | J20: 387.09677 | K20: 14739.8 | L20: 3548.3871 | N20: 1354.8387 | O20: 6897.2 | P20: 5366.9355 | Q20: =SUM(C20+E20+G20+I20+K20+M20+O20) -> 38687.8 | R20: =SUM(D20+F20+H20+J20+L20+N20+P20) -> 21625 | S20: 2050.8 | T20: 967.74194 | U20: =SUM(Q20+S20) -> 40738.6 | V20: =SUM(R20+T20) -> 22592.742 | Y20: °C
A21: =SUM(A20+1) -> 15 | B21: So | C21: 2354.6 | D21: 3709.6774 | E21: 18726.6 | F21: 6129.0323 | G21: 954.3 | H21: 1129.0322 | I21: 0 | J21: 387.09677 | K21: 8823.3 | L21: 3548.3871 | M21: 5558 | N21: 1354.8387 | O21: 1907.2 | P21: 5366.9355 | Q21: =SUM(C21+E21+G21+I21+K21+M21+O21) -> 38324 | R21: =SUM(D21+F21+H21+J21+L21+N21+P21) -> 21625 | S21: 4147 | T21: 967.74194 | U21: =SUM(Q21+S21) -> 42471 | V21: =SUM(R21+T21) -> 22592.742 | Y21: °C
A22: KW | B22: =SUM(B14+1) -> 20 | C22: =SUM(C15:C21) -> 20710.2 | D22: =SUM(D15:D21) -> 25967.742 | E22: =SUM(E15:E21) -> 64769.5 | F22: =SUM(F15:F21) -> 42903.226 | G22: =SUM(G15:G21) -> 4513.1 | H22: =SUM(H15:H21) -> 7903.2258 | I22: =SUM(I15:I21) -> 1132 | J22: =SUM(J15:J21) -> 2709.6774 | ... V22: =SUM(V15:V21) -> 158149.19 | W22: Ø Temp | X22: =SUM(X15:X21)/7 -> 0 | Y22: °C
A23: =SUM(A21+1) -> 16 | B23: Mo | C23: 1504.4 | D23: 3709.6774 | E23: 8292 | F23: 6129.0323 | G23: 146.2 | H23: 1129.0322 | I23: 0 | J23: 387.09677 | K23: 0 | L23: 3548.3871 | M23: 0 | N23: 1354.8387 | O23: 1672.4 | P23: 5366.9355 | Q23: =SUM(C23+E23+G23+I23+K23+M23+O23) -> 11615 | R23: =SUM(D23+F23+H23+J23+L23+N23+P23) -> 21625 | S23: 323.8 | T23: 967.74194 | U23: =SUM(Q23+S23) -> 11938.8 | V23: =SUM(R23+T23) -> 22592.742 | Y23: °C
A24: =SUM(A23+1) -> 17 | B24: Di | C24: 743 | D24: 3709.6774 | E24: 11543.1 | F24: 6129.0323 | G24: 399.8 | H24: 1129.0322 | I24: 0 | J24: 387.09677 | K24: 973.4 | L24: 3548.3871 | M24: 293.1 | N24: 1354.8387 | O24: 2442.4 | P24: 5366.9355 | Q24: =SUM(C24+E24+G24+I24+K24+M24+O24) -> 16394.8 | R24: =SUM(D24+F24+H24+J24+L24+N24+P24) -> 21625 | S24: 921 | T24: 967.74194 | U24: =SUM(Q24+S24) -> 17315.8 | V24: =SUM(R24+T24) -> 22592.742 | Y24: °C
A25: =SUM(A24+1) -> 18 | B25: Mi | C25: 4298.3 | D25: 3709.6774 | E25: 13084.8 | F25: 6129.0323 | G25: 751.2 | H25: 1129.0322 | I25: 0 | J25: 387.09677 | K25: 3436.6 | L25: 3548.3871 | M25: 0 | N25: 1354.8387 | O25: 2484 | P25: 5366.9355 | Q25: =SUM(C25+E25+G25+I25+K25+M25+O25) -> 24054.9 | R25: =SUM(D25+F25+H25+J25+L25+N25+P25) -> 21625 | S25: 3622.3 | T25: 967.74194 | U25: =SUM(Q25+S25) -> 27677.2 | V25: =SUM(R25+T25) -> 22592.742 | Y25: °C
A26: =SUM(A25+1) -> 19 | B26: Do | C26: 4847.9 | D26: 3709.6774 | E26: 8521.3 | F26: 6129.0323 | G26: 921.5 | H26: 1129.0322 | I26: 0 | J26: 387.09677 | K26: 2407 | L26: 3548.3871 | M26: 61 | N26: 1354.8387 | O26: 5648.6 | P26: 5366.9355 | Q26: =SUM(C26+E26+G26+I26+K26+M26+O26) -> 22407.3 | R26: =SUM(D26+F26+H26+J26+L26+N26+P26) -> 21625 | S26: 1142.8 | T26: 967.74194 | U26: =SUM(Q26+S26) -> 23550.1 | V26: =SUM(R26+T26) -> 22592.742 | Y26: °C
A27: =SUM(A26+1) -> 20 | B27: Fr | C27: 2158.6 | D27: 3709.6774 | E27: 12950.5 | F27: 6129.0323 | G27: 1045.8 | H27: 1129.0322 | I27: 0 | J27: 387.09677 | K27: 9156 | L27: 3548.3871 | M27: 597.1 | N27: 1354.8387 | O27: 5189.7 | P27: 5366.9355 | Q27: =SUM(C27+E27+G27+I27+K27+M27+O27) -> 31097.7 | R27: =SUM(D27+F27+H27+J27+L27+N27+P27) -> 21625 | S27: 4016 | T27: 967.74194 | U27: =SUM(Q27+S27) -> 35113.7 | V27: =SUM(R27+T27) -> 22592.742 | Y27: °C
A28: =SUM(A27+1) -> 21 | B28: Sa | C28: 4994.2 | D28: 3709.6774 | E28: 12911.5 | F28: 6129.0323 | G28: 1236 | H28: 1129.0322 | I28: 3912 | J28: 387.09677 | K28: 10708.8 | L28: 3548.3871 | M28: 0 | N28: 1354.8387 | O28: 6478.1 | P28: 5366.9355 | Q28: =SUM(C28+E28+G28+I28+K28+M28+O28) -> 40240.6 | R28: =SUM(D28+F28+H28+J28+L28+N28+P28) -> 21625 | S28: 1401 | T28: 967.74194 | U28: =SUM(Q28+S28) -> 41641.6 | V28: =SUM(R28+T28) -> 22592.742 | Y28: °C
A29: =SUM(A28+1) -> 22 | B29: So | C29: 2119.7 | D29: 3709.6774 | E29: 14745.2 | F29: 6129.0323 | G29: 973.7 | H29: 1129.0322 | I29: 0 | J29: 387.09677 | K29: 11445.5 | L29: 3548.3871 | M29: 1332 | N29: 1354.8387 | O29: 2591.2 | P29: 5366.9355 | Q29: =SUM(C29+E29+G29+I29+K29+M29+O29) -> 33207.3 | R29: =SUM(D29+F29+H29+J29+L29+N29+P29) -> 21625 | S29: 1840.1 | T29: 967.74194 | U29: =SUM(Q29+S29) -> 35047.4 | V29: =SUM(R29+T29) -> 22592.742 | Y29: °C
A30: KW | B30: =SUM(B22+1) -> 21 | C30: =SUM(C23:C29) -> 20666.1 | D30: =SUM(D23:D29) -> 25967.742 | E30: =SUM(E23:E29) -> 82048.4 | F30: =SUM(F23:F29) -> 42903.226 | G30: =SUM(G23:G29) -> 5474.2 | H30: =SUM(H23:H29) -> 7903.2258 | I30: =SUM(I23:I29) -> 3912 | J30: =SUM(J23:J29) -> 2709.6774 | ... V30: =SUM(V23:V29) -> 158149.19 | W30: Ø Temp | X30: =SUM(X23:X29)/7 -> 0 | Y30: °C
A31: =SUM(A29+1) -> 23 | B31: Mo | C31: 5140.2 | D31: 3709.6774 | E31: 3583.2 | F31: 6129.0323 | G31: 255.8 | H31: 1129.0322 | I31: 0 | J31: 387.09677 | K31: 1284.6 | L31: 3548.3871 | M31: 422.7 | N31: 1354.8387 | O31: 5230.1 | P31: 5366.9355 | Q31: =SUM(C31+E31+G31+I31+K31+M31+O31) -> 15916.6 | R31: =SUM(D31+F31+H31+J31+L31+N31+P31) -> 21625 | S31: 183.8 | T31: 967.74194 | U31: =SUM(Q31+S31) -> 16100.4 | V31: =SUM(R31+T31) -> 22592.742 | Y31: °C
A32: =SUM(A31+1) -> 24 | B32: Di | C32: 5489.6 | D32: 3709.6774 | E32: 0 | F32: 6129.0323 | G32: 139.2 | H32: 1129.0322 | I32: 0 | J32: 387.09677 | K32: 0 | L32: 3548.3871 | N32: 1354.8387 | P32: 5366.9355 | Q32: =SUM(C32+E32+G32+I32+K32+M32+O32) -> 5628.8 | R32: =SUM(D32+F32+H32+J32+L32+N32+P32) -> 21625 | S32: 0 | T32: 967.74194 | U32: =SUM(Q32+S32) -> 5628.8 | V32: =SUM(R32+T32) -> 22592.742 | Y32: °C
A33: =SUM(A32+1) -> 25 | B33: Mi | C33: 3191 | D33: 3709.6774 | E33: 5992.6 | F33: 6129.0323 | G33: 284.2 | H33: 1129.0322 | I33: 0 | J33: 387.09677 | K33: 0 | L33: 3548.3871 | N33: 1354.8387 | P33: 5366.9355 | Q33: =SUM(C33+E33+G33+I33+K33+M33+O33) -> 9467.8 | R33: =SUM(D33+F33+H33+J33+L33+N33+P33) -> 21625 | S33: 0 | T33: 967.74194 | U33: =SUM(Q33+S33) -> 9467.8 | V33: =SUM(R33+T33) -> 22592.742 | Y33: °C | Z33: Eröffnung
A34: =SUM(A33+1) -> 26 | B34: Do | C34: 1876.4 | D34: 3709.6774 | E34: 19529.5 | F34: 6129.0323 | G34: 1524.7 | H34: 1129.0322 | I34: 0 | J34: 387.09677 | K34: 0 | L34: 3548.3871 | N34: 1354.8387 | P34: 5366.9355 | Q34: =SUM(C34+E34+G34+I34+K34+M34+O34) -> 22930.6 | R34: =SUM(D34+F34+H34+J34+L34+N34+P34) -> 21625 | S34: 2002.2 | T34: 967.74194 | U34: =SUM(Q34+S34) -> 24932.8 | V34: =SUM(R34+T34) -> 22592.742 | Y34: °C | Z34: Auffahrt
A35: =SUM(A34+1) -> 27 | B35: Fr | C35: 3542.4 | D35: 3709.6774 | E35: 13957.7 | F35: 6129.0323 | G35: 775.6 | H35: 1129.0322 | I35: 2888 | J35: 387.09677 | K35: 18587.8 | L35: 3548.3871 | N35: 1354.8387 | P35: 5366.9355 | Q35: =SUM(C35+E35+G35+I35+K35+M35+O35) -> 39751.5 | R35: =SUM(D35+F35+H35+J35+L35+N35+P35) -> 21625 | S35: 2148.9 | T35: 967.74194 | U35: =SUM(Q35+S35) -> 41900.4 | V35: =SUM(R35+T35) -> 22592.742 | Y35: °C
A36: =SUM(A35+1) -> 28 | B36: Sa | C36: 7014.5 | D36: 3709.6774 | E36: 6178.2 | F36: 6129.0323 | G36: 1144.3 | H36: 1129.0322 | I36: 4848 | J36: 387.09677 | K36: 19627.4 | L36: 3548.3871 | N36: 1354.8387 | P36: 5366.9355 | Q36: =SUM(C36+E36+G36+I36+K36+M36+O36) -> 38812.4 | R36: =SUM(D36+F36+H36+J36+L36+N36+P36) -> 21625 | S36: 119.9 | T36: 967.74194 | U36: =SUM(Q36+S36) -> 38932.3 | V36: =SUM(R36+T36) -> 22592.742 | Y36: °C
A37: =SUM(A36+1) -> 29 | B37: So | C37: 9651.7 | D37: 3709.6774 | E37: 2812.1 | F37: 6129.0323 | G37: 639.1 | H37: 1129.0322 | I37: 289.5 | J37: 387.09677 | K37: 12726 | L37: 3548.3871 | N37: 1354.8387 | P37: 5366.9355 | Q37: =SUM(C37+E37+G37+I37+K37+M37+O37) -> 26118.4 | R37: =SUM(D37+F37+H37+J37+L37+N37+P37) -> 21625 | S37: 0 | T37: 967.74194 | U37: =SUM(Q37+S37) -> 26118.4 | V37: =SUM(R37+T37) -> 22592.742 | Y37: °C
A38: KW | B38: =SUM(B30+1) -> 22 | C38: =SUM(C31:C37) -> 35905.8 | D38: =SUM(D31:D37) -> 25967.742 | E38: =SUM(E31:E37) -> 52053.3 | F38: =SUM(F31:F37) -> 42903.226 | G38: =SUM(G31:G37) -> 4762.9 | H38: =SUM(H31:H37) -> 7903.2258 | I38: =SUM(I31:I37) -> 8025.5 | J38: =SUM(J31:J37) -> 2709.6774 | ... V38: =SUM(V31:V37) -> 158149.19 | W38: Ø Temp | X38: =SUM(X31:X37)/7 -> 0 | Y38: °C
A39: =A37+1 -> 30 | B39: Mo | C39: 2572.3 | D39: 3709.6774 | E39: 8110.2 | F39: 6129.0323 | G39: 360.7 | H39: 1129.0322 | I39: 0 | J39: 387.09677 | K39: 0 | L39: 3548.3871 | N39: 1354.8387 | P39: 5366.9355 | Q39: =SUM(C39+E39+G39+I39+K39+M39+O39) -> 11043.2 | R39: =SUM(D39+F39+H39+J39+L39+N39+P39) -> 21625 | S39: 334.4 | T39: 967.74194 | U39: =Q39+S39 -> 11377.6 | V39: =SUM(R39+T39) -> 22592.742 | Y39: °C
A40: =A39+1 -> 31 | B40: DI | C40: 8733.8 | D40: 3709.6774 | E40: 991.9 | F40: 6129.0323 | G40: 132.1 | H40: 1129.0322 | I40: 0 | J40: 387.09677 | K40: 219.3 | L40: 3548.3871 | N40: 1354.8387 | P40: 5366.9355 | Q40: =SUM(C40+E40+G40+I40+K40+M40+O40) -> 10077.1 | R40: =SUM(D40+F40+H40+J40+L40+N40+P40) -> 21625 | S40: 0 | T40: 967.74194 | U40: =Q40+S40 -> 10077.1 | V40: =SUM(R40+T40) -> 22592.742 | Y40: °C
A41: Umsatz kumuliert | C41: =SUM(C6+C14+C22+C30+C38+C39+C40) -> 147799.4 | D41: =SUM(D6+D14+D22+D30+D38+D39+D40) -> 115000 | E41: =SUM(E6+E14+E22+E30+E38+E39+E40) -> 220452.3 | F41: =SUM(F6+F14+F22+F30+F38+F39+F40) -> 190000 | G41: =SUM(G6+G14+G22+G30+G38+G39+G40) -> 17595.2 | H41: =SUM(H6+H14+H22+H30+H38+H39+H40) -> 35000 | I41: =SUM(I6+I14+I22+I30+I38+I39+I40) -> 15945.5 | J41: =SUM(J6+J14+J22+J30+J38+J39+J40) -> 12000 | ... V41: =SUM(V6+V14+V22+V30+V38+V39+V40) -> 700375 | W41: Umsatz kumuliert
A42: Umsatz pro Tag | C42: =C41/31 -> 4767.7226 | D42: =D41/31 -> 3709.6774 | E42: =E41/31 -> 7111.3645 | F42: =F41/31 -> 6129.0323 | G42: =G41/31 -> 567.5871 | H42: =H41/31 -> 1129.0322 | I42: =I41/31 -> 514.37097 | J42: =J41/31 -> 387.09677 | ... V42: =V41/31 -> 22592.742 | W42: Budget pro Tag
A43: Diff. zu Budget | C43: =SUM(C41-D41) -> 32799.4 | E43: =SUM(E41-F41) -> 30452.3 | G43: =SUM(G41-H41) -> -17404.8 | I43: =SUM(I41-J41) -> 3945.5001 | K43: =SUM(K41-L41) -> 58622.5 | M43: =SUM(M41-N41) -> -20024.1 | O43: =SUM(O41-P41) -> -85318.6 | Q43: =SUM(Q41-R41) -> 3072.2008 | S43: =SUM(S41-T41) -> 583.20002 | U43: =SUM(U41-V41) -> 3655.4009
A44: Index | C44: =SUM(100/D41*C41) -> 128.52122 | E44: =SUM(100/F41*E41) -> 116.02753 | G44: =SUM(100/H41*G41) -> 50.272 | I44: =SUM(100/J41*I41) -> 132.87917 | K44: =SUM(100/L41*K41) -> 153.29318 | M44: =SUM(100/N41*M41) -> 52.323571 | O44: =SUM(100/P41*O41) -> 48.719098 | Q44: =SUM(100/R41*Q41) -> 100.45828 | S44: =SUM(100/T41*S41) -> 101.944 | U44: =SUM(100/V41*U41) -> 100.52192

Sheet 06_22
A1: Tagesumsätze | H1: 44713
C3: Restaurant | E3: Terrasse | G3: Lounge | I3: Pavillon | K3: Bankett | M3: Seminar | Q3: Hotel | S3: TOTAL Gesamtbetrieb ohne Seebad | U3: Seebad | W3: TOTAL Gesamtbetrieb mit Seebad | Y3: Info's
C4: IST | D4: Budget | E4: IST | F4: Budget | G4: IST | H4: Budget | I4: IST | J4: Budget | K4: IST | L4: Budget | M4: IST/GN | N4: IST/ET | O4: TOTAL IST | P4: Budget | Q4: IST | R4: Budget | S4: IST | T4: Budget | U4: IST | V4: Budget | W4: IST | X4: Budget | Y4: Wetter | Z4: Temp. | AB4: Bemerkung
A5: 1 | B5: Mi | C5: 7185.6 | D5: 3333.3333 | E5: 2036.5 | F5: 10000 | G5: 106.2 | H5: 1666.6667 | I5: 0 | J5: 1000 | K5: 0 | L5: 3000 | M5: 2428.9 | N5: 5319 | O5: =M5+N5 -> 7747.9 | P5: 1200 | Q5: 5329.5 | R5: 7440.8333 | S5: =SUM(C5+E5+G5+I5+K5+O5+Q5) -> 22405.7 | T5: =SUM(D5+F5+H5+J5+L5+P5+R5) -> 27640.833 | U5: 0 | V5: 2000 | W5: =SUM(S5+U5) -> 22405.7 | X5: =SUM(T5+V5) -> 29640.833 | Z5: 18 | AA5: °C
A6: =SUM(A5+1) -> 2 | B6: Do | C6: 988.8 | D6: 3333.3333 | E6: 8998 | F6: 10000 | G6: 603.2 | H6: 1666.6667 | I6: 0 | J6: 1000 | K6: 0 | L6: 3000 | M6: 967.2 | N6: 6373 | O6: =M6+N6 -> 7340.2 | P6: 1200 | Q6: 5150.7 | R6: 7440.8333 | S6: =SUM(C6+E6+G6+I6+K6+O6+Q6) -> 23080.9 | T6: =SUM(D6+F6+H6+J6+L6+P6+R6) -> 27640.833 | U6: 279.7 | V6: 2000 | W6: =SUM(S6+U6) -> 23360.6 | X6: =SUM(T6+V6) -> 29640.833 | Z6: 20 | AA6: °C
A7: =SUM(A6+1) -> 3 | B7: Fr | C7: 6842.8 | D7: 3333.3333 | E7: 7216.6 | F7: 10000 | G7: 319.3 | H7: 1666.6667 | I7: 502 | J7: 1000 | K7: 14671.7 | L7: 3000 | M7: 0 | N7: 0 | O7: =M7+N7 -> 0 | P7: 1200 | Q7: 5830.3 | R7: 7440.8333 | S7: =SUM(C7+E7+G7+I7+K7+O7+Q7) -> 35382.7 | T7: =SUM(D7+F7+H7+J7+L7+P7+R7) -> 27640.833 | U7: 166.3 | V7: 2000 | W7: =SUM(S7+U7) -> 35549 | X7: =SUM(T7+V7) -> 29640.833 | Z7: 20 | AA7: °C
A8: =SUM(A7+1) -> 4 | B8: Sa | C8: 926.9 | D8: 3333.3333 | E8: 19438.3 | F8: 10000 | G8: 1409.8 | H8: 1666.6667 | I8: 0 | J8: 1000 | K8: 3328.7 | L8: 3000 | M8: 1374 | N8: 0 | O8: =M8+N8 -> 1374 | P8: 1200 | Q8: 9149 | R8: 7440.8333 | S8: =SUM(C8+E8+G8+I8+K8+O8+Q8) -> 35626.7 | T8: =SUM(D8+F8+H8+J8+L8+P8+R8) -> 27640.833 | U8: 3574.9 | V8: 2000 | W8: =SUM(S8+U8) -> 39201.6 | X8: =SUM(T8+V8) -> 29640.833 | Z8: 16 | AA8: °C
A9: =SUM(A8+1) -> 5 | B9: So | C9: 12211 | D9: 3333.3333 | E9: 1275.6 | F9: 10000 | G9: 412 | H9: 1666.6667 | I9: 0 | J9: 1000 | K9: 8498.6 | L9: 3000 | M9: 0 | N9: 0 | O9: =M9+N9 -> 0 | P9: 1200 | Q9: 6584.9 | R9: 7440.8333 | S9: =SUM(C9+E9+G9+I9+K9+O9+Q9) -> 28982.1 | T9: =SUM(D9+F9+H9+J9+L9+P9+R9) -> 27640.833 | U9: 0 | V9: 2000 | W9: =SUM(S9+U9) -> 28982.1 | X9: =SUM(T9+V9) -> 29640.833 | Z9: 18 | AA9: °C
A10: KW | B10: 23 | C10: =SUM(C5:C9) -> 28155.1 | D10: =SUM(D5:D9) -> 16666.667 | E10: =SUM(E5:E9) -> 38965 | F10: =SUM(F5:F9) -> 50000 | G10: =SUM(G5:G9) -> 2850.5 | H10: =SUM(H5:H9) -> 8333.3333 | I10: =SUM(I5:I9) -> 502 | J10: =SUM(J5:J9) -> 5000 | ... X10: =SUM(X5:X9) -> 148204.17 | Y10: Ø Temp | Z10: =SUM(Z5:Z9)/6 -> 15.333333 | AA10: °C
A11: =SUM(A9+1) -> 6 | B11: Mo | C11: 4116.5 | D11: 3333.3333 | E11: 17288.3 | F11: 10000 | G11: 1269.8 | H11: 1666.6667 | I11: 0 | J11: 1000 | K11: 683.3 | L11: 3000 | M11: 0 | N11: 0 | O11: =M11+N11 -> 0 | P11: 1200 | Q11: 1778 | R11: 7440.8333 | S11: =SUM(C11+E11+G11+I11+K11+O11+Q11) -> 25135.9 | T11: =SUM(D11+F11+H11+J11+L11+P11+R11) -> 27640.833 | U11: 1570.1 | V11: 2000 | W11: =SUM(S11+U11) -> 26706 | X11: =SUM(T11+V11) -> 29640.833 | Z11: 16 | AA11: °C
A12: =SUM(A11+1) -> 7 | B12: Di | C12: 6638.7 | D12: 3333.3333 | E12: 1632.5 | F12: 10000 | G12: 211.2 | H12: 1666.6667 | I12: 0 | J12: 1000 | K12: 0 | L12: 3000 | M12: 0 | N12: 0 | O12: =M12+N12 -> 0 | P12: 1200 | Q12: 2091.4 | R12: 7440.8333 | S12: =SUM(C12+E12+G12+I12+K12+O12+Q12) -> 10573.8 | T12: =SUM(D12+F12+H12+J12+L12+P12+R12) -> 27640.833 | U12: 0 | V12: 2000 | W12: =SUM(S12+U12) -> 10573.8 | X12: =SUM(T12+V12) -> 29640.833 | Z12: 18 | AA12: °C
A13: =SUM(A12+1) -> 8 | B13: Mi | C13: 4004.1 | D13: 3333.3333 | E13: 3077.3 | F13: 10000 | G13: 207.5 | H13: 1666.6667 | I13: 0 | J13: 1000 | K13: 1374 | L13: 3000 | M13: -1374 | N13: 3117 | O13: =M13+N13 -> 1743 | P13: 1200 | Q13: 2010.2 | R13: 7440.8333 | S13: =SUM(C13+E13+G13+I13+K13+O13+Q13) -> 12416.1 | T13: =SUM(D13+F13+H13+J13+L13+P13+R13) -> 27640.833 | U13: 0 | V13: 2000 | W13: =SUM(S13+U13) -> 12416.1 | X13: =SUM(T13+V13) -> 29640.833 | Z13: 20 | AA13: °C
A14: =SUM(A13+1) -> 9 | B14: Do | C14: 8878.7 | D14: 3333.3333 | E14: 547.1 | F14: 10000 | G14: 179.5 | H14: 1666.6667 | I14: 0 | J14: 1000 | K14: 1268.6 | L14: 3000 | M14: 1008.4 | N14: 1086 | O14: =M14+N14 -> 2094.4 | P14: 1200 | Q14: 3979.5 | R14: 7440.8333 | S14: =SUM(C14+E14+G14+I14+K14+O14+Q14) -> 16947.8 | T14: =SUM(D14+F14+H14+J14+L14+P14+R14) -> 27640.833 | U14: 0 | V14: 2000 | W14: =SUM(S14+U14) -> 16947.8 | X14: =SUM(T14+V14) -> 29640.833 | Z14: 24 | AA14: °C
A15: =SUM(A14+1) -> 10 | B15: Fr | C15: 1850.7 | D15: 3333.3333 | E15: 18241.2 | F15: 10000 | G15: 871 | H15: 1666.6667 | I15: 1185 | J15: 1000 | K15: 12452.7 | L15: 3000 | M15: 91.3 | N15: 792 | O15: =M15+N15 -> 883.3 | P15: 1200 | Q15: 6465.9 | R15: 7440.8333 | S15: =SUM(C15+E15+G15+I15+K15+O15+Q15) -> 41949.8 | T15: =SUM(D15+F15+H15+J15+L15+P15+R15) -> 27640.833 | U15: 1024.5 | V15: 2000 | W15: =SUM(S15+U15) -> 42974.3 | X15: =SUM(T15+V15) -> 29640.833 | Z15: 26 | AA15: °C
A16: =SUM(A15+1) -> 11 | B16: Sa | C16: 346.5 | D16: 3333.3333 | E16: 16168.9 | F16: 10000 | G16: 1342.2 | H16: 1666.6667 | I16: 2579 | J16: 1000 | K16: 18881 | L16: 3000 | M16: 0 | N16: 0 | O16: =M16+N16 -> 0 | P16: 1200 | Q16: 8535.5 | R16: 7440.8333 | S16: =SUM(C16+E16+G16+I16+K16+O16+Q16) -> 47853.1 | T16: =SUM(D16+F16+H16+J16+L16+P16+R16) -> 27640.833 | U16: 4627.4 | V16: 2000 | W16: =SUM(S16+U16) -> 52480.5 | X16: =SUM(T16+V16) -> 29640.833 | Z16: 26 | AA16: °C
A17: =SUM(A16+1) -> 12 | B17: So | C17: 1944.4 | D17: 3333.3333 | E17: 17482 | F17: 10000 | G17: 1153.3 | H17: 1666.6667 | I17: 5521.8 | J17: 1000 | K17: 7040.1 | L17: 3000 | M17: 0 | N17: 0 | O17: =M17+N17 -> 0 | P17: 1200 | Q17: 3815 | R17: 7440.8333 | S17: =SUM(C17+E17+G17+I17+K17+O17+Q17) -> 36956.6 | T17: =SUM(D17+F17+H17+J17+L17+P17+R17) -> 27640.833 | U17: 9861.2 | V17: 2000 | W17: =SUM(S17+U17) -> 46817.8 | X17: =SUM(T17+V17) -> 29640.833 | Z17: 26 | AA17: °C
A18: KW | B18: =SUM(B10+1) -> 24 | C18: =SUM(C11:C17) -> 27779.6 | D18: =SUM(D11:D17) -> 23333.333 | E18: =SUM(E11:E17) -> 74437.3 | F18: =SUM(F11:F17) -> 70000 | G18: =SUM(G11:G17) -> 5234.5 | H18: =SUM(H11:H17) -> 11666.667 | I18: =SUM(I11:I17) -> 9285.8 | J18: =SUM(J11:J17) -> 7000 | ... X18: =SUM(X11:X17) -> 207485.83 | Y18: Ø Temp | Z18: =SUM(Z11:Z17)/7 -> 22.285714 | AA18: °C
A19: =SUM(A17+1) -> 13 | B19: Mo | C19: 2324 | D19: 3333.3333 | E19: 10108.5 | F19: 10000 | G19: 1119.8 | H19: 1666.6667 | I19: 0 | J19: 1000 | K19: 5912.6 | L19: 3000 | M19: 873.1 | N19: 7727 | O19: =M19+N19 -> 8600.1 | P19: 1200 | Q19: 5432.1 | R19: 7440.8333 | S19: =SUM(C19+E19+G19+I19+K19+O19+Q19) -> 33497.1 | T19: =SUM(D19+F19+H19+J19+L19+P19+R19) -> 27640.833 | U19: 617.5 | V19: 2000 | W19: =SUM(S19+U19) -> 34114.6 | X19: =SUM(T19+V19) -> 29640.833 | Z19: 28 | AA19: °C
A20: =SUM(A19+1) -> 14 | B20: Di | C20: 1545.3 | D20: 3333.3333 | E20: 12420.9 | F20: 10000 | G20: 1214.6 | H20: 1666.6667 | I20: 0 | J20: 1000 | K20: 4948 | L20: 3000 | M20: 169.6 | N20: 835 | O20: =M20+N20 -> 1004.6 | P20: 1200 | Q20: 7428 | R20: 7440.8333 | S20: =SUM(C20+E20+G20+I20+K20+O20+Q20) -> 28561.4 | T20: =SUM(D20+F20+H20+J20+L20+P20+R20) -> 27640.833 | U20: 2730 | V20: 2000 | W20: =SUM(S20+U20) -> 31291.4 | X20: =SUM(T20+V20) -> 29640.833 | Z20: 28 | AA20: °C
A21: =SUM(A20+1) -> 15 | B21: Mi | C21: 976.7 | D21: 3333.3333 | E21: 15096.3 | F21: 10000 | G21: 801.7 | H21: 1666.6667 | I21: 0 | J21: 1000 | K21: 1256.9 | L21: 3000 | M21: 2521 | N21: 5392 | O21: =M21+N21 -> 7913 | P21: 1200 | Q21: 7280.3 | R21: 7440.8333 | S21: =SUM(C21+E21+G21+I21+K21+O21+Q21) -> 33324.9 | T21: =SUM(D21+F21+H21+J21+L21+P21+R21) -> 27640.833 | U21: 3033.8 | V21: 2000 | W21: =SUM(S21+U21) -> 36358.7 | X21: =SUM(T21+V21) -> 29640.833 | Z21: 31 | AA21: °C
A22: =SUM(A21+1) -> 16 | B22: Do | C22: 368.1 | D22: 3333.3333 | E22: 17247.5 | F22: 10000 | G22: 967.5 | H22: 1666.6667 | I22: 0 | J22: 1000 | K22: 3092.8 | L22: 3000 | M22: 654.3 | N22: 3891 | O22: =M22+N22 -> 4545.3 | P22: 1200 | Q22: 5832.3 | R22: 7440.8333 | S22: =SUM(C22+E22+G22+I22+K22+O22+Q22) -> 32053.5 | T22: =SUM(D22+F22+H22+J22+L22+P22+R22) -> 27640.833 | U22: 6105.1 | V22: 2000 | W22: =SUM(S22+U22) -> 38158.6 | X22: =SUM(T22+V22) -> 29640.833 | Z22: 30 | AA22: °C
A23: =SUM(A22+1) -> 17 | B23: Fr | C23: 1058.5 | D23: 3333.3333 | E23: 16158.2 | F23: 10000 | G23: 766.4 | H23: 1666.6667 | I23: 0 | J23: 1000 | K23: 3593.6 | L23: 3000 | M23: 377 | N23: 2982 | O23: =M23+N23 -> 3359 | P23: 1200 | Q23: 7390.9 | R23: 7440.8333 | S23: =SUM(C23+E23+G23+I23+K23+O23+Q23) -> 32326.6 | T23: =SUM(D23+F23+H23+J23+L23+P23+R23) -> 27640.833 | U23: 5050.6 | V23: 2000 | W23: =SUM(S23+U23) -> 37377.2 | X23: =SUM(T23+V23) -> 29640.833 | Z23: 30 | AA23: °C
A24: =SUM(A23+1) -> 18 | B24: Sa | C24: 1290 | D24: 3333.3333 | E24: 19339.3 | F24: 10000 | G24: 1136.2 | H24: 1666.6667 | I24: 2996 | J24: 1000 | K24: 16773.5 | L24: 3000 | M24: 0 | N24: 0 | O24: =M24+N24 -> 0 | P24: 1200 | Q24: 9747.4 | R24: 7440.8333 | S24: =SUM(C24+E24+G24+I24+K24+O24+Q24) -> 51282.4 | T24: =SUM(D24+F24+H24+J24+L24+P24+R24) -> 27640.833 | U24: 9366.4 | V24: 2000 | W24: =SUM(S24+U24) -> 60648.8 | X24: =SUM(T24+V24) -> 29640.833 | Z24: 28 | AA24: °C
A25: =SUM(A24+1) -> 19 | B25: So | C25: 145.9 | D25: 3333.3333 | E25: 16648.9 | F25: 10000 | G25: 888.8 | H25: 1666.6667 | I25: 0 | J25: 1000 | K25: 3622.4 | L25: 3000 | M25: 0 | N25: 0 | O25: =M25+N25 -> 0 | P25: 1200 | Q25: 3619.9 | R25: 7440.8333 | S25: =SUM(C25+E25+G25+I25+K25+O25+Q25) -> 24925.9 | T25: =SUM(D25+F25+H25+J25+L25+P25+R25) -> 27640.833 | U25: 13744.3 | V25: 2000 | W25: =SUM(S25+U25) -> 38670.2 | X25: =SUM(T25+V25) -> 29640.833 | Z25: 30 | AA25: °C
A26: KW | B26: =SUM(B18+1) -> 25 | C26: =SUM(C19:C25) -> 7708.5 | D26: =SUM(D19:D25) -> 23333.333 | E26: =SUM(E19:E25) -> 107019.6 | F26: =SUM(F19:F25) -> 70000 | G26: =SUM(G19:G25) -> 6895 | H26: =SUM(H19:H25) -> 11666.667 | I26: =SUM(I19:I25) -> 2996 | J26: =SUM(J19:J25) -> 7000 | ... X26: =SUM(X19:X25) -> 207485.83 | Y26: Ø Temp | Z26: =SUM(Z19:Z25)/7 -> 29.285714 | AA26: °C
A27: =SUM(A25+1) -> 20 | B27: Mo | C27: 713.2 | D27: 3333.3333 | E27: 11756.1 | F27: 10000 | G27: 634.5 | H27: 1666.6667 | I27: 0 | J27: 1000 | K27: 0 | L27: 3000 | M27: 1248.1 | N27: 6584 | O27: =M27+N27 -> 7832.1 | P27: 1200 | Q27: 4055.3 | R27: 7440.8333 | S27: =SUM(C27+E27+G27+I27+K27+O27+Q27) -> 24991.2 | T27: =SUM(D27+F27+H27+J27+L27+P27+R27) -> 27640.833 | U27: 4070.4 | V27: 2000 | W27: =SUM(S27+U27) -> 29061.6 | X27: =SUM(T27+V27) -> 29640.833 | Z27: 24 | AA27: °C
A28: =SUM(A27+1) -> 21 | B28: Di | C28: 5781.1 | D28: 3333.3333 | E28: 10510.2 | F28: 10000 | G28: 437.4 | H28: 1666.6667 | I28: 0 | J28: 1000 | K28: 0 | L28: 3000 | M28: 60.5 | N28: 1056 | O28: =M28+N28 -> 1116.5 | P28: 1200 | Q28: 4183.8 | R28: 7440.8333 | S28: =SUM(C28+E28+G28+I28+K28+O28+Q28) -> 22029 | T28: =SUM(D28+F28+H28+J28+L28+P28+R28) -> 27640.833 | U28: 2319.9 | V28: 2000 | W28: =SUM(S28+U28) -> 24348.9 | X28: =SUM(T28+V28) -> 29640.833 | Z28: 20 | AA28: °C
A29: =SUM(A28+1) -> 22 | B29: Mi | C29: 6422.9 | D29: 3333.3333 | E29: 2512.4 | F29: 10000 | G29: 342.7 | H29: 1666.6667 | I29: 0 | J29: 1000 | K29: 0 | L29: 3000 | M29: 2117.8 | N29: 7023 | O29: =M29+N29 -> 9140.8 | P29: 1200 | Q29: 5464.7 | R29: 7440.8333 | S29: =SUM(C29+E29+G29+I29+K29+O29+Q29) -> 23883.5 | T29: =SUM(D29+F29+H29+J29+L29+P29+R29) -> 27640.833 | U29: 0 | V29: 2000 | W29: =SUM(S29+U29) -> 23883.5 | X29: =SUM(T29+V29) -> 29640.833 | Z29: 20 | AA29: °C
A30: =SUM(A29+1) -> 23 | B30: Do | C30: 7935.4 | D30: 3333.3333 | E30: 4961.3 | F30: 10000 | G30: 568.4 | H30: 1666.6667 | I30: 0 | J30: 1000 | K30: 0 | L30: 3000 | M30: 526.7 | N30: 1731 | O30: =M30+N30 -> 2257.7 | P30: 1200 | Q30: 4547 | R30: 7440.8333 | S30: =SUM(C30+E30+G30+I30+K30+O30+Q30) -> 20269.8 | T30: =SUM(D30+F30+H30+J30+L30+P30+R30) -> 27640.833 | U30: 1539.9 | V30: 2000 | W30: =SUM(S30+U30) -> 21809.7 | X30: =SUM(T30+V30) -> 29640.833 | Z30: 18 | AA30: °C
A31: =SUM(A30+1) -> 24 | B31: Fr | C31: 12797.5 | D31: 3333.3333 | E31: 1067.1 | F31: 10000 | G31: 118.4 | H31: 1666.6667 | I31: 2856 | J31: 1000 | K31: 17013.6 | L31: 3000 | M31: 22 | N31: 0 | O31: =M31+N31 -> 22 | P31: 1200 | Q31: 6931.8 | R31: 7440.8333 | S31: =SUM(C31+E31+G31+I31+K31+O31+Q31) -> 40806.4 | T31: =SUM(D31+F31+H31+J31+L31+P31+R31) -> 27640.833 | U31: 0 | V31: 2000 | W31: =SUM(S31+U31) -> 40806.4 | X31: =SUM(T31+V31) -> 29640.833 | Z31: 20 | AA31: °C
A32: =SUM(A31+1) -> 25 | B32: Sa | C32: 3716.6 | D32: 3333.3333 | E32: 16759.3 | F32: 10000 | G32: 1660 | H32: 1666.6667 | I32: 3224 | J32: 1000 | K32: 14853.7 | L32: 3000 | M32: 0 | N32: 0 | O32: =M32+N32 -> 0 | P32: 1200 | Q32: 8125.9 | R32: 7440.8333 | S32: =SUM(C32+E32+G32+I32+K32+O32+Q32) -> 48339.5 | T32: =SUM(D32+F32+H32+J32+L32+P32+R32) -> 27640.833 | U32: 2802 | V32: 2000 | W32: =SUM(S32+U32) -> 51141.5 | X32: =SUM(T32+V32) -> 29640.833 | Z32: 24 | AA32: °C
A33: =SUM(A32+1) -> 26 | B33: So | C33: 485.5 | D33: 3333.3333 | E33: 19156.2 | F33: 10000 | G33: 1187.9 | H33: 1666.6667 | I33: 0 | J33: 1000 | K33: 2687.3 | L33: 3000 | M33: 0 | N33: 0 | O33: =M33+N33 -> 0 | P33: 1200 | Q33: 3382.1 | R33: 7440.8333 | S33: =SUM(C33+E33+G33+I33+K33+O33+Q33) -> 26899 | T33: =SUM(D33+F33+H33+J33+L33+P33+R33) -> 27640.833 | U33: 5023.9 | V33: 2000 | W33: =SUM(S33+U33) -> 31922.9 | X33: =SUM(T33+V33) -> 29640.833 | Z33: 29 | AA33: °C
A34: KW | B34: =SUM(B26+1) -> 26 | C34: =SUM(C27:C33) -> 37852.2 | D34: =SUM(D27:D33) -> 23333.333 | E34: =SUM(E27:E33) -> 66722.6 | F34: =SUM(F27:F33) -> 70000 | G34: =SUM(G27:G33) -> 4949.3 | H34: =SUM(H27:H33) -> 11666.667 | I34: =SUM(I27:I33) -> 6080 | J34: =SUM(J27:J33) -> 7000 | ... X34: =SUM(X27:X33) -> 207485.83 | Y34: Ø Temp | Z34: =SUM(Z27:Z33)/7 -> 22.142857 | AA34: °C
A35: =SUM(A33+1) -> 27 | B35: Mo | C35: 6024.5 | D35: 3333.3333 | E35: 2167.9 | F35: 10000 | G35: 306.3 | H35: 1666.6667 | I35: 0 | J35: 1000 | K35: 0 | L35: 3000 | M35: 365.7 | N35: 5034 | O35: =M35+N35 -> 5399.7 | P35: 1200 | Q35: 6999.6 | R35: 7440.8333 | S35: =SUM(C35+E35+G35+I35+K35+O35+Q35) -> 20898 | T35: =SUM(D35+F35+H35+J35+L35+P35+R35) -> 27640.833 | U35: 50.2 | V35: 2000 | W35: =SUM(S35+U35) -> 20948.2 | X35: =SUM(T35+V35) -> 29640.833 | Z35: 28 | AA35: °C
A36: =SUM(A35+1) -> 28 | B36: Di | C36: 12127.8 | D36: 3333.3333 | E36: 1335 | F36: 10000 | G36: 273.8 | H36: 1666.6667 | I36: 0 | J36: 1000 | K36: 0 | L36: 3000 | M36: 89.5 | N36: 3827.5 | O36: =M36+N36 -> 3917 | P36: 1200 | Q36: 5550 | R36: 7440.8333 | S36: =SUM(C36+E36+G36+I36+K36+O36+Q36) -> 23203.6 | T36: =SUM(D36+F36+H36+J36+L36+P36+R36) -> 27640.833 | U36: 0 | V36: 2000 | W36: =SUM(S36+U36) -> 23203.6 | X36: =SUM(T36+V36) -> 29640.833 | Z36: 20 | AA36: °C
A37: =SUM(A36+1) -> 29 | B37: Mi | C37: 570.6 | D37: 3333.3333 | E37: 15125.4 | F37: 10000 | G37: 988.3 | H37: 1666.6667 | I37: 0 | J37: 1000 | K37: 4253.7 | L37: 3000 | M37: 79.5 | N37: 4135 | O37: =M37+N37 -> 4214.5 | P37: 1200 | Q37: 7371.8 | R37: 7440.8333 | S37: =SUM(C37+E37+G37+I37+K37+O37+Q37) -> 32524.3 | T37: =SUM(D37+F37+H37+J37+L37+P37+R37) -> 27640.833 | U37: 948.6 | V37: 2000 | W37: =SUM(S37+U37) -> 33472.9 | X37: =SUM(T37+V37) -> 29640.833 | Z37: 24 | AA37: °C
A38: 30 | B38: Do | C38: 6392.9 | D38: 3333.3333 | E38: 5428.6 | F38: 10000 | G38: 476.3 | H38: 1666.6667 | I38: 0 | J38: 1000 | K38: 633 | L38: 3000 | M38: 0 | N38: 5918 | O38: =M38+N38 -> 5918 | P38: 1200 | Q38: 6885.7 | R38: 7440.8333 | S38: =SUM(C38+E38+G38+I38+K38+O38+Q38) -> 25734.5 | T38: =SUM(D38+F38+H38+J38+L38+P38+R38) -> 27640.833 | U38: 884.5 | V38: 2000 | W38: =SUM(S38+U38) -> 26619 | X38: =SUM(T38+V38) -> 29640.833
A39: KW | B39: =SUM(B34+1) -> 27 | C39: =SUM(C35:C38) -> 25115.8 | D39: =SUM(D35:D38) -> 13333.333 | E39: =SUM(E35:E38) -> 24056.9 | F39: =SUM(F35:F38) -> 40000 | G39: =SUM(G35:G38) -> 2044.7 | H39: =SUM(H35:H38) -> 6666.6666 | I39: =SUM(I35:I38) -> 0 | J39: =SUM(J35:J38) -> 4000 | ... X39: =SUM(X35:X38) -> 118563.33 | Y39: Ø Temp | Z39: =SUM(Z35:Z37)/3 -> 24 | AA39: °C
A40: Umsatz kumuliert | C40: =SUM(C10+C18+C26+C34+C39) -> 126611.2 | D40: =SUM(D10+D18+D26+D34+D39) -> 100000 | E40: =SUM(E10+E18+E26+E34+E39) -> 311201.4 | F40: =SUM(F10+F18+F26+F34+F39) -> 300000 | G40: =SUM(G10+G18+G26+G34+G39) -> 21974 | H40: =SUM(H10+H18+H26+H34+H39) -> 50000 | I40: =SUM(I10+I18+I26+I34+I39) -> 18863.8 | J40: =SUM(J10+J18+J26+J34+J39) -> 30000 | ... N40: =SUM(N10+N18+N26+N34+N39) -> 72822.5 | O40: =M40+N40 -> 86423.1 | P40: =SUM(P10+P18+P26+P34+P39) -> 36000 | Q40: =SUM(Q10+Q18+Q26+Q34+Q39) -> 170948.5 | R40: =SUM(R10+R18+R26+R34+R39) -> 223225 | S40: =SUM(S10+S18+S26+S34+S39) -> 882861.8 | T40: =SUM(T10+T18+T26+T34+T39) -> 829225 | U40: =SUM(U10+U18+U26+U34+U39) -> 79391.2 | V40: =SUM(V10+V18+V26+V34+V39) -> 60000 | W40: =SUM(W10+W18+W26+W34+W39) -> 962253 | X40: =SUM(X10+X18+X26+X34+X39) -> 889225 | Y40: Umsatz kumuliert
A41: Umsatz pro Tag | C41: =C40/30 -> 4220.3733 | D41: =D40/30 -> 3333.3333 | E41: =E40/30 -> 10373.38 | F41: =F40/30 -> 10000 | G41: =G40/30 -> 732.46667 | H41: =H40/30 -> 1666.6667 | I41: =I40/30 -> 628.79333 | J41: =J40/30 -> 1000 | ... M41: =M40/30 -> 453.35333 | P41: =P40/30 -> 1200 | Q41: =Q40/30 -> 5698.2833 | R41: =R40/30 -> 7440.8333 | S41: =S40/30 -> 29428.727 | T41: =T40/30 -> 27640.833 | U41: =U40/30 -> 2646.3733 | V41: =V40/30 -> 2000 | W41: =W40/30 -> 32075.1 | X41: =X40/30 -> 29640.833 | Y41: Budget pro Tag
A42: Diff. zu Budget | C42: =SUM(C40-D40) -> 26611.2 | E42: =SUM(E40-F40) -> 11201.4 | G42: =SUM(G40-H40) -> -28026 | I42: =SUM(I40-J40) -> -11136.2 | K42: =SUM(K40-L40) -> 56839.8 | M42: =SUM(M40-P40) -> -22399.4 | Q42: =SUM(Q40-R40) -> -52276.5 | S42: =SUM(S40-T40) -> 53636.8 | U42: =SUM(U40-V40) -> 19391.2 | W42: =SUM(W40-X40) -> 73028
A43: Index | C43: =SUM(100/D40*C40) -> 126.6112 | E43: =SUM(100/F40*E40) -> 103.7338 | G43: =SUM(100/H40*G40) -> 43.948 | I43: =SUM(100/J40*I40) -> 62.879333 | K43: =SUM(100/L40*K40) -> 163.15533 | M43: =SUM(100/P40*M40) -> 37.779444 | Q43: =SUM(100/R40*Q40) -> 76.581252 | S43: =SUM(100/T40*S40) -> 106.4683 | U43: =SUM(100/V40*U40) -> 132.31867 | W43: =SUM(100/X40*W40) -> 108.21254

Sheet 07_22
A1: Tagesumsätze | H1: 44743
C3: Restaurant | E3: Terrasse | G3: Lounge | I3: Pavillon | K3: Bankett | M3: Seminar | Q3: Hotel | S3: TOTAL Gesamtbetrieb ohne Seebad | U3: Seebad | W3: TOTAL Gesamtbetrieb mit Seebad | Y3: Info's
C4: IST | D4: Budget | E4: IST | F4: Budget | G4: IST | H4: Budget | I4: IST | J4: Budget | K4: IST | L4: Budget | M4: IST/GN | N4: IST/ET | O4: TOTAL IST | P4: Budget | Q4: IST | R4: Budget | S4: IST | T4: Budget | U4: IST | V4: Budget | W4: IST | X4: Budget | Y4: Wetter | Z4: Temp. | AB4: Bemerkung
A5: 1 | B5: Fr | C5: 6623.5 | D5: 4516.129 | E5: 6186.2 | F5: 9677.4194 | G5: 379.6 | H5: 1612.9032 | I5: 3630 | J5: 645.16129 | K5: 11191.4 | L5: 4419.3548 | M5: 33 | N5: 0 | O5: =M5+N5 -> 33 | P5: 967.74194 | Q5: 6570.5 | R5: 7936.2903 | S5: =SUM(C5+E5+G5+I5+K5+O5+Q5) -> 34614.2 | T5: =SUM(D5+F5+H5+J5+L5+P5+R5) -> 29775 | U5: 0 | V5: 2419.3548 | W5: =SUM(S5+U5) -> 34614.2 | X5: =SUM(T5+V5) -> 32194.355 | AA5: °C
A6: =SUM(A5+1) -> 2 | B6: Sa | C6: 1316.1 | D6: 4516.129 | E6: 19508.2 | F6: 9677.4194 | G6: 1016 | H6: 1612.9032 | I6: 5661 | J6: 645.16129 | K6: 22522.9 | L6: 4419.3548 | M6: 0 | N6: 0 | O6: =M6+N6 -> 0 | P6: 967.74194 | Q6: 9950.3 | R6: 7936.2903 | S6: =SUM(C6+E6+G6+I6+K6+O6+Q6) -> 59974.5 | T6: =SUM(D6+F6+H6+J6+L6+P6+R6) -> 29775 | U6: 3921.6 | V6: 2419.3548 | W6: =SUM(S6+U6) -> 63896.1 | X6: =SUM(T6+V6) -> 32194.355 | AA6: °C
A7: =SUM(A6+1) -> 3 | B7: So | C7: 3344.3 | D7: 4516.129 | E7: 21318 | F7: 9677.4194 | G7: 1244.4 | H7: 1612.9032 | I7: 0 | J7: 645.16129 | K7: 375 | L7: 4419.3548 | M7: 0 | N7: 0 | O7: =M7+N7 -> 0 | P7: 967.74194 | Q7: 3358.8 | R7: 7936.2903 | S7: =SUM(C7+E7+G7+I7+K7+O7+Q7) -> 29640.5 | T7: =SUM(D7+F7+H7+J7+L7+P7+R7) -> 29775 | U7: 11934.6 | V7: 2419.3548 | W7: =SUM(S7+U7) -> 41575.1 | X7: =SUM(T7+V7) -> 32194.355 | AA7: °C
A8: KW | B8: 27 | C8: =SUM(C5:C7) -> 11283.9 | D8: =SUM(D5:D7) -> 13548.387 | E8: =SUM(E5:E7) -> 47012.4 | F8: =SUM(F5:F7) -> 29032.258 | G8: =SUM(G5:G7) -> 2640 | H8: =SUM(H5:H7) -> 4838.7097 | I8: =SUM(I5:I7) -> 9291 | J8: =SUM(J5:J7) -> 1935.4839 | ... X8: =SUM(X5:X7) -> 96583.064 | Y8: Ø Temp | Z8: =SUM(Z5:Z7)/4 -> 0 | AA8: °C
A9: =SUM(A7+1) -> 4 | B9: Mo | C9: 5214.5 | D9: 4516.129 | E9: 6621.5 | F9: 9677.4194 | G9: 270.9 | H9: 1612.9032 | I9: 0 | J9: 645.16129 | K9: 0 | L9: 4419.3548 | M9: 0 | N9: 0 | O9: =M9+N9 -> 0 | P9: 967.74194 | Q9: 4109.8 | R9: 7936.2903 | S9: =SUM(C9+E9+G9+I9+K9+O9+Q9) -> 16216.7 | T9: =SUM(D9+F9+H9+J9+L9+P9+R9) -> 29775 | U9: 241.7 | V9: 2419.3548 | W9: =SUM(S9+U9) -> 16458.4 | X9: =SUM(T9+V9) -> 32194.355 | AA9: °C
A10: =SUM(A9+1) -> 5 | B10: Di | C10: 491 | D10: 4516.129 | E10: 13363.7 | F10: 9677.4194 | G10: 687.3 | H10: 1612.9032 | I10: 0 | J10: 645.16129 | K10: 0 | L10: 4419.3548 | M10: 641.9 | N10: 6148 | O10: =M10+N10 -> 6789.9 | P10: 967.74194 | Q10: 5307.5 | R10: 7936.2903 | S10: =SUM(C10+E10+G10+I10+K10+O10+Q10) -> 26639.4 | T10: =SUM(D10+F10+H10+J10+L10+P10+R10) -> 29775 | U10: 1235.3 | V10: 2419.3548 | W10: =SUM(S10+U10) -> 27874.7 | X10: =SUM(T10+V10) -> 32194.355 | AA10: °C
A11: =SUM(A10+1) -> 6 | B11: Mi | C11: 1840.4 | D11: 4516.129 | E11: 15077.7 | F11: 9677.4194 | G11: 719.3 | H11: 1612.9032 | I11: 0 | J11: 645.16129 | K11: 0 | L11: 4419.3548 | M11: 0 | N11: 4391 | O11: =M11+N11 -> 4391 | P11: 967.74194 | Q11: 6467.2 | R11: 7936.2903 | S11: =SUM(C11+E11+G11+I11+K11+O11+Q11) -> 28495.6 | T11: =SUM(D11+F11+H11+J11+L11+P11+R11) -> 29775 | U11: 2817.2 | V11: 2419.3548 | W11: =SUM(S11+U11) -> 31312.8 | X11: =SUM(T11+V11) -> 32194.355 | AA11: °C
A12: =SUM(A11+1) -> 7 | B12: Do | C12: 2198.1 | D12: 4516.129 | E12: 13984.6 | F12: 9677.4194 | G12: 596.2 | H12: 1612.9032 | I12: 0 | J12: 645.16129 | K12: 1635.2 | L12: 4419.3548 | M12: 1256.4 | N12: 6646 | O12: =M12+N12 -> 7902.4 | P12: 967.74194 | Q12: 8965.5 | R12: 7936.2903 | S12: =SUM(C12+E12+G12+I12+K12+O12+Q12) -> 35282 | T12: =SUM(D12+F12+H12+J12+L12+P12+R12) -> 29775 | U12: 1207.9 | V12: 2419.3548 | W12: =SUM(S12+U12) -> 36489.9 | X12: =SUM(T12+V12) -> 32194.355 | AA12: °C
A13: =SUM(A12+1) -> 8 | B13: Fr | C13: 2267 | D13: 4516.129 | E13: 17617.8 | F13: 9677.4194 | G13: 1026.3 | H13: 1612.9032 | I13: 3102 | J13: 645.16129 | K13: 9233.4 | L13: 4419.3548 | M13: 0 | N13: 0 | O13: =M13+N13 -> 0 | P13: 967.74194 | Q13: 7776.9 | R13: 7936.2903 | S13: =SUM(C13+E13+G13+I13+K13+O13+Q13) -> 41023.4 | T13: =SUM(D13+F13+H13+J13+L13+P13+R13) -> 29775 | U13: 1657.3 | V13: 2419.3548 | W13: =SUM(S13+U13) -> 42680.7 | X13: =SUM(T13+V13) -> 32194.355 | AA13: °C
A14: =SUM(A13+1) -> 9 | B14: Sa | C14: 753.7 | D14: 4516.129 | E14: 18862.9 | F14: 9677.4194 | G14: 1560.7 | H14: 1612.9032 | I14: 4323 | J14: 645.16129 | K14: 6965.4 | L14: 4419.3548 | M14: 0 | N14: 0 | O14: =M14+N14 -> 0 | P14: 967.74194 | Q14: 9869.2 | R14: 7936.2903 | S14: =SUM(C14+E14+G14+I14+K14+O14+Q14) -> 42334.9 | T14: =SUM(D14+F14+H14+J14+L14+P14+R14) -> 29775 | U14: 3481.4 | V14: 2419.3548 | W14: =SUM(S14+U14) -> 45816.3 | X14: =SUM(T14+V14) -> 32194.355 | AA14: °C
A15: =SUM(A14+1) -> 10 | B15: So | C15: 2029.1 | D15: 4516.129 | E15: 22400.8 | F15: 9677.4194 | G15: 1376.1 | H15: 1612.9032 | I15: 0 | J15: 645.16129 | K15: 11342.6 | L15: 4419.3548 | M15: 0 | N15: 0 | O15: =M15+N15 -> 0 | P15: 967.74194 | Q15: 3464.9 | R15: 7936.2903 | S15: =SUM(C15+E15+G15+I15+K15+O15+Q15) -> 40613.5 | T15: =SUM(D15+F15+H15+J15+L15+P15+R15) -> 29775 | U15: 6258.9 | V15: 2419.3548 | W15: =SUM(S15+U15) -> 46872.4 | X15: =SUM(T15+V15) -> 32194.355 | AA15: °C
A16: KW | B16: =SUM(B8+1) -> 28 | C16: =SUM(C9:C15) -> 14793.8 | D16: =SUM(D9:D15) -> 31612.903 | E16: =SUM(E9:E15) -> 107929 | F16: =SUM(F9:F15) -> 67741.935 | G16: =SUM(G9:G15) -> 6236.8 | H16: =SUM(H9:H15) -> 11290.323 | I16: =SUM(I9:I15) -> 7425 | J16: =SUM(J9:J15) -> 4516.129 | ... X16: =SUM(X9:X15) -> 225360.48 | Y16: Ø Temp | Z16: =SUM(Z9:Z15)/7 -> 0 | AA16: °C
A17: =SUM(A15+1) -> 11 | B17: Mo | C17: 1186 | D17: 4516.129 | E17: 14833 | F17: 9677.4194 | G17: 894.6 | H17: 1612.9032 | I17: 0 | J17: 645.16129 | K17: 0 | L17: 4419.3548 | M17: 777.6 | N17: 1628 | O17: =M17+N17 -> 2405.6 | P17: 967.74194 | Q17: 4376.6 | R17: 7936.2903 | S17: =SUM(C17+E17+G17+I17+K17+O17+Q17) -> 23695.8 | T17: =SUM(D17+F17+H17+J17+L17+P17+R17) -> 29775 | U17: 3074.4 | V17: 2419.3548 | W17: =SUM(S17+U17) -> 26770.2 | X17: =SUM(T17+V17) -> 32194.355 | AA17: °C
A18: =SUM(A17+1) -> 12 | B18: Di | C18: 862.1 | D18: 4516.129 | E18: 18713.8 | F18: 9677.4194 | G18: 927 | H18: 1612.9032 | I18: 0 | J18: 645.16129 | K18: 3609.8 | L18: 4419.3548 | M18: 0 | N18: 0 | O18: =M18+N18 -> 0 | P18: 967.74194 | Q18: 5846.5 | R18: 7936.2903 | S18: =SUM(C18+E18+G18+I18+K18+O18+Q18) -> 29959.2 | T18: =SUM(D18+F18+H18+J18+L18+P18+R18) -> 29775 | U18: 4105.5 | V18: 2419.3548 | W18: =SUM(S18+U18) -> 34064.7 | X18: =SUM(T18+V18) -> 32194.355 | AA18: °C
A19: =SUM(A18+1) -> 13 | B19: Mi | C19: 838 | D19: 4516.129 | E19: 17037.6 | F19: 9677.4194 | G19: 1131.5 | H19: 1612.9032 | I19: 0 | J19: 645.16129 | K19: 0 | L19: 4419.3548 | M19: 0 | N19: 0 | O19: =M19+N19 -> 0 | P19: 967.74194 | Q19: 5026.3 | R19: 7936.2903 | S19: =SUM(C19+E19+G19+I19+K19+O19+Q19) -> 24033.4 | T19: =SUM(D19+F19+H19+J19+L19+P19+R19) -> 29775 | U19: 5589.8 | V19: 2419.3548 | W19: =SUM(S19+U19) -> 29623.2 | X19: =SUM(T19+V19) -> 32194.355 | AA19: °C
A20: =SUM(A19+1) -> 14 | B20: Do | C20: 906.2 | D20: 4516.129 | E20: 18393.9 | F20: 9677.4194 | G20: 584.7 | H20: 1612.9032 | I20: 0 | J20: 645.16129 | K20: 0 | L20: 4419.3548 | M20: 0 | N20: 550 | O20: =M20+N20 -> 550 | P20: 967.74194 | Q20: 5425.4 | R20: 7936.2903 | S20: =SUM(C20+E20+G20+I20+K20+O20+Q20) -> 25860.2 | T20: =SUM(D20+F20+H20+J20+L20+P20+R20) -> 29775 | U20: 6383.8 | V20: 2419.3548 | W20: =SUM(S20+U20) -> 32244 | X20: =SUM(T20+V20) -> 32194.355 | AA20: °C
A21: =SUM(A20+1) -> 15 | B21: Fr | C21: 1924.7 | D21: 4516.129 | E21: 17287.7 | F21: 9677.4194 | G21: 949.4 | H21: 1612.9032 | I21: 4851 | J21: 645.16129 | K21: 20892.8 | L21: 4419.3548 | M21: 0 | N21: 0 | O21: =M21+N21 -> 0 | P21: 967.74194 | Q21: 7827.7 | R21: 7936.2903 | S21: =SUM(C21+E21+G21+I21+K21+O21+Q21) -> 53733.3 | T21: =SUM(D21+F21+H21+J21+L21+P21+R21) -> 29775 | U21: 5648 | V21: 2419.3548 | W21: =SUM(S21+U21) -> 59381.3 | X21: =SUM(T21+V21) -> 32194.355 | AA21: °C
A22: =SUM(A21+1) -> 16 | B22: Sa | C22: 948.5 | D22: 4516.129 | E22: 21331.3 | F22: 9677.4194 | G22: 1116.3 | H22: 1612.9032 | I22: 4770 | J22: 645.16129 | K22: 23315.4 | L22: 4419.3548 | M22: 0 | N22: 0 | O22: =M22+N22 -> 0 | P22: 967.74194 | Q22: 9805.5 | R22: 7936.2903 | S22: =SUM(C22+E22+G22+I22+K22+O22+Q22) -> 61287 | T22: =SUM(D22+F22+H22+J22+L22+P22+R22) -> 29775 | U22: 6816.3 | V22: 2419.3548 | W22: =SUM(S22+U22) -> 68103.3 | X22: =SUM(T22+V22) -> 32194.355 | AA22: °C
A23: =SUM(A22+1) -> 17 | B23: So | C23: 876.9 | D23: 4516.129 | E23: 18679.7 | F23: 9677.4194 | G23: 1262.2 | H23: 1612.9032 | I23: 193 | J23: 645.16129 | K23: 375 | L23: 4419.3548 | M23: 0 | N23: 0 | O23: =M23+N23 -> 0 | P23: 967.74194 | Q23: 5381.6 | R23: 7936.2903 | S23: =SUM(C23+E23+G23+I23+K23+O23+Q23) -> 26768.4 | T23: =SUM(D23+F23+H23+J23+L23+P23+R23) -> 29775 | U23: 11144 | V23: 2419.3548 | W23: =SUM(S23+U23) -> 37912.4 | X23: =SUM(T23+V23) -> 32194.355 | AA23: °C
A24: KW | B24: =SUM(B16+1) -> 29 | C24: =SUM(C17:C23) -> 7542.4 | D24: =SUM(D17:D23) -> 31612.903 | E24: =SUM(E17:E23) -> 126277 | F24: =SUM(F17:F23) -> 67741.935 | G24: =SUM(G17:G23) -> 6865.7 | H24: =SUM(H17:H23) -> 11290.323 | I24: =SUM(I17:I23) -> 9814 | J24: =SUM(J17:J23) -> 4516.129 | ... X24: =SUM(X17:X23) -> 225360.48 | Y24: Ø Temp | Z24: =SUM(Z17:Z23)/7 -> 0 | AA24: °C
A25: =SUM(A23+1) -> 18 | B25: Mo | C25: 1001.8 | D25: 4516.129 | E25: 15276 | F25: 9677.4194 | G25: 572.7 | H25: 1612.9032 | I25: 0 | J25: 645.16129 | K25: 0 | L25: 4419.3548 | M25: 0 | N25: 0 | O25: =M25+N25 -> 0 | P25: 967.74194 | Q25: 4114.1 | R25: 7936.2903 | S25: =SUM(C25+E25+G25+I25+K25+O25+Q25) -> 20964.6 | T25: =SUM(D25+F25+H25+J25+L25+P25+R25) -> 29775 | U25: 6255.3 | V25: 2419.3548 | W25: =SUM(S25+U25) -> 27219.9 | X25: =SUM(T25+V25) -> 32194.355 | Y25: sonnig | Z25: 30 | AA25: °C
A26: =SUM(A25+1) -> 19 | B26: Di | C26: 1845.4 | D26: 4516.129 | E26: 15547.1 | F26: 9677.4194 | G26: 1158.9 | H26: 1612.9032 | I26: 0 | J26: 645.16129 | K26: 0 | L26: 4419.3548 | M26: 105.8 | N26: 4046 | O26: =M26+N26 -> 4151.8 | P26: 967.74194 | Q26: 7820.6 | R26: 7936.2903 | S26: =SUM(C26+E26+G26+I26+K26+O26+Q26) -> 30523.8 | T26: =SUM(D26+F26+H26+J26+L26+P26+R26) -> 29775 | U26: 8168.6 | V26: 2419.3548 | W26: =SUM(S26+U26) -> 38692.4 | X26: =SUM(T26+V26) -> 32194.355 | Y26: sonnig | Z26: 32 | AA26: °C
A27: =SUM(A26+1) -> 20 | B27: Mi | C27: 8331 | D27: 4516.129 | E27: 7202.7 | F27: 9677.4194 | G27: 387.3 | H27: 1612.9032 | I27: 0 | J27: 645.16129 | K27: 0 | L27: 4419.3548 | M27: 0 | N27: 3174 | O27: =M27+N27 -> 3174 | P27: 967.74194 | Q27: 4540 | R27: 7936.2903 | S27: =SUM(C27+E27+G27+I27+K27+O27+Q27) -> 23635 | T27: =SUM(D27+F27+H27+J27+L27+P27+R27) -> 29775 | U27: 2151 | V27: 2419.3548 | W27: =SUM(S27+U27) -> 25786 | X27: =SUM(T27+V27) -> 32194.355 | Y27: gewittrig | Z27: 28 | AA27: °C
A28: =SUM(A27+1) -> 21 | B28: Do | C28: 1327.5 | D28: 4516.129 | E28: 16825.9 | F28: 9677.4194 | G28: 961.8 | H28: 1612.9032 | I28: 0 | J28: 645.16129 | K28: 534.8 | L28: 4419.3548 | M28: 93.9 | N28: 568 | O28: =M28+N28 -> 661.9 | P28: 967.74194 | Q28: 5547.3 | R28: 7936.2903 | S28: =SUM(C28+E28+G28+I28+K28+O28+Q28) -> 25859.2 | T28: =SUM(D28+F28+H28+J28+L28+P28+R28) -> 29775 | U28: 3766.7 | V28: 2419.3548 | W28: =SUM(S28+U28) -> 29625.9 | X28: =SUM(T28+V28) -> 32194.355 | Y28: sonnig | Z28: 28 | AA28: °C
A29: =SUM(A28+1) -> 22 | B29: Fr | C29: 1031.7 | D29: 4516.129 | E29: 18179 | F29: 9677.4194 | G29: 813.1 | H29: 1612.9032 | I29: 1978.5 | J29: 645.16129 | K29: 7391.8 | L29: 4419.3548 | M29: 173.1 | N29: 550 | O29: =M29+N29 -> 723.1 | P29: 967.74194 | Q29: 10214.5 | R29: 7936.2903 | S29: =SUM(C29+E29+G29+I29+K29+O29+Q29) -> 40331.7 | T29: =SUM(D29+F29+H29+J29+L29+P29+R29) -> 29775 | U29: 6276.2 | V29: 2419.3548 | W29: =SUM(S29+U29) -> 46607.9 | X29: =SUM(T29+V29) -> 32194.355 | Y29: sonnig | Z29: 31 | AA29: °C
A30: =SUM(A29+1) -> 23 | B30: Sa | C30: 3546.5 | D30: 4516.129 | E30: 15756 | F30: 9677.4194 | G30: 1073.9 | H30: 1612.9032 | I30: 4038 | J30: 645.16129 | K30: 11720.9 | L30: 4419.3548 | M30: 0 | N30: 0 | O30: =M30+N30 -> 0 | P30: 967.74194 | Q30: 10453.9 | R30: 7936.2903 | S30: =SUM(C30+E30+G30+I30+K30+O30+Q30) -> 46589.2 | T30: =SUM(D30+F30+H30+J30+L30+P30+R30) -> 29775 | U30: 1362.7 | V30: 2419.3548 | W30: =SUM(S30+U30) -> 47951.9 | X30: =SUM(T30+V30) -> 32194.355 | Y30: bedeckt | Z30: 26 | AA30: °C
A31: =SUM(A30+1) -> 24 | B31: So | C31: 813 | D31: 4516.129 | E31: 17228.5 | F31: 9677.4194 | G31: 1526.6 | H31: 1612.9032 | I31: 0 | J31: 645.16129 | K31: 4569.5 | L31: 4419.3548 | M31: 0 | N31: 0 | O31: =M31+N31 -> 0 | P31: 967.74194 | Q31: 4951.1 | R31: 7936.2903 | S31: =SUM(C31+E31+G31+I31+K31+O31+Q31) -> 29088.7 | T31: =SUM(D31+F31+H31+J31+L31+P31+R31) -> 29775 | U31: 11942 | V31: 2419.3548 | W31: =SUM(S31+U31) -> 41030.7 | X31: =SUM(T31+V31) -> 32194.355 | Y31: sonnig | Z31: 30 | AA31: °C
A32: KW | B32: =SUM(B24+1) -> 30 | C32: =SUM(C25:C31) -> 17896.9 | D32: =SUM(D25:D31) -> 31612.903 | E32: =SUM(E25:E31) -> 106015.2 | F32: =SUM(F25:F31) -> 67741.935 | G32: =SUM(G25:G31) -> 6494.3 | H32: =SUM(H25:H31) -> 11290.323 | I32: =SUM(I25:I31) -> 6016.5 | J32: =SUM(J25:J31) -> 4516.129 | ... X32: =SUM(X25:X31) -> 225360.48 | Y32: Ø Temp | Z32: =SUM(Z25:Z31)/7 -> 29.285714 | AA32: °C
A33: =SUM(A31+1) -> 25 | B33: Mo | C33: 1627.6 | D33: 4516.129 | E33: 15341 | F33: 9677.4194 | G33: 733.9 | H33: 1612.9032 | I33: 0 | J33: 645.16129 | K33: 0 | L33: 4419.3548 | M33: 0 | N33: 0 | O33: =M33+N33 -> 0 | P33: 967.74194 | Q33: 7214.6 | R33: 7936.2903 | S33: =SUM(C33+E33+G33+I33+K33+O33+Q33) -> 24917.1 | T33: =SUM(D33+F33+H33+J33+L33+P33+R33) -> 29775 | U33: 5065.2 | V33: 2419.3548 | W33: =SUM(S33+U33) -> 29982.3 | X33: =SUM(T33+V33) -> 32194.355 | Y33: sonnig | Z33: 32 | AA33: °C
A34: =SUM(A33+1) -> 26 | B34: Di | C34: 3495.9 | D34: 4516.129 | E34: 13970.8 | F34: 9677.4194 | G34: 770.9 | H34: 1612.9032 | I34: 0 | J34: 645.16129 | K34: 1048.2 | L34: 4419.3548 | M34: 0 | N34: 0 | O34: =M34+N34 -> 0 | P34: 967.74194 | Q34: 8460.7 | R34: 7936.2903 | S34: =SUM(C34+E34+G34+I34+K34+O34+Q34) -> 27746.5 | T34: =SUM(D34+F34+H34+J34+L34+P34+R34) -> 29775 | U34: 463.4 | V34: 2419.3548 | W34: =SUM(S34+U34) -> 28209.9 | X34: =SUM(T34+V34) -> 32194.355 | Y34: bewölkt | Z34: 23 | AA34: °C
A35: =SUM(A34+1) -> 27 | B35: Mi | C35: 1382 | D35: 4516.129 | E35: 16748.5 | F35: 9677.4194 | G35: 591.2 | H35: 1612.9032 | I35: 0 | J35: 645.16129 | K35: 0 | L35: 4419.3548 | M35: 0 | N35: 0 | O35: =M35+N35 -> 0 | P35: 967.74194 | Q35: 6947.9 | R35: 7936.2903 | S35: =SUM(C35+E35+G35+I35+K35+O35+Q35) -> 25669.6 | T35: =SUM(D35+F35+H35+J35+L35+P35+R35) -> 29775 | U35: 2626.2 | V35: 2419.3548 | W35: =SUM(S35+U35) -> 28295.8 | X35: =SUM(T35+V35) -> 32194.355 | Y35: sonnig | Z35: 25 | AA35: °C
A36: =SUM(A35+1) -> 28 | B36: Do | C36: 7277.5 | D36: 4516.129 | E36: 9580.3 | F36: 9677.4194 | G36: 741.9 | H36: 1612.9032 | I36: 0 | J36: 645.16129 | K36: 4120.6 | L36: 4419.3548 | M36: 0 | N36: 0 | O36: =M36+N36 -> 0 | P36: 967.74194 | Q36: 8181.3 | R36: 7936.2903 | S36: =SUM(C36+E36+G36+I36+K36+O36+Q36) -> 29901.6 | T36: =SUM(D36+F36+H36+J36+L36+P36+R36) -> 29775 | U36: 3049.4 | V36: 2419.3548 | W36: =SUM(S36+U36) -> 32951 | X36: =SUM(T36+V36) -> 32194.355 | Y36: sonnig | Z36: 28 | AA36: °C
A37: =SUM(A36+1) -> 29 | B37: Fr | C37: 9106.7 | D37: 4516.129 | E37: 4443.9 | F37: 9677.4194 | G37: 380.4 | H37: 1612.9032 | I37: 2916 | J37: 645.16129 | K37: 4759.1 | L37: 4419.3548 | M37: 0 | N37: 0 | O37: =M37+N37 -> 0 | P37: 967.74194 | Q37: 9412.8 | R37: 7936.2903 | S37: =SUM(C37+E37+G37+I37+K37+O37+Q37) -> 31018.9 | T37: =SUM(D37+F37+H37+J37+L37+P37+R37) -> 29775 | U37: 119.5 | V37: 2419.3548 | W37: =SUM(S37+U37) -> 31138.4 | X37: =SUM(T37+V37) -> 32194.355 | Y37: regnerisch | Z37: 24 | AA37: °C
A38: =SUM(A37+1) -> 30 | B38: Sa | C38: 778.2 | D38: 4516.129 | E38: 16583.5 | F38: 9677.4194 | G38: 986.7 | H38: 1612.9032 | I38: 4050 | J38: 645.16129 | K38: 10790.4 | L38: 4419.3548 | M38: 0 | N38: 0 | O38: =M38+N38 -> 0 | P38: 967.74194 | Q38: 11376.9 | R38: 7936.2903 | S38: =SUM(C38+E38+G38+I38+K38+O38+Q38) -> 44565.7 | T38: =SUM(D38+F38+H38+J38+L38+P38+R38) -> 29775 | U38: 2710.2 | V38: 2419.3548 | W38: =SUM(S38+U38) -> 47275.9 | X38: =SUM(T38+V38) -> 32194.355 | Y38: sonnig | Z38: 31
A39: =SUM(A38+1) -> 31 | B39: So | C39: 1579.9 | D39: 4516.129 | E39: 21766.4 | F39: 9677.4194 | G39: 1214.1 | H39: 1612.9032 | I39: 0 | J39: 645.16129 | K39: 0 | L39: 4419.3548 | M39: 0 | N39: 0 | O39: =M39+N39 -> 0 | P39: 967.74194 | Q39: 11421.9 | R39: 7936.2903 | S39: =SUM(C39+E39+G39+I39+K39+O39+Q39) -> 35982.3 | T39: =SUM(D39+F39+H39+J39+L39+P39+R39) -> 29775 | U39: 7476 | V39: 2419.3548 | W39: =SUM(S39+U39) -> 43458.3 | X39: =SUM(T39+V39) -> 32194.355 | Y39: sonnig | Z39: 31 | AA39: °C
A40: KW | B40: =SUM(B32+1) -> 31 | C40: =SUM(C33:C39) -> 25247.8 | D40: =SUM(D33:D39) -> 31612.903 | E40: =SUM(E33:E39) -> 98434.4 | F40: =SUM(F33:F39) -> 67741.935 | G40: =SUM(G33:G39) -> 5419.1 | H40: =SUM(H33:H39) -> 11290.323 | I40: =SUM(I33:I39) -> 6966 | J40: =SUM(J33:J39) -> 4516.129 | ... X40: =SUM(X33:X39) -> 225360.48 | Y40: Ø Temp | Z40: =SUM(Z33:Z39)/6 -> 32.333333 | AA40: °C
A41: Umsatz kumuliert | C41: =SUM(C8+C16+C24+C32+C40) -> 76764.8 | D41: =SUM(D8+D16+D24+D32+D40) -> 140000 | E41: =SUM(E8+E16+E24+E32+E40) -> 485668 | F41: =SUM(F8+F16+F24+F32+F40) -> 300000 | G41: =SUM(G8+G16+G24+G32+G40) -> 27655.9 | H41: =SUM(H8+H16+H24+H32+H40) -> 50000 | I41: =SUM(I8+I16+I24+I32+I40) -> 39512.5 | J41: =SUM(J8+J16+J24+J32+J40) -> 20000 | ... N41: =SUM(N8+N16+N24+N32+N40) -> 27701 | O41: =M41+N41 -> 30782.7 | P41: =P8+P16+P24+P32+P40 -> 30000 | Q41: =SUM(Q8+Q16+Q24+Q32+Q40) -> 220187.8 | R41: =SUM(R8+R16+R24+R32+R40) -> 246025 | S41: =SUM(S8+S16+S24+S32+S40) -> 1036965.9 | T41: =SUM(T8+T16+T24+T32+T40) -> 923025 | U41: =SUM(U8+U16+U24+U32+U40) -> 136950.1 | V41: =SUM(V8+V16+V24+V32+V40) -> 75000 | W41: =SUM(W8+W16+W24+W32+W40) -> 1173916 | X41: =SUM(X8+X16+X24+X32+X40) -> 998025 | Y41: Umsatz kumuliert
A42: Umsatz pro Tag | C42: =C41/31 -> 2476.2839 | D42: =D41/31 -> 4516.129 | E42: =E41/31 -> 15666.71 | F42: =F41/31 -> 9677.4194 | G42: =G41/31 -> 892.12581 | H42: =H41/31 -> 1612.9032 | I42: =I41/31 -> 1274.5968 | J42: =J41/31 -> 645.16129 | ... L42: =L41/31 -> 4419.3548 | M42: =M41/30 -> 102.72333 | P42: =P41/30 -> 1000 | Q42: =Q41/31 -> 7102.8323 | R42: =R41/31 -> 7936.2903 | S42: =S41/31 -> 33450.513 | T42: =T41/31 -> 29775 | U42: =U41/31 -> 4417.7452 | V42: =V41/31 -> 2419.3548 | W42: =W41/31 -> 37868.258 | X42: =X41/31 -> 32194.355 | Y42: Budget pro Tag
A43: Diff. zu Budget | C43: =SUM(C41-D41) -> -63235.2 | E43: =SUM(E41-F41) -> 185668 | G43: =SUM(G41-H41) -> -22344.1 | I43: =SUM(I41-J41) -> 19512.5 | K43: =SUM(K41-L41) -> 19394.201 | M43: =SUM(100/P41*M41) -> 10.272333 | P43: =SUM(O41-P41) -> 782.70001 | Q43: =SUM(Q41-R41) -> -25837.2 | S43: =SUM(S41-T41) -> 113940.9 | U43: =SUM(U41-V41) -> 61950.1 | W43: =SUM(W41-X41) -> 175891
A44: Index | C44: =SUM(100/D41*C41) -> 54.832 | E44: =SUM(100/F41*E41) -> 161.88933 | G44: =SUM(100/H41*G41) -> 55.3118 | I44: =SUM(100/J41*I41) -> 197.5625 | K44: =SUM(100/L41*K41) -> 114.15635 | M44: =SUM(100/#REF!*#REF!) -> #REF! | Q44: =SUM(100/R41*Q41) -> 89.49814 | S44: =SUM(100/T41*S41) -> 112.34429 | U44: =SUM(100/V41*U41) -> 182.60013 | W44: =SUM(100/X41*W41) -> 117.62391

Sheet 08_22
A1: Tagesumsätze | H1: 44774
C3: Restaurant | E3: Terrasse | G3: Lounge | I3: Pavillon | K3: Bankett | M3: Seminar | Q3: Hotel | S3: TOTAL Gesamtbetrieb ohne Seebad | U3: Seebad | W3: TOTAL Gesamtbetrieb mit Seebad | Y3: Info's
C4: IST | D4: Budget | E4: IST | F4: Budget | G4: IST | H4: Budget | I4: IST | J4: Budget | K4: IST | L4: Budget | M4: IST/GN | N4: IST/ET | O4: TOTAL IST | P4: Budget | Q4: IST | R4: Budget | S4: IST | T4: Budget | U4: IST | V4: Budget | W4: IST | X4: Budget | Y4: Wetter | Z4: Temp. | AB4: Bemerkung
A5: 1 | B5: Mo | C5: 1985.95 | D5: 4516.129 | E5: 18475.3 | F5: 9677.4194 | G5: 772.5 | H5: 1612.9032 | I5: 0 | J5: 1290.3226 | K5: 2500 | L5: 4419.3548 | M5: 0 | N5: 0 | O5: =M5+N5 -> 0 | P5: 967.74193 | Q5: 9019.5 | R5: 7936.2903 | S5: =SUM(C5+E5+G5+I5+K5+O5+Q5) -> 32753.25 | T5: =SUM(D5+F5+H5+J5+L5+P5+R5) -> 30420.161 | U5: 8435.8 | V5: 2419.3548 | W5: =SUM(S5+U5) -> 41189.05 | X5: =SUM(T5+V5) -> 32839.516 | Y5: sonnig | Z5: 30 | AA5: °C
A6: =SUM(A5+1) -> 2 | B6: Di | C6: 966.4 | D6: 4516.129 | E6: 14687 | F6: 9677.4194 | G6: 909.3 | H6: 1612.9032 | I6: 0 | J6: 1290.3226 | K6: 0 | L6: 4419.3548 | M6: 0 | N6: 1766 | O6: =M6+N6 -> 1766 | P6: 967.74193 | Q6: 7465.2 | R6: 7936.2903 | S6: =SUM(C6+E6+G6+I6+K6+O6+Q6) -> 25793.9 | T6: =SUM(D6+F6+H6+J6+L6+P6+R6) -> 30420.161 | U6: 4239.1 | V6: 2419.3548 | W6: =SUM(S6+U6) -> 30033 | X6: =SUM(T6+V6) -> 32839.516 | Y6: sonnig | Z6: 30 | AA6: °C
A7: =SUM(A6+1) -> 3 | B7: Mi | C7: 797.1 | D7: 4516.129 | E7: 16729.1 | F7: 9677.4194 | G7: 913.2 | H7: 1612.9032 | I7: 0 | J7: 1290.3226 | K7: 0 | L7: 4419.3548 | M7: 0 | N7: 0 | O7: =M7+N7 -> 0 | P7: 967.74193 | Q7: 5542.7 | R7: 7936.2903 | S7: =SUM(C7+E7+G7+I7+K7+O7+Q7) -> 23982.1 | T7: =SUM(D7+F7+H7+J7+L7+P7+R7) -> 30420.161 | U7: 7964 | V7: 2419.3548 | W7: =SUM(S7+U7) -> 31946.1 | X7: =SUM(T7+V7) -> 32839.516 | Y7: sonnig | Z7: 31 | AA7: °C
A8: =SUM(A7+1) -> 4 | B8: Do | C8: 742.8 | D8: 4516.129 | E8: 15237.7 | F8: 9677.4194 | G8: 759.6 | H8: 1612.9032 | I8: 0 | J8: 1290.3226 | K8: 0 | L8: 4419.3548 | M8: 0 | N8: 0 | O8: =M8+N8 -> 0 | P8: 967.74193 | Q8: 3843.7 | R8: 7936.2903 | S8: =SUM(C8+E8+G8+I8+K8+O8+Q8) -> 20583.8 | T8: =SUM(D8+F8+H8+J8+L8+P8+R8) -> 30420.161 | U8: 7964.8 | V8: 2419.3548 | W8: =SUM(S8+U8) -> 28548.6 | X8: =SUM(T8+V8) -> 32839.516 | Y8: sonnig | Z8: 36 | AA8: °C
A9: =SUM(A8+1) -> 5 | B9: Fr | C9: 8848.2 | D9: 4516.129 | E9: 10132.6 | F9: 9677.4194 | G9: 296.5 | H9: 1612.9032 | I9: 4464.5 | J9: 1290.3226 | K9: 19430.5 | L9: 4419.3548 | M9: 0 | N9: 0 | O9: =M9+N9 -> 0 | P9: 967.74193 | Q9: 6958.7 | R9: 7936.2903 | S9: =SUM(C9+E9+G9+I9+K9+O9+Q9) -> 50131 | T9: =SUM(D9+F9+H9+J9+L9+P9+R9) -> 30420.161 | U9: 3362.4 | V9: 2419.3548 | W9: =SUM(S9+U9) -> 53493.4 | X9: =SUM(T9+V9) -> 32839.516 | Y9: sonnig | Z9: 30 | AA9: °C
A10: =SUM(A9+1) -> 6 | B10: Sa | C10: 18198 | D10: 4516.129 | E10: 3631.6 | F10: 9677.4194 | G10: 442.2 | H10: 1612.9032 | I10: 3666 | J10: 1290.3226 | K10: 7790.1 | L10: 4419.3548 | M10: 0 | N10: 0 | O10: =M10+N10 -> 0 | P10: 967.74193 | Q10: 10374.35 | R10: 7936.2903 | S10: =SUM(C10+E10+G10+I10+K10+O10+Q10) -> 44102.25 | T10: =SUM(D10+F10+H10+J10+L10+P10+R10) -> 30420.161 | U10: 65.2 | V10: 2419.3548 | W10: =SUM(S10+U10) -> 44167.45 | X10: =SUM(T10+V10) -> 32839.516 | Y10: bewölkt | Z10: 22 | AA10: °C
A11: =SUM(A10+1) -> 7 | B11: So | C11: 5238.7 | D11: 4516.129 | E11: 18127 | F11: 9677.4194 | G11: 792.5 | H11: 1612.9032 | I11: 600 | J11: 1290.3226 | K11: 0 | L11: 4419.3548 | M11: 0 | N11: 0 | O11: =M11+N11 -> 0 | P11: 967.74193 | Q11: 4281.05 | R11: 7936.2903 | S11: =SUM(C11+E11+G11+I11+K11+O11+Q11) -> 29039.25 | T11: =SUM(D11+F11+H11+J11+L11+P11+R11) -> 30420.161 | U11: 600.8 | V11: 2419.3548 | W11: =SUM(S11+U11) -> 29640.05 | X11: =SUM(T11+V11) -> 32839.516 | Y11: hohe Bewölkung | Z11: 25 | AA11: °C
A12: KW | B12: 31 | C12: =SUM(C5:C11) -> 36777.15 | D12: =SUM(D5:D11) -> 31612.903 | E12: =SUM(E5:E11) -> 97020.3 | F12: =SUM(F5:F11) -> 67741.935 | G12: =SUM(G5:G11) -> 4885.8 | H12: =SUM(H5:H11) -> 11290.323 | I12: =SUM(I5:I11) -> 8730.5 | J12: =SUM(J5:J11) -> 9032.2581 | ... X12: =SUM(X5:X11) -> 229876.61 | Y12: Ø Temp | Z12: =SUM(Z5:Z11)/7 -> 29.142857 | AA12: °C
A13: =SUM(A11+1) -> 8 | B13: Mo | C13: 1482.6 | D13: 4516.129 | E13: 16493.3 | F13: 9677.4194 | G13: 786.4 | H13: 1612.9032 | I13: 0 | J13: 1290.3226 | K13: 0 | L13: 4419.3548 | M13: 0 | N13: 0 | O13: =M13+N13 -> 0 | P13: 967.74193 | Q13: 6180.1 | R13: 7936.2903 | S13: =SUM(C13+E13+G13+I13+K13+O13+Q13) -> 24942.4 | T13: =SUM(D13+F13+H13+J13+L13+P13+R13) -> 30420.161 | U13: 2453.4 | V13: 2419.3548 | W13: =SUM(S13+U13) -> 27395.8 | X13: =SUM(T13+V13) -> 32839.516 | Y13: sonnig | Z13: 26 | AA13: °C
A14: =SUM(A13+1) -> 9 | B14: Di | C14: 1406.2 | D14: 4516.129 | E14: 17894.2 | F14: 9677.4194 | G14: 789.8 | H14: 1612.9032 | I14: 0 | J14: 1290.3226 | K14: 0 | L14: 4419.3548 | M14: 365.5 | N14: 1696 | O14: =M14+N14 -> 2061.5 | P14: 967.74193 | Q14: 6399.4 | R14: 7936.2903 | S14: =SUM(C14+E14+G14+I14+K14+O14+Q14) -> 28551.1 | T14: =SUM(D14+F14+H14+J14+L14+P14+R14) -> 30420.161 | U14: 3500.9 | V14: 2419.3548 | W14: =SUM(S14+U14) -> 32052 | X14: =SUM(T14+V14) -> 32839.516 | Y14: sonnig | Z14: 27 | AA14: °C
A15: =SUM(A14+1) -> 10 | B15: Mi | C15: 1666.1 | D15: 4516.129 | E15: 16026 | F15: 9677.4194 | G15: 844.3 | H15: 1612.9032 | I15: 0 | J15: 1290.3226 | K15: 0 | L15: 4419.3548 | M15: 0 | N15: 864 | O15: =M15+N15 -> 864 | P15: 967.74193 | Q15: 6153.6 | R15: 7936.2903 | S15: =SUM(C15+E15+G15+I15+K15+O15+Q15) -> 25554 | T15: =SUM(D15+F15+H15+J15+L15+P15+R15) -> 30420.161 | U15: 4668.4 | V15: 2419.3548 | W15: =SUM(S15+U15) -> 30222.4 | X15: =SUM(T15+V15) -> 32839.516 | Y15: sonnig | Z15: 28 | AA15: °C
A16: =SUM(A15+1) -> 11 | B16: Do | C16: 1657.4 | D16: 4516.129 | E16: 16465 | F16: 9677.4194 | G16: 842.5 | H16: 1612.9032 | I16: 0 | J16: 1290.3226 | K16: 0 | L16: 4419.3548 | M16: 0 | N16: 2634 | O16: =M16+N16 -> 2634 | P16: 967.74193 | Q16: 6315.6 | R16: 7936.2903 | S16: =SUM(C16+E16+G16+I16+K16+O16+Q16) -> 27914.5 | T16: =SUM(D16+F16+H16+J16+L16+P16+R16) -> 30420.161 | U16: 5004.8 | V16: 2419.3548 | W16: =SUM(S16+U16) -> 32919.3 | X16: =SUM(T16+V16) -> 32839.516 | Y16: sonnig | Z16: 28 | AA16: °C
A17: =SUM(A16+1) -> 12 | B17: Fr | C17: -3470.1 | D17: 4516.129 | E17: 19144 | F17: 9677.4194 | G17: 988.4 | H17: 1612.9032 | I17: 3158 | J17: 1290.3226 | K17: 15854.4 | L17: 4419.3548 | M17: 0 | N17: 1025 | O17: =M17+N17 -> 1025 | P17: 967.74193 | Q17: 8789.5 | R17: 7936.2903 | S17: =SUM(C17+E17+G17+I17+K17+O17+Q17) -> 45489.2 | T17: =SUM(D17+F17+H17+J17+L17+P17+R17) -> 30420.161 | U17: 4621.6 | V17: 2419.3548 | W17: =SUM(S17+U17) -> 50110.8 | X17: =SUM(T17+V17) -> 32839.516 | Y17: sonnig | Z17: 28 | AA17: °C
A18: =SUM(A17+1) -> 13 | B18: Sa | C18: 920.3 | D18: 4516.129 | E18: 21083.7 | F18: 9677.4194 | G18: 1287.4 | H18: 1612.9032 | I18: 3164.5 | J18: 1290.3226 | K18: 16415.7 | L18: 4419.3548 | M18: 0 | N18: 0 | O18: =M18+N18 -> 0 | P18: 967.74193 | Q18: 10214.2 | R18: 7936.2903 | S18: =SUM(C18+E18+G18+I18+K18+O18+Q18) -> 53085.8 | T18: =SUM(D18+F18+H18+J18+L18+P18+R18) -> 30420.161 | U18: 5315.1 | V18: 2419.3548 | W18: =SUM(S18+U18) -> 58400.9 | X18: =SUM(T18+V18) -> 32839.516 | Y18: sonnig | Z18: 28 | AA18: °C
A19: =SUM(A18+1) -> 14 | B19: So | C19: 2776.9 | D19: 4516.129 | E19: 18214.1 | F19: 9677.4194 | G19: 1213.6 | H19: 1612.9032 | I19: 0 | J19: 1290.3226 | K19: 3820.8 | L19: 4419.3548 | M19: 0 | N19: 0 | O19: =M19+N19 -> 0 | P19: 967.74193 | Q19: 6370.75 | R19: 7936.2903 | S19: =SUM(C19+E19+G19+I19+K19+O19+Q19) -> 32396.15 | T19: =SUM(D19+F19+H19+J19+L19+P19+R19) -> 30420.161 | U19: 3731.1 | V19: 2419.3548 | W19: =SUM(S19+U19) -> 36127.25 | X19: =SUM(T19+V19) -> 32839.516 | Y19: sonnig | Z19: 27 | AA19: °C
A20: KW | B20: =SUM(B12+1) -> 32 | C20: =SUM(C13:C19) -> 6439.4 | D20: =SUM(D13:D19) -> 31612.903 | E20: =SUM(E13:E19) -> 125320.3 | F20: =SUM(F13:F19) -> 67741.935 | G20: =SUM(G13:G19) -> 6752.4 | H20: =SUM(H13:H19) -> 11290.323 | I20: =SUM(I13:I19) -> 6322.5 | J20: =SUM(J13:J19) -> 9032.2581 | ... X20: =SUM(X13:X19) -> 229876.61 | Y20: Ø Temp | Z20: =SUM(Z13:Z19)/7 -> 27.428571 | AA20: °C
A21: =SUM(A19+1) -> 15 | B21: Mo | C21: 9900 | D21: 4516.129 | E21: 8358.2 | F21: 9677.4194 | G21: 854.4 | H21: 1612.9032 | I21: 0 | J21: 1290.3226 | K21: 0 | L21: 4419.3548 | M21: 0 | N21: 0 | O21: =M21+N21 -> 0 | P21: 967.74193 | Q21: 3530.2 | R21: 7936.2903 | S21: =SUM(C21+E21+G21+I21+K21+O21+Q21) -> 22642.8 | T21: =SUM(D21+F21+H21+J21+L21+P21+R21) -> 30420.161 | U21: 920.6 | V21: 2419.3548 | W21: =SUM(S21+U21) -> 23563.4 | X21: =SUM(T21+V21) -> 32839.516 | Y21: sonnig | Z21: 26 | AA21: °C | AB21: Maria Himmelfahrt
A22: =SUM(A21+1) -> 16 | B22: Di | C22: 2841.4 | D22: 4516.129 | E22: 16615.7 | F22: 9677.4194 | G22: 688.2 | H22: 1612.9032 | I22: 0 | J22: 1290.3226 | K22: 0 | L22: 4419.3548 | M22: 0 | N22: 0 | O22: =M22+N22 -> 0 | P22: 967.74193 | Q22: 3922.6 | R22: 7936.2903 | S22: =SUM(C22+E22+G22+I22+K22+O22+Q22) -> 24067.9 | T22: =SUM(D22+F22+H22+J22+L22+P22+R22) -> 30420.161 | U22: 4644.1 | V22: 2419.3548 | W22: =SUM(S22+U22) -> 28712 | X22: =SUM(T22+V22) -> 32839.516 | Y22: sonnig | Z22: 26 | AA22: °C
A23: =SUM(A22+1) -> 17 | B23: Mi | C23: 5244.5 | D23: 4516.129 | E23: 8451.9 | F23: 9677.4194 | G23: 285.3 | H23: 1612.9032 | I23: 0 | J23: 1290.3226 | K23: 0 | L23: 4419.3548 | M23: 1560.3 | N23: 2539 | O23: =M23+N23 -> 4099.3 | P23: 967.74193 | Q23: 6103.7 | R23: 7936.2903 | S23: =SUM(C23+E23+G23+I23+K23+O23+Q23) -> 24184.7 | T23: =SUM(D23+F23+H23+J23+L23+P23+R23) -> 30420.161 | U23: 872.3 | V23: 2419.3548 | W23: =SUM(S23+U23) -> 25057 | X23: =SUM(T23+V23) -> 32839.516 | Y23: sonnig, Abends Regen | Z23: 26 | AA23: °C
A24: =SUM(A23+1) -> 18 | B24: Do | C24: 7363.3 | D24: 4516.129 | E24: 3216.4 | F24: 9677.4194 | G24: 349.2 | H24: 1612.9032 | I24: 0 | J24: 1290.3226 | K24: 0 | L24: 4419.3548 | M24: 723.8 | N24: 4275 | O24: =M24+N24 -> 4998.8 | P24: 967.74193 | Q24: 3614.6 | R24: 7936.2903 | S24: =SUM(C24+E24+G24+I24+K24+O24+Q24) -> 19542.3 | T24: =SUM(D24+F24+H24+J24+L24+P24+R24) -> 30420.161 | U24: 0 | V24: 2419.3548 | W24: =SUM(S24+U24) -> 19542.3 | X24: =SUM(T24+V24) -> 32839.516 | Y24: bewölkt | Z24: 22 | AA24: °C
A25: =SUM(A24+1) -> 19 | B25: Fr | C25: 12796.4 | D25: 4516.129 | E25: 83.8 | F25: 9677.4194 | G25: 162.4 | H25: 1612.9032 | I25: 2835 | J25: 1290.3226 | K25: 11335.2 | L25: 4419.3548 | M25: 0 | N25: 505 | O25: =M25+N25 -> 505 | P25: 967.74193 | Q25: 5865.5 | R25: 7936.2903 | S25: =SUM(C25+E25+G25+I25+K25+O25+Q25) -> 33583.3 | T25: =SUM(D25+F25+H25+J25+L25+P25+R25) -> 30420.161 | U25: 0 | V25: 2419.3548 | W25: =SUM(S25+U25) -> 33583.3 | X25: =SUM(T25+V25) -> 32839.516 | Y25: Regen | Z25: 20 | AA25: °C
A26: =SUM(A25+1) -> 20 | B26: Sa | C26: 8868 | D26: 4516.129 | E26: 6191.9 | F26: 9677.4194 | G26: 648.9 | H26: 1612.9032 | I26: 3630 | J26: 1290.3226 | K26: 16815.2 | L26: 4419.3548 | M26: 0 | N26: 0 | O26: =M26+N26 -> 0 | P26: 967.74193 | Q26: 12737.6 | R26: 7936.2903 | S26: =SUM(C26+E26+G26+I26+K26+O26+Q26) -> 48891.6 | T26: =SUM(D26+F26+H26+J26+L26+P26+R26) -> 30420.161 | U26: 0 | V26: 2419.3548 | W26: =SUM(S26+U26) -> 48891.6 | X26: =SUM(T26+V26) -> 32839.516 | Y26: Regen | Z26: 20 | AA26: °C
A27: =SUM(A26+1) -> 21 | B27: So | C27: 1639.5 | D27: 4516.129 | E27: 19467.85 | F27: 9677.4194 | G27: 1024 | H27: 1612.9032 | I27: 0 | J27: 1290.3226 | K27: 4121.4 | L27: 4419.3548 | M27: 0 | N27: 0 | O27: =M27+N27 -> 0 | P27: 967.74193 | Q27: 3579.1 | R27: 7936.2903 | S27: =SUM(C27+E27+G27+I27+K27+O27+Q27) -> 29831.85 | T27: =SUM(D27+F27+H27+J27+L27+P27+R27) -> 30420.161 | U27: 1419.8 | V27: 2419.3548 | W27: =SUM(S27+U27) -> 31251.65 | X27: =SUM(T27+V27) -> 32839.516 | Y27: Sonnig | Z27: 25 | AA27: °C
A28: KW | B28: =SUM(B20+1) -> 33 | C28: =SUM(C21:C27) -> 48653.1 | D28: =SUM(D21:D27) -> 31612.903 | E28: =SUM(E21:E27) -> 62385.75 | F28: =SUM(F21:F27) -> 67741.935 | G28: =SUM(G21:G27) -> 4012.4 | H28: =SUM(H21:H27) -> 11290.323 | I28: =SUM(I21:I27) -> 6465 | J28: =SUM(J21:J27) -> 9032.2581 | ... X28: =SUM(X21:X27) -> 229876.61 | Y28: Ø Temp | Z28: =SUM(Z21:Z27)/7 -> 23.571429 | AA28: °C
A29: =SUM(A27+1) -> 22 | B29: Mo | C29: 1193.8 | D29: 4516.129 | E29: 10884.9 | F29: 9677.4194 | G29: 1238.5 | H29: 1612.9032 | I29: 0 | J29: 1290.3226 | K29: 0 | L29: 4419.3548 | M29: 3574.2 | N29: 5202 | O29: =M29+N29 -> 8776.2 | P29: 967.74193 | Q29: 7278.7 | R29: 7936.2903 | S29: =SUM(C29+E29+G29+I29+K29+O29+Q29) -> 29372.1 | T29: =SUM(D29+F29+H29+J29+L29+P29+R29) -> 30420.161 | U29: 1314.3 | V29: 2419.3548 | W29: =SUM(S29+U29) -> 30686.4 | X29: =SUM(T29+V29) -> 32839.516 | Y29: Sonnig | Z29: 26 | AA29: °C
A30: =SUM(A29+1) -> 23 | B30: Di | C30: 1394.5 | D30: 4516.129 | E30: 15838.9 | F30: 9677.4194 | G30: 593.5 | H30: 1612.9032 | I30: 0 | J30: 1290.3226 | K30: 2740.1 | L30: 4419.3548 | M30: 182.9 | N30: 3858 | O30: =M30+N30 -> 4040.9 | P30: 967.74193 | Q30: 4943.8 | R30: 7936.2903 | S30: =SUM(C30+E30+G30+I30+K30+O30+Q30) -> 29551.7 | T30: =SUM(D30+F30+H30+J30+L30+P30+R30) -> 30420.161 | U30: 2779.7 | V30: 2419.3548 | W30: =SUM(S30+U30) -> 32331.4 | X30: =SUM(T30+V30) -> 32839.516 | Y30: sonnig | Z30: 29 | AA30: °C
A31: =SUM(A30+1) -> 24 | B31: Mi | C31: 1782.9 | D31: 4516.129 | E31: 15817.9 | F31: 9677.4194 | G31: 853.9 | H31: 1612.9032 | I31: 0 | J31: 1290.3226 | K31: 3677.4 | L31: 4419.3548 | M31: 416.8 | N31: 1631 | O31: =M31+N31 -> 2047.8 | P31: 967.74193 | Q31: 6819.5 | R31: 7936.2903 | S31: =SUM(C31+E31+G31+I31+K31+O31+Q31) -> 30999.4 | T31: =SUM(D31+F31+H31+J31+L31+P31+R31) -> 30420.161 | U31: 2627.5 | V31: 2419.3548 | W31: =SUM(S31+U31) -> 33626.9 | X31: =SUM(T31+V31) -> 32839.516 | Y31: sonnig | Z31: 27 | AA31: °C
A32: =SUM(A31+1) -> 25 | B32: Do | C32: 1340.4 | D32: 4516.129 | E32: 14380 | F32: 9677.4194 | G32: 697.2 | H32: 1612.9032 | I32: 0 | J32: 1290.3226 | K32: 6644.3 | L32: 4419.3548 | M32: 298.4 | N32: 6131 | O32: =M32+N32 -> 6429.4 | P32: 967.74193 | Q32: 8166.2 | R32: 7936.2903 | S32: =SUM(C32+E32+G32+I32+K32+O32+Q32) -> 37657.5 | T32: =SUM(D32+F32+H32+J32+L32+P32+R32) -> 30420.161 | U32: 3362.4 | V32: 2419.3548 | W32: =SUM(S32+U32) -> 41019.9 | X32: =SUM(T32+V32) -> 32839.516 | Y32: sonnig | Z32: 29 | AA32: °C
A33: =SUM(A32+1) -> 26 | B33: Fr | C33: 8039 | D33: 4516.129 | E33: 6076.1 | F33: 9677.4194 | G33: 506.4 | H33: 1612.9032 | I33: 3840 | J33: 1290.3226 | K33: 14531.2 | L33: 4419.3548 | M33: 0 | N33: 786 | O33: =M33+N33 -> 786 | P33: 967.74193 | Q33: 10201.6 | R33: 7936.2903 | S33: =SUM(C33+E33+G33+I33+K33+O33+Q33) -> 43980.3 | T33: =SUM(D33+F33+H33+J33+L33+P33+R33) -> 30420.161 | U33: 641.8 | V33: 2419.3548 | W33: =SUM(S33+U33) -> 44622.1 | X33: =SUM(T33+V33) -> 32839.516 | Y33: sonnig, Abends Regen | Z33: 28 | AA33: °C
A34: =SUM(A33+1) -> 27 | B34: Sa | C34: 3963.4 | D34: 4516.129 | E34: 14476.2 | F34: 9677.4194 | G34: 611.6 | H34: 1612.9032 | I34: 2340 | J34: 1290.3226 | K34: 14321.8 | L34: 4419.3548 | M34: 118 | N34: 571 | O34: =M34+N34 -> 689 | P34: 967.74193 | Q34: 9875.9 | R34: 7936.2903 | S34: =SUM(C34+E34+G34+I34+K34+O34+Q34) -> 46277.9 | T34: =SUM(D34+F34+H34+J34+L34+P34+R34) -> 30420.161 | U34: 0 | V34: 2419.3548 | W34: =SUM(S34+U34) -> 46277.9 | X34: =SUM(T34+V34) -> 32839.516 | Y34: bedeckt | Z34: 25 | AA34: °C
A35: =SUM(A34+1) -> 28 | B35: So | C35: 1900.5 | D35: 4516.129 | E35: 15900.6 | F35: 9677.4194 | G35: 672.1 | H35: 1612.9032 | I35: 0 | J35: 1290.3226 | K35: 6972.4 | L35: 4419.3548 | M35: 0 | N35: 0 | O35: =M35+N35 -> 0 | P35: 967.74193 | Q35: 3590.4 | R35: 7936.2903 | S35: =SUM(C35+E35+G35+I35+K35+O35+Q35) -> 29036 | T35: =SUM(D35+F35+H35+J35+L35+P35+R35) -> 30420.161 | U35: 1203.4 | V35: 2419.3548 | W35: =SUM(S35+U35) -> 30239.4 | X35: =SUM(T35+V35) -> 32839.516 | Y35: teilweise sonnig | Z35: 26 | AA35: °C
A36: KW | B36: =SUM(B28+1) -> 34 | C36: =SUM(C29:C35) -> 19614.5 | D36: =SUM(D29:D35) -> 31612.903 | E36: =SUM(E29:E35) -> 93374.6 | F36: =SUM(F29:F35) -> 67741.935 | G36: =SUM(G29:G35) -> 5173.2 | H36: =SUM(H29:H35) -> 11290.323 | I36: =SUM(I29:I35) -> 6180 | J36: =SUM(J29:J35) -> 9032.2581 | ... X36: =SUM(X29:X35) -> 229876.61 | Y36: Ø Temp | Z36: =SUM(Z29:Z35)/7 -> 27.142857 | AA36: °C
A37: =SUM(A35+1) -> 29 | B37: Mo | C37: 1209.7 | D37: 4516.129 | E37: 8793.7 | F37: 9677.4194 | G37: 604.5 | H37: 1612.9032 | I37: 0 | J37: 1290.3226 | K37: 790 | L37: 4419.3548 | M37: 1370.1 | N37: 957 | O37: =M37+N37 -> 2327.1 | P37: 967.74193 | Q37: 3626.2 | R37: 7936.2903 | S37: =SUM(C37+E37+G37+I37+K37+O37+Q37) -> 17351.2 | T37: =SUM(D37+F37+H37+J37+L37+P37+R37) -> 30420.161 | U37: 1912.1 | V37: 2419.3548 | W37: =SUM(S37+U37) -> 19263.3 | X37: =SUM(T37+V37) -> 32839.516 | Y37: sonnig | Z37: 27 | AA37: °C
A38: 30 | B38: Di | C38: 5789.3 | D38: 4516.129 | E38: 5525.6 | F38: 9677.4194 | G38: 539.8 | H38: 1612.9032 | I38: 0 | J38: 1290.3226 | K38: 1618 | L38: 4419.3548 | M38: 1526.8 | N38: 6507 | O38: =M38+N38 -> 8033.8 | P38: 967.74193 | Q38: 5853.3 | R38: 7936.2903 | S38: =SUM(C38+E38+G38+I38+K38+O38+Q38) -> 27359.8 | T38: =SUM(D38+F38+H38+J38+L38+P38+R38) -> 30420.161 | U38: 946 | V38: 2419.3548 | W38: =SUM(S38+U38) -> 28305.8 | X38: =SUM(T38+V38) -> 32839.516 | Y38: sonnig | Z38: 26 | AA38: °C
A39: 31 | B39: Mi | C39: 8708.6 | D39: 4516.129 | E39: 851.4 | F39: 9677.4194 | G39: 370.7 | H39: 1612.9032 | I39: 0 | J39: 1290.3226 | K39: 1689.5 | L39: 4419.3548 | M39: 425.3 | N39: 6337 | O39: =M39+N39 -> 6762.3 | P39: 967.74193 | Q39: 4068.6 | R39: 7936.2903 | S39: =SUM(C39+E39+G39+I39+K39+O39+Q39) -> 22451.1 | T39: =SUM(D39+F39+H39+J39+L39+P39+R39) -> 30420.161 | U39: 0 | V39: 2419.3548 | W39: =SUM(S39+U39) -> 22451.1 | X39: =SUM(T39+V39) -> 32839.516 | Y39: bewölkt | Z39: 22 | AA39: °C
A40: KW | B40: =SUM(B36+1) -> 35 | C40: =SUM(C37:C39) -> 15707.6 | D40: =SUM(D37:D39) -> 13548.387 | E40: =SUM(E37:E39) -> 15170.7 | F40: =SUM(F37:F39) -> 29032.258 | G40: =SUM(G37:G39) -> 1515 | H40: =SUM(H37:H39) -> 4838.7097 | I40: =SUM(I37:I39) -> 0 | J40: =SUM(J37:J39) -> 3870.9677 | ... X40: =SUM(X37:X39) -> 98518.548 | Y40: Ø Temp | Z40: =SUM(Z37:Z39)/2 -> 37.5 | AA40: °C
A41: Umsatz kumuliert | C41: =SUM(C12+C20+C28+C36+C40) -> 127191.75 | D41: =SUM(D12+D20+D28+D36+D40) -> 140000 | E41: =SUM(E12+E20+E28+E36+E40) -> 393271.65 | F41: =SUM(F12+F20+F28+F36+F40) -> 300000 | G41: =SUM(G12+G20+G28+G36+G40) -> 22338.8 | H41: =SUM(H12+H20+H28+H36+H40) -> 50000 | I41: =SUM(I12+I20+I28+I36+I40) -> 27698 | J41: =SUM(J12+J20+J28+J36+J40) -> 40000 | ... N41: =SUM(N12+N20+N28+N36+N40) -> 47284 | O41: =M41+N41 -> 57846.1 | P41: =P12+P20+P28+P36+P40 -> 30000 | Q41: =SUM(Q12+Q20+Q28+Q36+Q40) -> 201685.85 | R41: =SUM(R12+R20+R28+R36+R40) -> 246025 | S41: =SUM(S12+S20+S28+S36+S40) -> 981100.15 | T41: =SUM(T12+T20+T28+T36+T40) -> 943025 | U41: =SUM(U12+U20+U28+U36+U40) -> 84571.4 | V41: =SUM(V12+V20+V28+V36+V40) -> 75000 | W41: =SUM(W12+W20+W28+W36+W40) -> 1065671.6 | X41: =SUM(X12+X20+X28+X36+X40) -> 1018025 | Y41: Umsatz kumuliert
A42: Umsatz pro Tag | C42: =C41/31 -> 4102.9597 | D42: =D41/31 -> 4516.129 | E42: =E41/31 -> 12686.182 | F42: =F41/31 -> 9677.4193 | G42: =G41/31 -> 720.60645 | H42: =H41/31 -> 1612.9032 | I42: =I41/31 -> 893.48387 | J42: =J41/31 -> 1290.3226 | ... X42: =X41/31 -> 32839.516 | Y42: Budget pro Tag
A43: Diff. zu Budget | C43: =SUM(C41-D41) -> -12808.25 | E43: =SUM(E41-F41) -> 93271.65 | G43: =SUM(G41-H41) -> -27661.2 | I43: =SUM(I41-J41) -> -12302 | K43: =SUM(K41-L41) -> 14068 | P43: =SUM(O41-P41) -> 27846.1 | Q43: =SUM(Q41-R41) -> -44339.15 | S43: =SUM(S41-T41) -> 38075.15 | U43: =SUM(U41-V41) -> 9571.4003 | W43: =SUM(W41-X41) -> 47646.551
A44: Index | C44: =SUM(100/D41*C41) -> 90.85125 | E44: =SUM(100/F41*E41) -> 131.09055 | G44: =SUM(100/H41*G41) -> 44.6776 | I44: =SUM(100/J41*I41) -> 69.245 | K44: =SUM(100/L41*K41) -> 110.26861 | M44: =SUM(100/N41*M41) -> 22.337577 | N44: =SUM(100/O41*N41) -> 81.741034 | O44: =SUM(100/P41*O41) -> 192.82033 | Q44: =SUM(100/R41*Q41) -> 81.977787 | S44: =SUM(100/T41*S41) -> 104.03755 | U44: =SUM(100/V41*U41) -> 112.76187 | W44: =SUM(100/X41*W41) -> 104.68029

Sheet 09_22
A1: Tagesumsätze | H1: 44805
C3: Restaurant | E3: Terrasse | G3: Lounge | I3: Pavillon | K3: Bankett | M3: Seminar | Q3: Hotel | S3: TOTAL Gesamtbetrieb ohne Seebad | U3: Seebad | W3: TOTAL Gesamtbetrieb mit Seebad | Y3: Info's
C4: IST | D4: Budget | E4: IST | F4: Budget | G4: IST | H4: Budget | I4: IST | J4: Budget | K4: IST | L4: Budget | M4: IST/GN | N4: IST/ET | O4: TOTAL IST | P4: Budget | Q4: IST | R4: Budget | S4: IST | T4: Budget | U4: IST | V4: Budget | W4: IST | X4: Budget | Y4: Wetter | Z4: Temp. | AB4: Bemerkung
A5: 1 | B5: Do | C5: 4649 | D5: 5000 | E5: 5889.8 | F5: 8333.3333 | G5: 199.4 | H5: 1000 | I5: 0 | J5: 1000 | K5: 4329.7 | L5: 3200 | M5: 2730.1 | N5: 3491 | O5: =M5+N5 -> 6221.1 | P5: 2000 | Q5: 7839.7 | R5: 6843.3333 | S5: =SUM(C5+E5+G5+I5+K5+O5+Q5) -> 29128.7 | T5: =SUM(D5+F5+H5+J5+L5+P5+R5) -> 27376.667 | U5: 274.5 | V5: 500 | W5: =SUM(S5+U5) -> 29403.2 | X5: =SUM(T5+V5) -> 27876.667 | Y5: bewölkt | Z5: 22 | AA5: °C
A6: =SUM(A5+1) -> 2 | B6: Fr | C6: 7729.9 | D6: 5000 | E6: 8456 | F6: 8333.3333 | G6: 361 | H6: 1000 | I6: 3075 | J6: 1000 | K6: 12238.9 | L6: 3200 | M6: 336 | N6: 0 | O6: =M6+N6 -> 336 | P6: 2000 | Q6: 9902.75 | R6: 6843.3333 | S6: =SUM(C6+E6+G6+I6+K6+O6+Q6) -> 42099.55 | T6: =SUM(D6+F6+H6+J6+L6+P6+R6) -> 27376.667 | U6: 375.6 | V6: 500 | W6: =SUM(S6+U6) -> 42475.15 | X6: =SUM(T6+V6) -> 27876.667 | Y6: bewölkt | Z6: 22 | AA6: °C
A7: =SUM(A6+1) -> 3 | B7: Sa | C7: 12258.6 | D7: 5000 | E7: 3271.1 | F7: 8333.3333 | G7: 333.2 | H7: 1000 | I7: 2590 | J7: 1000 | K7: 15716.2 | L7: 3200 | M7: 0 | N7: 0 | O7: =M7+N7 -> 0 | P7: 2000 | Q7: 10271.15 | R7: 6843.3333 | S7: =SUM(C7+E7+G7+I7+K7+O7+Q7) -> 44440.25 | T7: =SUM(D7+F7+H7+J7+L7+P7+R7) -> 27376.667 | U7: 0 | V7: 500 | W7: =SUM(S7+U7) -> 44440.25 | X7: =SUM(T7+V7) -> 27876.667 | Y7: meist sonnig | Z7: 24 | AA7: °C
A8: =SUM(A7+1) -> 4 | B8: So | C8: 1397.5 | D8: 5000 | E8: 20359.8 | F8: 8333.3333 | G8: 899.1 | H8: 1000 | I8: 0 | J8: 1000 | K8: 11548.8 | L8: 3200 | M8: 0 | N8: 0 | O8: =M8+N8 -> 0 | P8: 2000 | Q8: 3390.05 | R8: 6843.3333 | S8: =SUM(C8+E8+G8+I8+K8+O8+Q8) -> 37595.25 | T8: =SUM(D8+F8+H8+J8+L8+P8+R8) -> 27376.667 | U8: 2747 | V8: 500 | W8: =SUM(S8+U8) -> 40342.25 | X8: =SUM(T8+V8) -> 27876.667 | Y8: sonnig | Z8: 26 | AA8: °C
A9: KW | B9: 36 | C9: =SUM(C5:C8) -> 26035 | D9: =SUM(D5:D8) -> 20000 | E9: =SUM(E5:E8) -> 37976.7 | F9: =SUM(F5:F8) -> 33333.333 | G9: =SUM(G5:G8) -> 1792.7 | H9: =SUM(H5:H8) -> 4000 | I9: =SUM(I5:I8) -> 5665 | J9: =SUM(J5:J8) -> 4000 | ... X9: =SUM(X5:X8) -> 111506.67 | Y9: Ø Temp | Z9: =SUM(Z5:Z8)/5 -> 18.8 | AA9: °C
A10: =SUM(A8+1) -> 5 | B10: Mo | C10: 571.1 | D10: 5000 | E10: 9964.9 | F10: 8333.3333 | G10: 572.2 | H10: 1000 | I10: 0 | J10: 1000 | K10: 0 | L10: 3200 | M10: 27.5 | N10: 3571 | O10: =M10+N10 -> 3598.5 | P10: 2000 | Q10: 3029.05 | R10: 6843.3333 | S10: =SUM(C10+E10+G10+I10+K10+O10+Q10) -> 17735.75 | T10: =SUM(D10+F10+H10+J10+L10+P10+R10) -> 27376.667 | U10: 1564 | V10: 500 | W10: =SUM(S10+U10) -> 19299.75 | X10: =SUM(T10+V10) -> 27876.667 | Y10: sonnig | Z10: 25 | AA10: °C
A11: =SUM(A10+1) -> 6 | B11: Di | C11: 1471.1 | D11: 5000 | E11: 7934 | F11: 8333.3333 | G11: 614.8 | H11: 1000 | I11: 0 | J11: 1000 | K11: 2805.3 | L11: 3200 | M11: 1521.3 | N11: 4296 | O11: =M11+N11 -> 5817.3 | P11: 2000 | Q11: 5254 | R11: 6843.3333 | S11: =SUM(C11+E11+G11+I11+K11+O11+Q11) -> 23896.5 | T11: =SUM(D11+F11+H11+J11+L11+P11+R11) -> 27376.667 | U11: 708 | V11: 500 | W11: =SUM(S11+U11) -> 24604.5 | X11: =SUM(T11+V11) -> 27876.667 | Y11: bedeckt | Z11: 22 | AA11: °C
A12: =SUM(A11+1) -> 7 | B12: Mi | C12: 5068.3 | D12: 5000 | E12: 3568.6 | F12: 8333.3333 | G12: 268.7 | H12: 1000 | I12: 0 | J12: 1000 | K12: 6243.4 | L12: 3200 | M12: 814.2 | N12: 4990 | O12: =M12+N12 -> 5804.2 | P12: 2000 | Q12: 6869.9 | R12: 6843.3333 | S12: =SUM(C12+E12+G12+I12+K12+O12+Q12) -> 27823.1 | T12: =SUM(D12+F12+H12+J12+L12+P12+R12) -> 27376.667 | U12: 222.4 | V12: 500 | W12: =SUM(S12+U12) -> 28045.5 | X12: =SUM(T12+V12) -> 27876.667 | Y12: wechselnd bewölkt | Z12: 22 | AA12: °C
A13: =SUM(A12+1) -> 8 | B13: Do | C13: 6964.3 | D13: 5000 | E13: 3616.2 | F13: 8333.3333 | G13: 398.5 | H13: 1000 | I13: 0 | J13: 1000 | K13: 0 | L13: 3200 | M13: 684.3 | N13: 3021 | O13: =M13+N13 -> 3705.3 | P13: 2000 | Q13: 7367.3 | R13: 6843.3333 | S13: =SUM(C13+E13+G13+I13+K13+O13+Q13) -> 22051.6 | T13: =SUM(D13+F13+H13+J13+L13+P13+R13) -> 27376.667 | U13: 251.9 | V13: 500 | W13: =SUM(S13+U13) -> 22303.5 | X13: =SUM(T13+V13) -> 27876.667 | Y13: sonnig | Z13: 22 | AA13: °C
A14: =SUM(A13+1) -> 9 | B14: Fr | C14: 10567.5 | D14: 5000 | E14: 1441.2 | F14: 8333.3333 | G14: 341.6 | H14: 1000 | I14: 0 | J14: 1000 | K14: 15147.9 | L14: 3200 | M14: 20.7 | N14: 3162 | O14: =M14+N14 -> 3182.7 | P14: 2000 | Q14: 9106 | R14: 6843.3333 | S14: =SUM(C14+E14+G14+I14+K14+O14+Q14) -> 39786.9 | T14: =SUM(D14+F14+H14+J14+L14+P14+R14) -> 27376.667 | U14: 84 | V14: 500 | W14: =SUM(S14+U14) -> 39870.9 | X14: =SUM(T14+V14) -> 27876.667 | Y14: Regen | Z14: 18 | AA14: °C
A15: =SUM(A14+1) -> 10 | B15: Sa | C15: 11731.2 | D15: 5000 | E15: 1658.6 | F15: 8333.3333 | G15: 574.8 | H15: 1000 | I15: 600 | J15: 1000 | K15: 13314.4 | L15: 3200 | M15: 0 | N15: 0 | O15: =M15+N15 -> 0 | P15: 2000 | Q15: 10764.8 | R15: 6843.3333 | S15: =SUM(C15+E15+G15+I15+K15+O15+Q15) -> 38643.8 | T15: =SUM(D15+F15+H15+J15+L15+P15+R15) -> 27376.667 | U15: 0 | V15: 500 | W15: =SUM(S15+U15) -> 38643.8 | X15: =SUM(T15+V15) -> 27876.667 | Y15: bewölkt | Z15: 18 | AA15: °C
A16: =SUM(A15+1) -> 11 | B16: So | C16: 1288.7 | D16: 5000 | E16: 18805.6 | F16: 8333.3333 | G16: 1239.5 | H16: 1000 | I16: 0 | J16: 1000 | K16: 4021.5 | L16: 3200 | M16: 0 | N16: 0 | O16: =M16+N16 -> 0 | P16: 2000 | Q16: 3674.7 | R16: 6843.3333 | S16: =SUM(C16+E16+G16+I16+K16+O16+Q16) -> 29030 | T16: =SUM(D16+F16+H16+J16+L16+P16+R16) -> 27376.667 | U16: 967 | V16: 500 | W16: =SUM(S16+U16) -> 29997 | X16: =SUM(T16+V16) -> 27876.667 | Y16: sonnig | Z16: 22 | AA16: °C
A17: KW | B17: =SUM(B9+1) -> 37 | C17: =SUM(C10:C16) -> 37662.2 | D17: =SUM(D10:D16) -> 35000 | E17: =SUM(E10:E16) -> 46989.1 | F17: =SUM(F10:F16) -> 58333.333 | G17: =SUM(G10:G16) -> 4010.1 | H17: =SUM(H10:H16) -> 7000 | I17: =SUM(I10:I16) -> 600 | J17: =SUM(J10:J16) -> 7000 | ... X17: =SUM(X10:X16) -> 195136.67 | Z17: =SUM(Z10:Z16)/7 -> 21.285714 | AA17: °C
A18: =SUM(A16+1) -> 12 | B18: Mo | C18: 2818.6 | D18: 5000 | E18: 11718.3 | F18: 8333.3333 | G18: 520.4 | H18: 1000 | I18: 0 | J18: 1000 | K18: 1143.6 | L18: 3200 | M18: 623.8 | N18: 2529.6 | O18: =M18+N18 -> 3153.4 | P18: 2000 | Q18: 5296 | R18: 6843.3333 | S18: =SUM(C18+E18+G18+I18+K18+O18+Q18) -> 24650.3 | T18: =SUM(D18+F18+H18+J18+L18+P18+R18) -> 27376.667 | U18: 1056.9 | V18: 500 | W18: =SUM(S18+U18) -> 25707.2 | X18: =SUM(T18+V18) -> 27876.667 | Y18: sonnig | Z18: 24 | AA18: °C
A19: =SUM(A18+1) -> 13 | B19: Di | C19: 1344.7 | D19: 5000 | E19: 10704.7 | F19: 8333.3333 | G19: 295.9 | H19: 1000 | I19: 0 | J19: 1000 | K19: 0 | L19: 3200 | M19: 37.2 | N19: 2618 | O19: =M19+N19 -> 2655.2 | P19: 2000 | Q19: 5742.9 | R19: 6843.3333 | S19: =SUM(C19+E19+G19+I19+K19+O19+Q19) -> 20743.4 | T19: =SUM(D19+F19+H19+J19+L19+P19+R19) -> 27376.667 | U19: 1500 | V19: 500 | W19: =SUM(S19+U19) -> 22243.4 | X19: =SUM(T19+V19) -> 27876.667 | Y19: sonnig | Z19: 27 | AA19: °C
A20: =SUM(A19+1) -> 14 | B20: Mi | C20: 5130.9 | D20: 5000 | E20: 2027.4 | F20: 8333.3333 | G20: 536.5 | H20: 1000 | I20: 0 | J20: 1000 | K20: 1187.5 | L20: 3200 | M20: 0 | N20: 2635 | O20: =M20+N20 -> 2635 | P20: 2000 | Q20: 4805 | R20: 6843.3333 | S20: =SUM(C20+E20+G20+I20+K20+O20+Q20) -> 16322.3 | T20: =SUM(D20+F20+H20+J20+L20+P20+R20) -> 27376.667 | U20: 15.5 | V20: 500 | W20: =SUM(S20+U20) -> 16337.8 | X20: =SUM(T20+V20) -> 27876.667 | Y20: bedeckt | Z20: 24 | AA20: °C
A21: =SUM(A20+1) -> 15 | B21: Do | C21: 6039.05 | D21: 5000 | E21: 241.25 | F21: 8333.3333 | G21: 131 | H21: 1000 | I21: 0 | J21: 1000 | K21: 0 | L21: 3200 | M21: 2009.5 | N21: 6784.8 | O21: =M21+N21 -> 8794.3 | P21: 2000 | Q21: 6594.8 | R21: 6843.3333 | S21: =SUM(C21+E21+G21+I21+K21+O21+Q21) -> 21800.4 | T21: =SUM(D21+F21+H21+J21+L21+P21+R21) -> 27376.667 | U21: 0 | V21: 500 | W21: =SUM(S21+U21) -> 21800.4 | X21: =SUM(T21+V21) -> 27876.667 | Y21: Regen | Z21: 18 | AA21: °C | AB21: Einführung Energiekostenbeitrag
A22: =SUM(A21+1) -> 16 | B22: Fr | C22: 10005.8 | D22: 5000 | E22: 132 | F22: 8333.3333 | G22: 5.15 | H22: 1000 | I22: 0 | J22: 1000 | K22: 15712.4 | L22: 3200 | M22: 114 | N22: 3287 | O22: =M22+N22 -> 3401 | P22: 2000 | Q22: 8423.15 | R22: 6843.3333 | S22: =SUM(C22+E22+G22+I22+K22+O22+Q22) -> 37679.5 | T22: =SUM(D22+F22+H22+J22+L22+P22+R22) -> 27376.667 | U22: 0 | V22: 500 | W22: =SUM(S22+U22) -> 37679.5 | X22: =SUM(T22+V22) -> 27876.667 | Y22: bedeckt | Z22: 18 | AA22: °C
A23: =SUM(A22+1) -> 17 | B23: Sa | C23: 13289 | D23: 5000 | E23: 71 | F23: 8333.3333 | G23: 61.75 | H23: 1000 | I23: 0 | J23: 1000 | K23: 13311.9 | L23: 3200 | M23: 246.5 | N23: 0 | O23: =M23+N23 -> 246.5 | P23: 2000 | Q23: 8093.8 | R23: 6843.3333 | S23: =SUM(C23+E23+G23+I23+K23+O23+Q23) -> 35073.95 | T23: =SUM(D23+F23+H23+J23+L23+P23+R23) -> 27376.667 | U23: 0 | V23: 500 | W23: =SUM(S23+U23) -> 35073.95 | X23: =SUM(T23+V23) -> 27876.667 | Y23: Regen | Z23: 18 | AA23: °C
A24: =SUM(A23+1) -> 18 | B24: So | C24: 13157.2 | D24: 5000 | E24: 2987.1 | F24: 8333.3333 | G24: 811.15 | H24: 1000 | I24: 0 | J24: 1000 | K24: 8638.55 | L24: 3200 | M24: 0 | N24: 0 | O24: =M24+N24 -> 0 | P24: 2000 | Q24: 4204.65 | R24: 6843.3333 | S24: =SUM(C24+E24+G24+I24+K24+O24+Q24) -> 29798.65 | T24: =SUM(D24+F24+H24+J24+L24+P24+R24) -> 27376.667 | U24: 76 | V24: 500 | W24: =SUM(S24+U24) -> 29874.65 | X24: =SUM(T24+V24) -> 27876.667 | Y24: sonnig | Z24: 20 | AA24: °C
A25: KW | B25: =SUM(B17+1) -> 38 | C25: =SUM(C18:C24) -> 51785.25 | D25: =SUM(D18:D24) -> 35000 | E25: =SUM(E18:E24) -> 27881.75 | F25: =SUM(F18:F24) -> 58333.333 | G25: =SUM(G18:G24) -> 2361.85 | H25: =SUM(H18:H24) -> 7000 | I25: =SUM(I18:I24) -> 0 | J25: =SUM(J18:J24) -> 7000 | ... X25: =SUM(X18:X24) -> 195136.67 | Y25: Ø Temp | Z25: =SUM(Z18:Z24)/7 -> 21.285714 | AA25: °C
A26: =SUM(A24+1) -> 19 | B26: Mo | C26: 6231.95 | D26: 5000 | E26: 396.45 | F26: 8333.3333 | G26: 615.1 | H26: 1000 | I26: 0 | J26: 1000 | K26: 0 | L26: 3200 | M26: 1362.2 | N26: 4822.8 | O26: =M26+N26 -> 6185 | P26: 2000 | Q26: 6956.9 | R26: 6843.3333 | S26: =SUM(C26+E26+G26+I26+K26+O26+Q26) -> 20385.4 | T26: =SUM(D26+F26+H26+J26+L26+P26+R26) -> 27376.667 | U26: 0 | V26: 500 | W26: =SUM(S26+U26) -> 20385.4 | X26: =SUM(T26+V26) -> 27876.667 | Y26: bedeckt | Z26: 18 | AA26: °C
A27: =SUM(A26+1) -> 20 | B27: Di | C27: 9612.65 | D27: 5000 | E27: 1260.35 | F27: 8333.3333 | G27: 387.95 | H27: 1000 | I27: 0 | J27: 1000 | K27: 0 | L27: 3200 | M27: 917.05 | N27: 5511 | O27: =M27+N27 -> 6428.05 | P27: 2000 | Q27: 6341.4 | R27: 6843.3333 | S27: =SUM(C27+E27+G27+I27+K27+O27+Q27) -> 24030.4 | T27: =SUM(D27+F27+H27+J27+L27+P27+R27) -> 27376.667 | U27: 31.5 | V27: 500 | W27: =SUM(S27+U27) -> 24061.9 | X27: =SUM(T27+V27) -> 27876.667 | Y27: sonnig | Z27: 18 | AA27: °C
A28: =SUM(A27+1) -> 21 | B28: Mi | C28: 6810.85 | D28: 5000 | E28: 1330.7 | F28: 8333.3333 | G28: 244.15 | H28: 1000 | I28: 0 | J28: 1000 | K28: 0 | L28: 3200 | M28: 248 | N28: 9471 | O28: =M28+N28 -> 9719 | P28: 2000 | Q28: 7419.5 | R28: 6843.3333 | S28: =SUM(C28+E28+G28+I28+K28+O28+Q28) -> 25524.2 | T28: =SUM(D28+F28+H28+J28+L28+P28+R28) -> 27376.667 | U28: 76.3 | V28: 500 | W28: =SUM(S28+U28) -> 25600.5 | X28: =SUM(T28+V28) -> 27876.667 | Y28: sonnig | Z28: 18 | AA28: °C
A29: =SUM(A28+1) -> 22 | B29: Do | C29: 4311.5 | D29: 5000 | E29: 4811.4 | F29: 8333.3333 | G29: 597.85 | H29: 1000 | I29: 0 | J29: 1000 | K29: 2239.7 | L29: 3200 | M29: 163.3 | N29: 4914 | O29: =M29+N29 -> 5077.3 | P29: 2000 | Q29: 6909.85 | R29: 6843.3333 | S29: =SUM(C29+E29+G29+I29+K29+O29+Q29) -> 23947.6 | T29: =SUM(D29+F29+H29+J29+L29+P29+R29) -> 27376.667 | U29: 50 | V29: 500 | W29: =SUM(S29+U29) -> 23997.6 | X29: =SUM(T29+V29) -> 27876.667 | Y29: sonnig | Z29: 18 | AA29: °C
A30: =SUM(A29+1) -> 23 | B30: Fr | C30: 9100.6 | D30: 5000 | E30: 1265.35 | F30: 8333.3333 | G30: 378.3 | H30: 1000 | I30: 0 | J30: 1000 | K30: 4420.7 | L30: 3200 | M30: 0 | N30: 4442 | O30: =M30+N30 -> 4442 | P30: 2000 | Q30: 6545.3 | R30: 6843.3333 | S30: =SUM(C30+E30+G30+I30+K30+O30+Q30) -> 26152.25 | T30: =SUM(D30+F30+H30+J30+L30+P30+R30) -> 27376.667 | U30: 118.5 | V30: 500 | W30: =SUM(S30+U30) -> 26270.75 | X30: =SUM(T30+V30) -> 27876.667 | Y30: sonnig | Z30: 19 | AA30: °C
A31: =SUM(A30+1) -> 24 | B31: Sa | C31: 13323.55 | D31: 5000 | E31: 589.45 | F31: 8333.3333 | G31: 0 | H31: 1000 | I31: 4263 | J31: 1000 | K31: 13200.8 | L31: 3200 | M31: 0 | N31: 2230 | O31: =M31+N31 -> 2230 | P31: 2000 | Q31: 12238.4 | R31: 6843.3333 | S31: =SUM(C31+E31+G31+I31+K31+O31+Q31) -> 45845.2 | T31: =SUM(D31+F31+H31+J31+L31+P31+R31) -> 27376.667 | U31: 0 | V31: 500 | W31: =SUM(S31+U31) -> 45845.2 | X31: =SUM(T31+V31) -> 27876.667 | Y31: Regen | Z31: 14 | AA31: °C
A32: =SUM(A31+1) -> 25 | B32: So | C32: 15216 | D32: 5000 | E32: 80 | F32: 8333.3333 | G32: 0 | H32: 1000 | J32: 1000 | K32: 5907.1 | L32: 3200 | M32: 193.7 | N32: 0 | O32: =M32+N32 -> 193.7 | P32: 2000 | Q32: 5024.45 | R32: 6843.3333 | S32: =SUM(C32+E32+G32+I32+K32+O32+Q32) -> 26421.25 | T32: =SUM(D32+F32+H32+J32+L32+P32+R32) -> 27376.667 | U32: 0 | V32: 500 | W32: =SUM(S32+U32) -> 26421.25 | X32: =SUM(T32+V32) -> 27876.667 | Y32: Regen | Z32: 14 | AA32: °C
A33: KW | B33: =SUM(B25+1) -> 39 | C33: =SUM(C26:C32) -> 64607.1 | D33: =SUM(D26:D32) -> 35000 | E33: =SUM(E26:E32) -> 9733.7 | F33: =SUM(F26:F32) -> 58333.333 | G33: =SUM(G26:G32) -> 2223.35 | H33: =SUM(H26:H32) -> 7000 | I33: =SUM(I26:I32) -> 4263 | J33: =SUM(J26:J32) -> 7000 | ... X33: =SUM(X26:X32) -> 195136.67 | Y33: Ø Temp | Z33: =SUM(Z26:Z32)/7 -> 17 | AA33: °C
A34: =SUM(A32+1) -> 26 | B34: Mo | C34: 4928.7 | D34: 5000 | E34: 0 | F34: 8333.3333 | G34: 42.85 | H34: 1000 | I34: 0 | J34: 1000 | K34: 0 | L34: 3200 | M34: 184.6 | N34: 2520 | O34: =M34+N34 -> 2704.6 | P34: 2000 | Q34: 2567.15 | R34: 6843.3333 | S34: =SUM(C34+E34+G34+I34+K34+O34+Q34) -> 10243.3 | T34: =SUM(D34+F34+H34+J34+L34+P34+R34) -> 27376.667 | U34: 0 | V34: 500 | W34: =SUM(S34+U34) -> 10243.3 | X34: =SUM(T34+V34) -> 27876.667 | Y34: bedeckt | Z34: 14 | AA34: °C
A35: =SUM(A34+1) -> 27 | B35: Di | C35: 5890.6 | D35: 5000 | E35: 0 | F35: 8333.3333 | G35: 0 | H35: 1000 | I35: 0 | J35: 1000 | K35: 3038.45 | L35: 3200 | M35: 551.3 | N35: 5442 | O35: =M35+N35 -> 5993.3 | P35: 2000 | Q35: 4305.65 | R35: 6843.3333 | S35: =SUM(C35+E35+G35+I35+K35+O35+Q35) -> 19228 | T35: =SUM(D35+F35+H35+J35+L35+P35+R35) -> 27376.667 | U35: 0 | V35: 500 | W35: =SUM(S35+U35) -> 19228 | X35: =SUM(T35+V35) -> 27876.667 | Y35: bedeckt | Z35: 14 | AA35: °C
A36: =SUM(A35+1) -> 28 | B36: Mi | C36: 5116.1 | D36: 5000 | E36: 0 | F36: 8333.3333 | G36: 0 | H36: 1000 | I36: 0 | J36: 1000 | K36: 4480.65 | L36: 3200 | M36: 362.3 | N36: 4439 | O36: =M36+N36 -> 4801.3 | P36: 2000 | Q36: 4502.85 | R36: 6843.3333 | S36: =SUM(C36+E36+G36+I36+K36+O36+Q36) -> 18900.9 | T36: =SUM(D36+F36+H36+J36+L36+P36+R36) -> 27376.667 | U36: 0 | V36: 500 | W36: =SUM(S36+U36) -> 18900.9 | X36: =SUM(T36+V36) -> 27876.667 | Y36: Regen | Z36: 12 | AA36: °C
A37: =SUM(A36+1) -> 29 | B37: Do | C37: 10488.1 | D37: 5000 | E37: 0 | F37: 8333.3333 | G37: 0 | H37: 1000 | I37: 0 | J37: 1000 | K37: 4784.95 | L37: 3200 | M37: 38.5 | N37: 4533 | O37: =M37+N37 -> 4571.5 | P37: 2000 | Q37: 5230.75 | R37: 6843.3333 | S37: =SUM(C37+E37+G37+I37+K37+O37+Q37) -> 25075.3 | T37: =SUM(D37+F37+H37+J37+L37+P37+R37) -> 27376.667 | U37: 0 | V37: 500 | W37: =SUM(S37+U37) -> 25075.3 | X37: =SUM(T37+V37) -> 27876.667 | Y37: Regen | Z37: 10 | AA37: °C
A38: =SUM(A37+1) -> 30 | B38: Fr. | C38: 10265.75 | D38: 5000 | E38: 46.75 | F38: 8333.3333 | G38: 24.15 | H38: 1000 | I38: 3606 | J38: 1000 | K38: 17669.8 | L38: 3200 | M38: 0 | N38: 1140 | O38: =M38+N38 -> 1140 | P38: 2000 | Q38: 7377.2 | R38: 6843.3333 | S38: =SUM(C38+E38+G38+I38+K38+O38+Q38) -> 40129.65 | T38: =SUM(D38+F38+H38+J38+L38+P38+R38) -> 27376.667 | U38: 0 | V38: 500 | W38: =SUM(S38+U38) -> 40129.65 | X38: =SUM(T38+V38) -> 27876.667 | Y38: Regen | Z38: 12 | AA38: °C
A39: KW | B39: =SUM(B33+1) -> 40 | C39: =SUM(C34:C38) -> 36689.25 | D39: =SUM(D34:D38) -> 25000 | E39: =SUM(E34:E38) -> 46.75 | F39: =SUM(F34:F38) -> 41666.667 | G39: =SUM(G34:G38) -> 67 | H39: =SUM(H34:H38) -> 5000 | I39: =SUM(I34:I38) -> 3606 | J39: =SUM(J34:J38) -> 5000 | ... X39: =SUM(X34:X38) -> 139383.33 | Y39: Ø Temp | Z39: =SUM(Z34:Z37)/4 -> 12.5 | AA39: °C
A40: Umsatz kumuliert | C40: =SUM(C9+C17+C25+C33+C39) -> 216778.8 | D40: =SUM(D9+D17+D25+D33+D39) -> 150000 | E40: =SUM(E9+E17+E25+E33+E39) -> 122628 | F40: =SUM(F9+F17+F25+F33+F39) -> 250000 | G40: =SUM(G9+G17+G25+G33+G39) -> 10455 | H40: =SUM(H9+H17+H25+H33+H39) -> 30000 | I40: =SUM(I9+I17+I25+I33+I39) -> 14134 | J40: =SUM(J9+J17+J25+J33+J39) -> 30000 | ... N40: =SUM(N9+N17+N25+N33+N39) -> 89850.2 | O40: =M40+N40 -> 103036.25 | P40: =P9+P17+P25+P33+P39 -> 60000 | Q40: =SUM(Q9+Q17+Q25+Q33+Q39) -> 196049.1 | R40: =SUM(R9+R17+R25+R33+R39) -> 205300 | S40: =SUM(S9+S17+S25+S33+S39) -> 844183.35 | T40: =SUM(T9+T17+T25+T33+T39) -> 821300 | U40: =SUM(U9+U17+U25+U33+U39) -> 10119.1 | V40: =SUM(V9+V17+V25+V33+V39) -> 15000 | W40: =SUM(W9+W17+W25+W33+W39) -> 854302.45 | X40: =SUM(X9+X17+X25+X33+X39) -> 836300 | Y40: Umsatz kumuliert
A41: Umsatz pro Tag | C41: =C40/30 -> 7225.96 | D41: =D40/30 -> 5000 | E41: =E40/30 -> 4087.6 | F41: =F40/30 -> 8333.3333 | G41: =G40/30 -> 348.5 | H41: =H40/30 -> 1000 | I41: =I40/30 -> 471.13333 | J41: =J40/30 -> 1000 | ... L41: =L40/30 -> 3200 | N41: 123 | P41: =SUM(O40-P40) -> 43036.25 | Q41: =Q40/30 -> 6534.97 | R41: =R40/30 -> 6843.3333 | S41: =S40/30 -> 28139.445 | T41: =T40/30 -> 27376.667 | U41: =U40/30 -> 337.30333 | V41: =V40/30 -> 500 | W41: =W40/30 -> 28476.748 | X41: =X40/30 -> 27876.667 | Y41: Budget pro Tag
A42: Diff. zu Budget | C42: =SUM(C40-D40) -> 66778.8 | E42: =SUM(E40-F40) -> -127372 | G42: =SUM(G40-H40) -> -19545 | I42: =SUM(I40-J40) -> -15866 | K42: =SUM(K40-L40) -> 85102.2 | L42: =SUM(L40-M40) -> 82813.95 | M42: =SUM(M40-N40) -> -76664.15 | N42: =SUM(N40-O40) -> -13186.05 | O42: =SUM(O40-P40) -> 43036.25 | P42: =SUM(P40-Q40) -> -136049.1 | Q42: =SUM(Q40-R40) -> -9250.8999 | S42: =SUM(S40-T40) -> 22883.35 | U42: =SUM(U40-V40) -> -4880.9 | W42: =SUM(W40-X40) -> 18002.45
A43: Index | C43: =SUM(100/D40*C40) -> 144.5192 | E43: =SUM(100/F40*E40) -> 49.0512 | G43: =SUM(100/H40*G40) -> 34.85 | I43: =SUM(100/J40*I40) -> 47.113333 | K43: =SUM(100/L40*K40) -> 188.64813 | L43: =SUM(100/M40*L40) -> 728.04214 | M43: =SUM(100/N40*M40) -> 14.675593 | N43: =SUM(100/O40*N40) -> 87.202514 | O43: =SUM(100/P40*O40) -> 171.72708 | P43: =SUM(100/Q40*P40) -> 30.604578 | Q43: =SUM(100/R40*Q40) -> 95.49396 | S43: =SUM(100/T40*S40) -> 102.78624 | U43: =SUM(100/V40*U40) -> 67.460667 | W43: =SUM(100/X40*W40) -> 102.15263

Sheet 10_22
A1: Tagesumsätze | H1: 44835
C3: Restaurant | E3: Terrasse | G3: Lounge | I3: Pavillon | K3: Bankett | M3: Seminar | Q3: Hotel | S3: TOTAL Gesamtbetrieb ohne Seebad | U3: Seebad | W3: TOTAL Gesamtbetrieb mit Seebad | Y3: Info's
C4: IST | D4: Budget | E4: IST | F4: Budget | G4: IST | H4: Budget | I4: IST | J4: Budget | K4: IST | L4: Budget | M4: IST/GN | N4: IST/ET | O4: TOTAL IST | P4: Budget | Q4: IST | R4: Budget | S4: IST | T4: Budget | U4: IST | V4: Budget | W4: IST | X4: Budget | Y4: Wetter | Z4: Temp. | AB4: Bemerkung
A5: 1 | B5: Sa | C5: 12774.95 | D5: 6129.0323 | E5: 0 | F5: 1935.4839 | G5: 28.15 | H5: 483.87096 | I5: 0 | J5: 0 | K5: 6215.8 | L5: 3096.7742 | M5: 601.3 | N5: 804 | O5: =M5+N5 -> 1405.3 | P5: 1290.3226 | Q5: 8991.2 | R5: 5295.1613 | S5: =SUM(C5+E5+G5+I5+K5+O5+Q5) -> 29415.4 | T5: =SUM(D5+F5+H5+P5+J5+L5+R5) -> 18230.645 | U5: 0 | W5: =SUM(S5+U5) -> 29415.4 | X5: =SUM(T5+V5) -> 18230.645 | Y5: Regen | Z5: 12 | AA5: °C
A6: =SUM(A5+1) -> 2 | B6: So | C6: 11969.85 | D6: 6129.0323 | E6: 300.3 | F6: 1935.4839 | G6: 356.45 | H6: 483.87096 | I6: 0 | J6: 0 | K6: 3539.2 | L6: 3096.7742 | M6: 371.5 | N6: 0 | O6: =M6+N6 -> 371.5 | P6: 1290.3226 | Q6: 3182.85 | R6: 5295.1613 | S6: =SUM(C6+E6+G6+I6+K6+O6+Q6) -> 19720.15 | T6: =SUM(D6+F6+H6+P6+J6+L6+R6) -> 18230.645 | U6: 0 | W6: =SUM(S6+U6) -> 19720.15 | X6: =SUM(T6+V6) -> 18230.645 | Y6: Bewölkt/Regen | Z6: 19 | AA6: °C
A7: KW | B7: 39 | C7: =SUM(C5:C6) -> 24744.8 | D7: =SUM(D5:D6) -> 12258.065 | E7: =SUM(E5:E6) -> 300.3 | F7: =SUM(F5:F6) -> 3870.9677 | G7: =SUM(G5:G6) -> 384.6 | H7: =SUM(H5:H6) -> 967.74192 | I7: =SUM(I5:I6) -> 0 | J7: =SUM(J5:J6) -> 0 | ... X7: =SUM(X5:X6) -> 36461.29 | Y7: Ø Temp | Z7: =SUM(Z5:Z6)/3 -> 10.333333 | AA7: °C
A8: =SUM(A6+1) -> 3 | B8: Mo | C8: 10046.2 | D8: 6129.0323 | E8: 0 | F8: 1935.4839 | G8: 0 | H8: 483.87096 | I8: 0 | J8: 0 | K8: 0 | L8: 3096.7742 | M8: 274.3 | N8: 2884.8 | O8: =M8+N8 -> 3159.1 | P8: 1290.3226 | Q8: 5403.8 | R8: 5295.1613 | S8: =SUM(C8+E8+G8+I8+K8+O8+Q8) -> 18609.1 | T8: =SUM(D8+F8+H8+P8+J8+L8+R8) -> 18230.645 | U8: 0 | W8: =SUM(S8+U8) -> 18609.1 | X8: =SUM(T8+V8) -> 18230.645 | Y8: bewölkt | Z8: 17 | AA8: °C
A9: =SUM(A8+1) -> 4 | B9: Di | C9: 8472.25 | D9: 6129.0323 | E9: 1330.05 | F9: 1935.4839 | G9: 129.25 | H9: 483.87096 | I9: 0 | J9: 0 | K9: 2035.4 | L9: 3096.7742 | M9: 204 | N9: 2473 | O9: =M9+N9 -> 2677 | P9: 1290.3226 | Q9: 4769.35 | R9: 5295.1613 | S9: =SUM(C9+E9+G9+I9+K9+O9+Q9) -> 19413.3 | T9: =SUM(D9+F9+H9+P9+J9+L9+R9) -> 18230.645 | U9: 0 | W9: =SUM(S9+U9) -> 19413.3 | X9: =SUM(T9+V9) -> 18230.645 | Y9: Nebel/Sonne | Z9: 17 | AA9: °C
A10: =SUM(A9+1) -> 5 | B10: Mi | C10: 8352.5 | D10: 6129.0323 | E10: 7023.85 | F10: 1935.4839 | G10: 579.45 | H10: 483.87096 | I10: 0 | J10: 0 | K10: 1492.8 | L10: 3096.7742 | M10: 0 | N10: 771 | O10: =M10+N10 -> 771 | P10: 1290.3226 | Q10: 7853.55 | R10: 5295.1613 | S10: =SUM(C10+E10+G10+I10+K10+O10+Q10) -> 26073.15 | T10: =SUM(D10+F10+H10+P10+J10+L10+R10) -> 18230.645 | U10: 0 | W10: =SUM(S10+U10) -> 26073.15 | X10: =SUM(T10+V10) -> 18230.645 | Y10: Sonne | Z10: 21 | AA10: °C
A11: =SUM(A10+1) -> 6 | B11: Do | C11: 5816.5 | D11: 6129.0323 | E11: 4329.7 | F11: 1935.4839 | G11: 465.55 | H11: 483.87096 | I11: 0 | J11: 0 | K11: 0 | L11: 3096.7742 | M11: 60.8 | N11: 2012 | O11: =M11+N11 -> 2072.8 | P11: 1290.3226 | Q11: 4244.45 | R11: 5295.1613 | S11: =SUM(C11+E11+G11+I11+K11+O11+Q11) -> 16929 | T11: =SUM(D11+F11+H11+P11+J11+L11+R11) -> 18230.645 | U11: 0 | W11: =SUM(S11+U11) -> 16929 | X11: =SUM(T11+V11) -> 18230.645 | Y11: Sonne | Z11: 21 | AA11: °C
A12: =SUM(A11+1) -> 7 | B12: Fr | C12: 10996.25 | D12: 6129.0323 | E12: 2777.7 | F12: 1935.4839 | G12: 841.2 | H12: 483.87096 | I12: 0 | J12: 0 | K12: 12973.4 | L12: 3096.7742 | M12: 31.6 | N12: 648 | O12: =M12+N12 -> 679.6 | P12: 1290.3226 | Q12: 3683.7 | R12: 5295.1613 | S12: =SUM(C12+E12+G12+I12+K12+O12+Q12) -> 31951.85 | T12: =SUM(D12+F12+H12+P12+J12+L12+R12) -> 18230.645 | U12: 0 | W12: =SUM(S12+U12) -> 31951.85 | X12: =SUM(T12+V12) -> 18230.645 | Y12: Nebel/Sonne | Z12: 19 | AA12: °C
A13: =SUM(A12+1) -> 8 | B13: Sa | C13: 13823 | D13: 6129.0323 | E13: 149.4 | F13: 1935.4839 | G13: 71 | H13: 483.87096 | I13: 0 | J13: 0 | K13: 11610 | L13: 3096.7742 | M13: 0 | N13: 0 | O13: =M13+N13 -> 0 | P13: 1290.3226 | Q13: 6362.8 | R13: 5295.1613 | S13: =SUM(C13+E13+G13+I13+K13+O13+Q13) -> 32016.2 | T13: =SUM(D13+F13+H13+P13+J13+L13+R13) -> 18230.645 | U13: 0 | W13: =SUM(S13+U13) -> 32016.2 | X13: =SUM(T13+V13) -> 18230.645 | Y13: Regen | Z13: 16 | AA13: °C
A14: =SUM(A13+1) -> 9 | B14: So | C14: 13043.1 | D14: 6129.0323 | E14: 0 | F14: 1935.4839 | G14: 126.2 | H14: 483.87096 | I14: 0 | J14: 0 | K14: 4034.05 | L14: 3096.7742 | M14: 0 | N14: 0 | O14: =M14+N14 -> 0 | P14: 1290.3226 | Q14: 2730.05 | R14: 5295.1613 | S14: =SUM(C14+E14+G14+I14+K14+O14+Q14) -> 19933.4 | T14: =SUM(D14+F14+H14+P14+J14+L14+R14) -> 18230.645 | U14: 0 | W14: =SUM(S14+U14) -> 19933.4 | X14: =SUM(T14+V14) -> 18230.645 | Y14: bewölkt | Z14: 12 | AA14: °C
A15: KW | B15: =SUM(B7+1) -> 40 | C15: =SUM(C8:C14) -> 70549.8 | D15: =SUM(D8:D14) -> 42903.226 | E15: =SUM(E8:E14) -> 15610.7 | F15: =SUM(F8:F14) -> 13548.387 | G15: =SUM(G8:G14) -> 2212.65 | H15: =SUM(H8:H14) -> 3387.0967 | I15: =SUM(I8:I14) -> 0 | J15: =SUM(J8:J14) -> 0 | ... X15: =SUM(X8:X14) -> 127614.52 | Y15: Ø Temp | Z15: =SUM(Z8:Z14)/7 -> 17.571429 | AA15: °C
A16: =SUM(A14+1) -> 10 | B16: Mo | C16: 7095.05 | D16: 6129.0323 | E16: 1794.9 | F16: 1935.4839 | G16: 380.95 | H16: 483.87096 | I16: 0 | J16: 0 | K16: 0 | L16: 3096.7742 | M16: 0 | N16: 0 | O16: =M16+N16 -> 0 | P16: 1290.3226 | Q16: 2672.35 | R16: 5295.1613 | S16: =SUM(C16+E16+G16+I16+K16+O16+Q16) -> 11943.25 | T16: =SUM(D16+F16+H16+P16+J16+L16+R16) -> 18230.645 | U16: 0 | W16: =SUM(S16+U16) -> 11943.25 | X16: =SUM(T16+V16) -> 18230.645 | Y16: Sonne/Wolke | Z16: 18 | AA16: °C
A17: =SUM(A16+1) -> 11 | B17: Di | C17: 7143.6 | D17: 6129.0323 | E17: 1895.1 | F17: 1935.4839 | G17: 223.55 | H17: 483.87096 | I17: 0 | J17: 0 | K17: 1159.1 | L17: 3096.7742 | M17: 343.5 | N17: 1368 | O17: =M17+N17 -> 1711.5 | P17: 1290.3226 | Q17: 5962.6 | R17: 5295.1613 | S17: =SUM(C17+E17+G17+I17+K17+O17+Q17) -> 18095.45 | T17: =SUM(D17+F17+H17+P17+J17+L17+R17) -> 18230.645 | U17: 0 | W17: =SUM(S17+U17) -> 18095.45 | X17: =SUM(T17+V17) -> 18230.645 | Y17: Bewölkt | Z17: 18 | AA17: °C
A18: =SUM(A17+1) -> 12 | B18: Mi | C18: 9011.8 | D18: 6129.0323 | E18: 312.6 | F18: 1935.4839 | G18: 267.45 | H18: 483.87096 | I18: 0 | J18: 0 | K18: 0 | L18: 3096.7742 | M18: 0 | N18: 819 | O18: =M18+N18 -> 819 | P18: 1290.3226 | Q18: 2920.05 | R18: 5295.1613 | S18: =SUM(C18+E18+G18+I18+K18+O18+Q18) -> 13330.9 | T18: =SUM(D18+F18+H18+P18+J18+L18+R18) -> 18230.645 | U18: 0 | W18: =SUM(S18+U18) -> 13330.9 | X18: =SUM(T18+V18) -> 18230.645 | Y18: Hochnebel/Sonne | Z18: 18 | AA18: °C
A19: =SUM(A18+1) -> 13 | B19: Do | C19: 9495.1 | D19: 6129.0323 | E19: 461.1 | F19: 1935.4839 | G19: 206.3 | H19: 483.87096 | I19: 0 | J19: 0 | K19: 1470 | L19: 3096.7742 | M19: 0 | N19: 0 | O19: =M19+N19 -> 0 | P19: 1290.3226 | Q19: 2049.15 | R19: 5295.1613 | S19: =SUM(C19+E19+G19+I19+K19+O19+Q19) -> 13681.65 | T19: =SUM(D19+F19+H19+P19+J19+L19+R19) -> 18230.645 | U19: 0 | W19: =SUM(S19+U19) -> 13681.65 | X19: =SUM(T19+V19) -> 18230.645 | Y19: Bewölkt | Z19: 16 | AA19: °C
A20: =SUM(A19+1) -> 14 | B20: Fr | C20: 10412.7 | D20: 6129.0323 | E20: 191.6 | F20: 1935.4839 | G20: 96.95 | H20: 483.87096 | I20: 0 | J20: 0 | K20: 8808.6 | L20: 3096.7742 | M20: 0 | N20: 0 | O20: =M20+N20 -> 0 | P20: 1290.3226 | Q20: 4128.4 | R20: 5295.1613 | S20: =SUM(C20+E20+G20+I20+K20+O20+Q20) -> 23638.25 | T20: =SUM(D20+F20+H20+P20+J20+L20+R20) -> 18230.645 | U20: 0 | W20: =SUM(S20+U20) -> 23638.25 | X20: =SUM(T20+V20) -> 18230.645 | Y20: Bewölkt/Regen | Z20: 16 | AA20: °C
A21: =SUM(A20+1) -> 15 | B21: Sa | C21: 13694.05 | D21: 6129.0323 | E21: 543.85 | F21: 1935.4839 | G21: 279.8 | H21: 483.87096 | I21: 0 | J21: 0 | K21: 2826.3 | L21: 3096.7742 | M21: 0 | N21: 0 | O21: =M21+N21 -> 0 | P21: 1290.3226 | Q21: 4161.95 | R21: 5295.1613 | S21: =SUM(C21+E21+G21+I21+K21+O21+Q21) -> 21505.95 | T21: =SUM(D21+F21+H21+P21+J21+L21+R21) -> 18230.645 | U21: 0 | W21: =SUM(S21+U21) -> 21505.95 | X21: =SUM(T21+V21) -> 18230.645 | Y21: Bewölkt | Z21: 18 | AA21: °C
A22: =SUM(A21+1) -> 16 | B22: So | C22: 12681.15 | D22: 6129.0323 | E22: 6804.35 | F22: 1935.4839 | G22: 737.2 | H22: 483.87096 | I22: 0 | J22: 0 | K22: 6053.5 | L22: 3096.7742 | M22: 0 | N22: 0 | O22: =M22+N22 -> 0 | P22: 1290.3226 | Q22: 1775.8 | R22: 5295.1613 | S22: =SUM(C22+E22+G22+I22+K22+O22+Q22) -> 28052 | T22: =SUM(D22+F22+H22+P22+J22+L22+R22) -> 18230.645 | U22: 0 | W22: =SUM(S22+U22) -> 28052 | X22: =SUM(T22+V22) -> 18230.645 | Y22: Sonnig | Z22: 18 | AA22: °C
A23: KW | B23: =SUM(B15+1) -> 41 | C23: =SUM(C16:C22) -> 69533.45 | D23: =SUM(D16:D22) -> 42903.226 | E23: =SUM(E16:E22) -> 12003.5 | F23: =SUM(F16:F22) -> 13548.387 | G23: =SUM(G16:G22) -> 2192.2 | H23: =SUM(H16:H22) -> 3387.0967 | I23: =SUM(I16:I22) -> 0 | J23: =SUM(J16:J22) -> 0 | ... X23: =SUM(X16:X22) -> 127614.52 | Y23: Ø Temp | Z23: =SUM(Z16:Z22)/7 -> 17.428571 | AA23: °C
A24: =SUM(A22+1) -> 17 | B24: Mo | C24: 5165.1 | D24: 6129.0323 | E24: 4047.6 | F24: 1935.4839 | G24: 506.4 | H24: 483.87096 | I24: 0 | J24: 0 | K24: 1209.35 | L24: 3096.7742 | M24: 491.1 | N24: 1336 | O24: =M24+N24 -> 1827.1 | P24: 1290.3226 | Q24: 3405.7 | R24: 5295.1613 | S24: =SUM(C24+E24+G24+I24+K24+O24+Q24) -> 16161.25 | T24: =SUM(D24+F24+H24+P24+J24+L24+R24) -> 18230.645 | U24: 0 | W24: =SUM(S24+U24) -> 16161.25 | X24: =SUM(T24+V24) -> 18230.645 | Y24: Sonnig | Z24: 19 | AA24: °C
A25: =SUM(A24+1) -> 18 | B25: Di | C25: 6904.95 | D25: 6129.0323 | E25: 7378.5 | F25: 1935.4839 | G25: 440.65 | H25: 483.87096 | I25: 0 | J25: 0 | K25: -52.85 | L25: 3096.7742 | M25: 113.9 | N25: 2639 | O25: =M25+N25 -> 2752.9 | P25: 1290.3226 | Q25: 3584.1 | R25: 5295.1613 | S25: =SUM(C25+E25+G25+I25+K25+O25+Q25) -> 21008.25 | T25: =SUM(D25+F25+H25+P25+J25+L25+R25) -> 18230.645 | U25: 0 | W25: =SUM(S25+U25) -> 21008.25 | X25: =SUM(T25+V25) -> 18230.645 | Y25: Sonnig | Z25: 20 | AA25: °C
A26: =SUM(A25+1) -> 19 | B26: Mi | C26: 7258.2 | D26: 6129.0323 | E26: 626.5 | F26: 1935.4839 | G26: 226.9 | H26: 483.87096 | I26: 0 | J26: 0 | K26: 1383.3 | L26: 3096.7742 | M26: 2931.6 | N26: 6509 | O26: =M26+N26 -> 9440.6 | P26: 1290.3226 | Q26: 3609.1 | R26: 5295.1613 | S26: =SUM(C26+E26+G26+I26+K26+O26+Q26) -> 22544.6 | T26: =SUM(D26+F26+H26+P26+J26+L26+R26) -> 18230.645 | U26: 0 | W26: =SUM(S26+U26) -> 22544.6 | X26: =SUM(T26+V26) -> 18230.645 | Y26: hohe Bewölkung | Z26: 18 | AA26: °C
A27: =SUM(A26+1) -> 20 | B27: Do | C27: 6649.35 | D27: 6129.0323 | E27: 285.7 | F27: 1935.4839 | G27: 78.2 | H27: 483.87096 | I27: 0 | J27: 0 | K27: 3664.2 | L27: 3096.7742 | M27: 419.9 | N27: 4441 | O27: =M27+N27 -> 4860.9 | P27: 1290.3226 | Q27: 4193.05 | R27: 5295.1613 | S27: =SUM(C27+E27+G27+I27+K27+O27+Q27) -> 19731.4 | T27: =SUM(D27+F27+H27+P27+J27+L27+R27) -> 18230.645 | U27: 0 | W27: =SUM(S27+U27) -> 19731.4 | X27: =SUM(T27+V27) -> 18230.645 | Y27: Bewölkt/Regen | Z27: 16 | AA27: °C
A28: =SUM(A27+1) -> 21 | B28: Fr | C28: 12887.3 | D28: 6129.0323 | E28: 0 | F28: 1935.4839 | G28: 0 | H28: 483.87096 | I28: 0 | J28: 0 | K28: 0 | L28: 3096.7742 | M28: 257 | N28: 4857 | O28: =M28+N28 -> 5114 | P28: 1290.3226 | Q28: 6080.95 | R28: 5295.1613 | S28: =SUM(C28+E28+G28+I28+K28+O28+Q28) -> 24082.25 | T28: =SUM(D28+F28+H28+P28+J28+L28+R28) -> 18230.645 | U28: 0 | W28: =SUM(S28+U28) -> 24082.25 | X28: =SUM(T28+V28) -> 18230.645 | Y28: Regen | Z28: 16 | AA28: °C
A29: =SUM(A28+1) -> 22 | B29: Sa | C29: 14609.8 | D29: 6129.0323 | E29: 4000.5 | F29: 1935.4839 | G29: 471 | H29: 483.87096 | I29: 0 | J29: 0 | K29: 2127.3 | L29: 3096.7742 | M29: 75.1 | N29: 2799 | O29: =M29+N29 -> 2874.1 | P29: 1290.3226 | Q29: 5617.15 | R29: 5295.1613 | S29: =SUM(C29+E29+G29+I29+K29+O29+Q29) -> 29699.85 | T29: =SUM(D29+F29+H29+P29+J29+L29+R29) -> 18230.645 | U29: 0 | W29: =SUM(S29+U29) -> 29699.85 | X29: =SUM(T29+V29) -> 18230.645 | Y29: sonnig | Z29: 18 | AA29: °C
A30: =SUM(A29+1) -> 23 | B30: So | C30: 9956 | D30: 6129.0323 | E30: 3105.1 | F30: 1935.4839 | G30: 454.8 | H30: 483.87096 | I30: 0 | J30: 0 | K30: 12180.8 | L30: 3096.7742 | M30: 166.95 | N30: 120 | O30: =M30+N30 -> 286.95 | P30: 1290.3226 | Q30: 2529.05 | R30: 5295.1613 | S30: =SUM(C30+E30+G30+I30+K30+O30+Q30) -> 28512.7 | T30: =SUM(D30+F30+H30+P30+J30+L30+R30) -> 18230.645 | U30: 0 | W30: =SUM(S30+U30) -> 28512.7 | X30: =SUM(T30+V30) -> 18230.645 | Y30: sonnig | Z30: 19 | AA30: °C
A31: KW | B31: =SUM(B23+1) -> 42 | C31: =SUM(C24:C30) -> 63430.7 | D31: =SUM(D24:D30) -> 42903.226 | E31: =SUM(E24:E30) -> 19443.9 | F31: =SUM(F24:F30) -> 13548.387 | G31: =SUM(G24:G30) -> 2177.95 | H31: =SUM(H24:H30) -> 3387.0967 | I31: =SUM(I24:I30) -> 0 | J31: =SUM(J24:J30) -> 0 | ... X31: =SUM(X24:X30) -> 127614.52 | Y31: Ø Temp | Z31: =SUM(Z24:Z30)/7 -> 18 | AA31: °C
A32: =SUM(A30+1) -> 24 | B32: Mo | C32: 5227.2 | D32: 6129.0323 | E32: 0 | F32: 1935.4839 | G32: 0 | H32: 483.87096 | I32: 0 | J32: 0 | K32: 101.95 | L32: 3096.7742 | M32: 163.2 | N32: 200 | O32: =M32+N32 -> 363.2 | P32: 1290.3226 | Q32: 2340.05 | R32: 5295.1613 | S32: =SUM(C32+E32+G32+I32+K32+O32+Q32) -> 8032.4 | T32: =SUM(D32+F32+H32+P32+J32+L32+R32) -> 18230.645 | U32: 0 | W32: =SUM(S32+U32) -> 8032.4 | X32: =SUM(T32+V32) -> 18230.645 | Y32: Regen | Z32: 12 | AA32: °C
A33: =SUM(A32+1) -> 25 | B33: Di | C33: 6568.45 | D33: 6129.0323 | E33: 977.65 | F33: 1935.4839 | G33: 147.1 | H33: 483.87096 | I33: 0 | J33: 0 | K33: 1329.3 | L33: 3096.7742 | M33: 2999.3 | N33: 7863.5 | O33: =M33+N33 -> 10862.8 | P33: 1290.3226 | Q33: 4987.9 | R33: 5295.1613 | S33: =SUM(C33+E33+G33+I33+K33+O33+Q33) -> 24873.2 | T33: =SUM(D33+F33+H33+P33+J33+L33+R33) -> 18230.645 | U33: 0 | W33: =SUM(S33+U33) -> 24873.2 | X33: =SUM(T33+V33) -> 18230.645 | Y33: sonnig | Z33: 18 | AA33: °C
A34: =SUM(A33+1) -> 26 | B34: Mi | C34: 7154.2 | D34: 6129.0323 | E34: 870.85 | F34: 1935.4839 | G34: 325.45 | H34: 483.87096 | I34: 0 | J34: 0 | K34: 1033.9 | L34: 3096.7742 | M34: 275.5 | N34: 4709 | O34: =M34+N34 -> 4984.5 | P34: 1290.3226 | Q34: 5123.7 | R34: 5295.1613 | S34: =SUM(C34+E34+G34+I34+K34+O34+Q34) -> 19492.6 | T34: =SUM(D34+F34+H34+P34+J34+L34+R34) -> 18230.645 | U34: 0 | W34: =SUM(S34+U34) -> 19492.6 | X34: =SUM(T34+V34) -> 18230.645 | Y34: Sonnig | Z34: 20 | AA34: °C
A35: =SUM(A34+1) -> 27 | B35: Do | C35: 5477.15 | D35: 6129.0323 | E35: 3200.8 | F35: 1935.4839 | G35: 408.7 | H35: 483.87096 | I35: 0 | J35: 0 | K35: -70.2 | L35: 3096.7742 | M35: 1866.4 | N35: 4799 | O35: =M35+N35 -> 6665.4 | P35: 1290.3226 | Q35: 8144.7 | R35: 5295.1613 | S35: =SUM(C35+E35+G35+I35+K35+O35+Q35) -> 23826.55 | T35: =SUM(D35+F35+H35+P35+J35+L35+R35) -> 18230.645 | U35: 0 | W35: =SUM(S35+U35) -> 23826.55 | X35: =SUM(T35+V35) -> 18230.645 | Y35: sonnig | Z35: 20 | AA35: °C
A36: =SUM(A35+1) -> 28 | B36: Fr | C36: 11293.65 | D36: 6129.0323 | E36: 869 | F36: 1935.4839 | G36: 142.9 | H36: 483.87096 | I36: 0 | J36: 0 | K36: 5515.4 | L36: 3096.7742 | M36: 995.8 | N36: 5762 | O36: =M36+N36 -> 6757.8 | P36: 1290.3226 | Q36: 7838.3 | R36: 5295.1613 | S36: =SUM(C36+E36+G36+I36+K36+O36+Q36) -> 32417.05 | T36: =SUM(D36+F36+H36+P36+J36+L36+R36) -> 18230.645 | U36: 0 | W36: =SUM(S36+U36) -> 32417.05 | X36: =SUM(T36+V36) -> 18230.645 | Y36: sonnig | Z36: 18 | AA36: °C
A37: =SUM(A36+1) -> 29 | B37: Sa | C37: 9492.45 | D37: 6129.0323 | E37: 1928.35 | F37: 1935.4839 | G37: 680.8 | H37: 483.87096 | I37: 0 | J37: 0 | K37: 9596.6 | L37: 3096.7742 | M37: 0 | N37: 940 | O37: =M37+N37 -> 940 | P37: 1290.3226 | Q37: 9358.15 | R37: 5295.1613 | S37: =SUM(C37+E37+G37+I37+K37+O37+Q37) -> 31996.35 | T37: =SUM(D37+F37+H37+P37+J37+L37+R37) -> 18230.645 | U37: 0 | W37: =SUM(S37+U37) -> 31996.35 | X37: =SUM(T37+V37) -> 18230.645 | Y37: sonnig | Z37: 18 | AA37: °C
A38: =SUM(A37+1) -> 30 | B38: So | C38: 10815.05 | D38: 6129.0323 | E38: 6576.2 | F38: 1935.4839 | G38: 619.85 | H38: 483.87096 | I38: 0 | J38: 0 | K38: 2476.15 | L38: 3096.7742 | M38: 0 | N38: 0 | O38: =M38+N38 -> 0 | P38: 1290.3226 | Q38: 5854 | R38: 5295.1613 | S38: =SUM(C38+E38+G38+I38+K38+O38+Q38) -> 26341.25 | T38: =SUM(D38+F38+H38+P38+J38+L38+R38) -> 18230.645 | U38: 0 | W38: =SUM(S38+U38) -> 26341.25 | X38: =SUM(T38+V38) -> 18230.645 | Y38: sonnig | Z38: 18 | AA38: °C
A39: KW | B39: =SUM(B31+1) -> 43 | C39: =SUM(C32:C38) -> 56028.15 | D39: =SUM(D32:D38) -> 42903.226 | E39: =SUM(E32:E38) -> 14422.85 | F39: =SUM(F32:F38) -> 13548.387 | G39: =SUM(G32:G38) -> 2324.8 | H39: =SUM(H32:H38) -> 3387.0967 | I39: =SUM(I32:I38) -> 0 | J39: =SUM(J32:J38) -> 0 | ... X39: =SUM(X32:X38) -> 127614.52 | Y39: Ø Temp | Z39: =SUM(Z32:Z38)/7 -> 17.714286 | AA39: °C
A40: 31 | B40: Mo | C40: 7153.3 | D40: 6129.0323 | E40: 1047.3 | F40: 1935.4839 | G40: 205.55 | H40: 483.87096 | I40: 0 | J40: 0 | K40: 24509.7 | L40: 3096.7742 | M40: 310.1 | N40: 3028 | O40: =M40+N40 -> 3338.1 | P40: 1290.3226 | Q40: 4967.4 | R40: 5295.1613 | S40: =SUM(C40+E40+G40+I40+K40+O40+Q40) -> 41221.35 | T40: =SUM(D40+F40+H40+P40+J40+L40+R40) -> 18230.645 | U40: 0 | W40: =SUM(S40+U40) -> 41221.35 | X40: =SUM(T40+V40) -> 18230.645 | Y40: bewölkt | Z40: 18 | AA40: °C
A41: KW | B41: 44 | C41: =SUM(C40) -> 7153.3 | D41: =SUM(D40) -> 6129.0323 | E41: =SUM(E40) -> 1047.3 | F41: =SUM(F40) -> 1935.4839 | G41: =SUM(G40) -> 205.55 | H41: =SUM(H40) -> 483.87096 | I41: =SUM(I40) -> 0 | J41: =SUM(J40) -> 0 | ... X41: =SUM(X40) -> 18230.645 | Y41: Ø Temp | Z41: =SUM(Z34:Z40)/7 -> 18.530612 | AA41: °C
A42: Umsatz kumuliert | C42: =SUM(C7+C15+C23+C31+C39+C41) -> 291440.2 | D42: =SUM(D7+D15+D23+D31+D39+D41) -> 190000 | E42: =SUM(E7+E15+E23+E31+E39+E41) -> 62828.55 | F42: =SUM(F7+F15+F23+F31+F39+F41) -> 60000 | G42: =SUM(G7+G15+G23+G31+G39+G41) -> 9497.75 | H42: =SUM(H7+H15+H23+H31+H39+H41) -> 15000 | I42: =SUM(I7+I15+I23+I31+I39+I41) -> 0 | J42: =SUM(J7+J15+J23+J31+J39+J41) -> 0 | ... X42: =SUM(X7+X15+X23+X31+X39+X41) -> 565150 | Y42: Umsatz kumuliert
A43: Umsatz pro Tag | C43: =C42/31 -> 9401.2968 | D43: =D42/31 -> 6129.0322 | E43: =E42/31 -> 2026.7274 | F43: =F42/31 -> 1935.4839 | G43: =G42/31 -> 306.37903 | H43: =H42/31 -> 483.87096 | I43: =I42/31 -> 0 | J43: =J42/31 -> 0 | ... X43: =X42/31 -> 18230.645 | Y43: Budget pro Tag
A44: Diff. zu Budget | C44: =SUM(C42-D42) -> 101440.2 | E44: =SUM(E42-F42) -> 2828.55 | G44: =SUM(G42-H42) -> -5502.2498 | I44: =SUM(I42-J42) -> 0 | K44: =SUM(K42-L42) -> 31223.05 | O44: =SUM(O42-P42) -> 34735.15 | Q44: =SUM(Q42-R42) -> -15624.65 | S44: =SUM(S42-T42) -> 149100.05 | U44: =SUM(U42-V42) -> 0 | W44: =SUM(W42-X42) -> 149100.05
A45: Index | C45: =SUM(100/D42*C42) -> 153.38958 | E45: =SUM(100/F42*E42) -> 104.71425 | G45: =SUM(100/H42*G42) -> 63.318334 | I45: =SUM(100/J42*I42) -> #DIV/0! | K45: =SUM(100/L42*K42) -> 132.52401 | O45: =SUM(100/P42*O42) -> 186.83788 | Q45: =SUM(100/R42*Q42) -> 90.48148 | S45: =SUM(100/T42*S42) -> 126.38239 | U45: =SUM(100/V42*U42) -> #DIV/0! | W45: =SUM(100/X42*W42) -> 126.38239

Sheet 11_22
A1: Tagesumsätze | H1: 44866
C3: Restaurant | E3: Terrasse | G3: Lounge | I3: Pavillon | K3: Bankett | M3: Seminar | Q3: Hotel | S3: TOTAL Gesamtbetrieb ohne Seebad | U3: Seebad | W3: TOTAL Gesamtbetrieb mit Seebad | Y3: Info's
C4: IST | D4: Budget | E4: IST | F4: Budget | G4: IST | H4: Budget | I4: IST | J4: Budget | K4: IST | L4: Budget | M4: IST/GN | N4: IST/ET | O4: TOTAL IST | P4: Budget | Q4: IST | R4: Budget | S4: IST | T4: Budget | U4: IST | V4: Budget | W4: IST | X4: Budget | Y4: Wetter | Z4: Temp. | AB4: Bemerkung
A5: 1 | B5: Di | C5: 9559.05 | D5: 5333.3333 | E5: 987.5 | F5: 166.66666 | G5: 220.2 | H5: 166.66666 | L5: 1666.6667 | N5: 1802.5 | O5: =M5+N5 -> 1802.5 | P5: 1500 | Q5: 2853.95 | R5: 3421.6667 | S5: =SUM(C5+E5+G5+I5+K5+O5+Q5) -> 15423.2 | T5: =SUM(D5+F5+H5+J5+L5+P5+R5) -> 12255 | U5: 0 | W5: =SUM(S5+U5) -> 15423.2 | X5: =SUM(T5+V5) -> 12255 | Y5: bedeckt | Z5: 16 | AA5: °C
A6: =SUM(A5+1) -> 2 | B6: Mi | C6: 6134.6 | D6: 5333.3333 | E6: 109.3 | F6: 166.66666 | G6: 68.35 | H6: 166.66666 | L6: 1666.6667 | N6: 0 | O6: =M6+N6 -> 0 | P6: 1500 | Q6: 2469.35 | R6: 3421.6667 | S6: =SUM(C6+E6+G6+I6+K6+O6+Q6) -> 8781.6 | T6: =SUM(D6+F6+H6+J6+L6+P6+R6) -> 12255 | U6: 0 | W6: =SUM(S6+U6) -> 8781.6 | X6: =SUM(T6+V6) -> 12255 | Y6: bedeckt | Z6: 14 | AA6: °C
A7: =SUM(A6+1) -> 3 | B7: Do | C7: 4988.8 | D7: 5333.3333 | E7: 393.35 | F7: 166.66666 | G7: 0 | H7: 166.66666 | L7: 1666.6667 | M7: 772.6 | N7: 6301 | O7: =M7+N7 -> 7073.6 | P7: 1500 | Q7: 4256 | R7: 3421.6667 | S7: =SUM(C7+E7+G7+I7+K7+O7+Q7) -> 16711.75 | T7: =SUM(D7+F7+H7+J7+L7+P7+R7) -> 12255 | U7: 0 | W7: =SUM(S7+U7) -> 16711.75 | X7: =SUM(T7+V7) -> 12255 | Y7: bewölkt | Z7: 14 | AA7: °C
A8: =SUM(A7+1) -> 4 | B8: Fr | C8: 8952.25 | D8: 5333.3333 | E8: 0 | F8: 166.66666 | G8: 0 | H8: 166.66666 | K8: 7072.8 | L8: 1666.6667 | M8: 128.3 | N8: 3345 | O8: =M8+N8 -> 3473.3 | P8: 1500 | Q8: 2429.75 | R8: 3421.6667 | S8: =SUM(C8+E8+G8+I8+K8+O8+Q8) -> 21928.1 | T8: =SUM(D8+F8+H8+J8+L8+P8+R8) -> 12255 | U8: 0 | W8: =SUM(S8+U8) -> 21928.1 | X8: =SUM(T8+V8) -> 12255 | Y8: Regen | Z8: 12 | AA8: °C
A9: =SUM(A8+1) -> 5 | B9: Sa | C9: 12010.4 | D9: 5333.3333 | E9: 24.15 | F9: 166.66666 | G9: 31.4 | H9: 166.66666 | K9: 9500.1 | L9: 1666.6667 | M9: 0 | N9: 0 | O9: =M9+N9 -> 0 | P9: 1500 | Q9: 4242.4 | R9: 3421.6667 | S9: =SUM(C9+E9+G9+I9+K9+O9+Q9) -> 25808.45 | T9: =SUM(D9+F9+H9+J9+L9+P9+R9) -> 12255 | U9: 0 | W9: =SUM(S9+U9) -> 25808.45 | X9: =SUM(T9+V9) -> 12255 | Y9: Regen | Z9: 10 | AA9: °C
A10: =SUM(A9+1) -> 6 | B10: So | C10: 12928.55 | D10: 5333.3333 | E10: 10.3 | F10: 166.66666 | G10: 17.3 | H10: 166.66666 | K10: 8330.95 | L10: 1666.6667 | M10: 0 | N10: 0 | O10: =M10+N10 -> 0 | P10: 1500 | Q10: 3186.6 | R10: 3421.6667 | S10: =SUM(C10+E10+G10+I10+K10+O10+Q10) -> 24473.7 | T10: =SUM(D10+F10+H10+J10+L10+P10+R10) -> 12255 | U10: 0 | W10: =SUM(S10+U10) -> 24473.7 | X10: =SUM(T10+V10) -> 12255 | Y10: Regen | Z10: 10 | AA10: °C
A11: KW | B11: 45 | C11: =SUM(C5:C10) -> 54573.65 | D11: =SUM(D5:D10) -> 32000 | E11: =SUM(E5:E10) -> 1524.6 | F11: =SUM(F5:F10) -> 999.99996 | G11: =SUM(G5:G10) -> 337.25 | H11: =SUM(H5:H10) -> 999.99996 | I11: =SUM(I5:I10) -> 0 | J11: =SUM(J5:J10) -> 0 | ... X11: =SUM(X5:X10) -> 73530 | Y11: Ø Temp | Z11: =SUM(Z5:Z10)/7 -> 10.857143 | AA11: °C
A12: =SUM(A10+1) -> 7 | B12: Mo | C12: 6173.15 | D12: 5333.3333 | E12: 1201.5 | F12: 166.66666 | G12: 89.7 | H12: 166.66666 | K12: 0 | L12: 1666.6667 | M12: 682.4 | N12: 4583 | O12: =M12+N12 -> 5265.4 | P12: 1500 | Q12: 5916.4 | R12: 3421.6667 | S12: =SUM(C12+E12+G12+I12+K12+O12+Q12) -> 18646.15 | T12: =SUM(D12+F12+H12+J12+L12+P12+R12) -> 12255 | U12: 0 | W12: =SUM(S12+U12) -> 18646.15 | X12: =SUM(T12+V12) -> 12255 | Y12: sonnig | Z12: 15 | AA12: °C
A13: =SUM(A12+1) -> 8 | B13: Di | C13: 5822.6 | D13: 5333.3333 | E13: 194.55 | F13: 166.66666 | G13: 52.9 | H13: 166.66666 | K13: 888 | L13: 1666.6667 | M13: 743.4 | N13: 4942 | O13: =M13+N13 -> 5685.4 | P13: 1500 | Q13: 6238.2 | R13: 3421.6667 | S13: =SUM(C13+E13+G13+I13+K13+O13+Q13) -> 18881.65 | T13: =SUM(D13+F13+H13+J13+L13+P13+R13) -> 12255 | U13: 0 | W13: =SUM(S13+U13) -> 18881.65 | X13: =SUM(T13+V13) -> 12255 | Y13: leicht bewölkt | Z13: 13 | AA13: °C
A14: =SUM(A13+1) -> 9 | B14: Mi | C14: 6150.35 | D14: 5333.3333 | E14: 35 | F14: 166.66666 | G14: 0 | H14: 166.66666 | K14: 0 | L14: 1666.6667 | M14: 190.8 | N14: 4702 | O14: =M14+N14 -> 4892.8 | P14: 1500 | Q14: 5605.4 | R14: 3421.6667 | S14: =SUM(C14+E14+G14+I14+K14+O14+Q14) -> 16683.55 | T14: =SUM(D14+F14+H14+J14+L14+P14+R14) -> 12255 | U14: 0 | W14: =SUM(S14+U14) -> 16683.55 | X14: =SUM(T14+V14) -> 12255 | Y14: Regen | Z14: 4 | AA14: °C
A15: =SUM(A14+1) -> 10 | B15: Do | C15: 5876.45 | D15: 5333.3333 | E15: 148.7 | F15: 166.66666 | G15: 59.1 | H15: 166.66666 | K15: 6936.9 | L15: 1666.6667 | M15: 1252.7 | N15: 9096 | O15: =M15+N15 -> 10348.7 | P15: 1500 | Q15: 6159.7 | R15: 3421.6667 | S15: =SUM(C15+E15+G15+I15+K15+O15+Q15) -> 29529.55 | T15: =SUM(D15+F15+H15+J15+L15+P15+R15) -> 12255 | U15: 0 | W15: =SUM(S15+U15) -> 29529.55 | X15: =SUM(T15+V15) -> 12255 | Y15: teilweise sonnig | Z15: 12 | AA15: °C
A16: =SUM(A15+1) -> 11 | B16: Fr | C16: 10148.15 | D16: 5333.3333 | E16: 0 | F16: 166.66666 | G16: 54.85 | H16: 166.66666 | K16: 2375 | L16: 1666.6667 | M16: 111.7 | N16: 5362 | O16: =M16+N16 -> 5473.7 | P16: 1500 | Q16: 3732.55 | R16: 3421.6667 | S16: =SUM(C16+E16+G16+I16+K16+O16+Q16) -> 21784.25 | T16: =SUM(D16+F16+H16+J16+L16+P16+R16) -> 12255 | U16: 0 | W16: =SUM(S16+U16) -> 21784.25 | X16: =SUM(T16+V16) -> 12255 | Y16: bewölkt | Z16: 11 | AA16: °C
A17: =SUM(A16+1) -> 12 | B17: Sa | C17: 11760.05 | D17: 5333.3333 | E17: 0 | F17: 166.66666 | G17: 51.15 | H17: 166.66666 | K17: 10231.25 | L17: 1666.6667 | M17: 0 | N17: 858 | O17: =M17+N17 -> 858 | P17: 1500 | Q17: 1931.7 | R17: 3421.6667 | S17: =SUM(C17+E17+G17+I17+K17+O17+Q17) -> 24832.15 | T17: =SUM(D17+F17+H17+J17+L17+P17+R17) -> 12255 | U17: 0 | W17: =SUM(S17+U17) -> 24832.15 | X17: =SUM(T17+V17) -> 12255 | Y17: bewölkt | Z17: 10 | AA17: °C
A18: =SUM(A17+1) -> 13 | B18: So | C18: 10808.05 | D18: 5333.3333 | E18: 0 | F18: 166.66666 | G18: 0 | H18: 166.66666 | K18: 0 | L18: 1666.6667 | M18: 0 | N18: 0 | O18: =M18+N18 -> 0 | P18: 1500 | Q18: 1637.25 | R18: 3421.6667 | S18: =SUM(C18+E18+G18+I18+K18+O18+Q18) -> 12445.3 | T18: =SUM(D18+F18+H18+J18+L18+P18+R18) -> 12255 | U18: 0 | W18: =SUM(S18+U18) -> 12445.3 | X18: =SUM(T18+V18) -> 12255 | Y18: Nebel | Z18: 10 | AA18: °C
A19: KW | B19: =SUM(B11+1) -> 46 | C19: =SUM(C12:C18) -> 56738.8 | D19: =SUM(D12:D18) -> 37333.333 | E19: =SUM(E12:E18) -> 1579.75 | F19: =SUM(F12:F18) -> 1166.6666 | G19: =SUM(G12:G18) -> 307.7 | H19: =SUM(H12:H18) -> 1166.6666 | I19: =SUM(I12:I18) -> 0 | J19: =SUM(J12:J18) -> 0 | ... X19: =SUM(X12:X18) -> 85785 | Y19: Ø Temp | Z19: =SUM(Z12:Z18)/7 -> 10.714286 | AA19: °C
A20: =SUM(A18+1) -> 14 | B20: Mo | C20: 4426.35 | D20: 5333.3333 | E20: 0 | F20: 166.66666 | G20: 0 | H20: 166.66666 | K20: 0 | L20: 1666.6667 | M20: 1351 | N20: 7467.5 | O20: =M20+N20 -> 8818.5 | P20: 1500 | Q20: 4687.15 | R20: 3421.6667 | S20: =SUM(C20+E20+G20+I20+K20+O20+Q20) -> 17932 | T20: =SUM(D20+F20+H20+J20+L20+P20+R20) -> 12255 | U20: 0 | W20: =SUM(S20+U20) -> 17932 | X20: =SUM(T20+V20) -> 12255 | Y20: Regen | Z20: 10 | AA20: °C
A21: =SUM(A20+1) -> 15 | B21: Di | C21: 8379.35 | D21: 5333.3333 | E21: 0 | F21: 166.66666 | G21: 0 | H21: 166.66666 | K21: 0 | L21: 1666.6667 | M21: 2459 | N21: 4071.4 | O21: =M21+N21 -> 6530.4 | P21: 1500 | Q21: 5388.9 | R21: 3421.6667 | S21: =SUM(C21+E21+G21+I21+K21+O21+Q21) -> 20298.65 | T21: =SUM(D21+F21+H21+J21+L21+P21+R21) -> 12255 | U21: 0 | W21: =SUM(S21+U21) -> 20298.65 | X21: =SUM(T21+V21) -> 12255 | Y21: Regen | Z21: 10 | AA21: °C
A22: =SUM(A21+1) -> 16 | B22: Mi | C22: 4997.25 | D22: 5333.3333 | E22: 41.65 | F22: 166.66666 | G22: 66.3 | H22: 166.66666 | K22: 0 | L22: 1666.6667 | M22: 589.3 | N22: 6153 | O22: =M22+N22 -> 6742.3 | P22: 1500 | Q22: 5466.85 | R22: 3421.6667 | S22: =SUM(C22+E22+G22+I22+K22+O22+Q22) -> 17314.35 | T22: =SUM(D22+F22+H22+J22+L22+P22+R22) -> 12255 | U22: 0 | W22: =SUM(S22+U22) -> 17314.35 | X22: =SUM(T22+V22) -> 12255 | Y22: sonnig | Z22: 12 | AA22: °C
A23: =SUM(A22+1) -> 17 | B23: Do | C23: 7223.1 | D23: 5333.3333 | E23: 9.25 | F23: 166.66666 | G23: 30.25 | H23: 166.66666 | K23: 49.7 | L23: 1666.6667 | M23: 0 | N23: 2139 | O23: =M23+N23 -> 2139 | P23: 1500 | Q23: 4696.85 | R23: 3421.6667 | S23: =SUM(C23+E23+G23+I23+K23+O23+Q23) -> 14148.15 | T23: =SUM(D23+F23+H23+J23+L23+P23+R23) -> 12255 | U23: 0 | W23: =SUM(S23+U23) -> 14148.15 | X23: =SUM(T23+V23) -> 12255 | Y23: veränderlich | Z23: 12 | AA23: °C
A24: =SUM(A23+1) -> 18 | B24: Fr | C24: 6789.8 | D24: 5333.3333 | E24: 0 | F24: 166.66666 | G24: 0 | H24: 166.66666 | K24: 20476.3 | L24: 1666.6667 | M24: 65.5 | N24: 2614 | O24: =M24+N24 -> 2679.5 | P24: 1500 | Q24: 3267.4 | R24: 3421.6667 | S24: =SUM(C24+E24+G24+I24+K24+O24+Q24) -> 33213 | T24: =SUM(D24+F24+H24+J24+L24+P24+R24) -> 12255 | U24: 0 | W24: =SUM(S24+U24) -> 33213 | X24: =SUM(T24+V24) -> 12255 | Y24: veränderlich | Z24: 8 | AA24: °C
A25: =SUM(A24+1) -> 19 | B25: Sa | C25: 13383 | D25: 5333.3333 | E25: 0 | F25: 166.66666 | G25: 65.25 | H25: 166.66666 | K25: 0 | L25: 1666.6667 | M25: 0 | N25: 0 | O25: =M25+N25 -> 0 | P25: 1500 | Q25: 6709.45 | R25: 3421.6667 | S25: =SUM(C25+E25+G25+I25+K25+O25+Q25) -> 20157.7 | T25: =SUM(D25+F25+H25+J25+L25+P25+R25) -> 12255 | U25: 0 | W25: =SUM(S25+U25) -> 20157.7 | X25: =SUM(T25+V25) -> 12255 | Y25: veränderlich | Z25: 8 | AA25: °C
A26: =SUM(A25+1) -> 20 | B26: So | C26: 13228.5 | D26: 5333.3333 | E26: 232.9 | F26: 166.66666 | G26: 258.85 | H26: 166.66666 | K26: 7550.9 | L26: 1666.6667 | M26: 913.3 | N26: 0 | O26: =M26+N26 -> 913.3 | P26: 1500 | Q26: 3511 | R26: 3421.6667 | S26: =SUM(C26+E26+G26+I26+K26+O26+Q26) -> 25695.45 | T26: =SUM(D26+F26+H26+J26+L26+P26+R26) -> 12255 | U26: 0 | W26: =SUM(S26+U26) -> 25695.45 | X26: =SUM(T26+V26) -> 12255 | Y26: sonnig | Z26: 8 | AA26: °C
A27: KW | B27: =SUM(B19+1) -> 47 | C27: =SUM(C20:C26) -> 58427.35 | D27: =SUM(D20:D26) -> 37333.333 | E27: =SUM(E20:E26) -> 283.8 | F27: =SUM(F20:F26) -> 1166.6666 | G27: =SUM(G20:G26) -> 420.65 | H27: =SUM(H20:H26) -> 1166.6666 | I27: =SUM(I20:I26) -> 0 | J27: =SUM(J20:J26) -> 0 | ... X27: =SUM(X20:X26) -> 85785 | Y27: Ø Temp | Z27: =SUM(Z20:Z26)/7 -> 9.7142857 | AA27: °C
A28: =SUM(A26+1) -> 21 | B28: Mo | C28: 4559.75 | D28: 5333.3333 | E28: 5.15 | F28: 166.66666 | G28: 0 | H28: 166.66666 | K28: 75 | L28: 1666.6667 | M28: 2230.9 | N28: 6396.2 | O28: =M28+N28 -> 8627.1 | P28: 1500 | Q28: 5976.7 | R28: 3421.6667 | S28: =SUM(C28+E28+G28+I28+K28+O28+Q28) -> 19243.7 | T28: =SUM(D28+F28+H28+J28+L28+P28+R28) -> 12255 | U28: 0 | W28: =SUM(S28+U28) -> 19243.7 | X28: =SUM(T28+V28) -> 12255 | Y28: bewölkt | Z28: 8 | AA28: °C
A29: =SUM(A28+1) -> 22 | B29: Di | C29: 8164.3 | D29: 5333.3333 | E29: 0 | F29: 166.66666 | G29: 0 | H29: 166.66666 | K29: 1052.15 | L29: 1666.6667 | M29: 210.9 | N29: 6327.2 | O29: =M29+N29 -> 6538.1 | P29: 1500 | Q29: 2850.9 | R29: 3421.6667 | S29: =SUM(C29+E29+G29+I29+K29+O29+Q29) -> 18605.45 | T29: =SUM(D29+F29+H29+J29+L29+P29+R29) -> 12255 | U29: 0 | W29: =SUM(S29+U29) -> 18605.45 | X29: =SUM(T29+V29) -> 12255 | Y29: bewölkt | Z29: 8 | AA29: °C
A30: =SUM(A29+1) -> 23 | B30: Mi | C30: 3705.5 | D30: 5333.3333 | E30: 41.7 | F30: 166.66666 | G30: 57.2 | H30: 166.66666 | K30: 0 | L30: 1666.6667 | M30: 1708.9 | N30: 4971 | O30: =M30+N30 -> 6679.9 | P30: 1500 | Q30: 3759.8 | R30: 3421.6667 | S30: =SUM(C30+E30+G30+I30+K30+O30+Q30) -> 14244.1 | T30: =SUM(D30+F30+H30+J30+L30+P30+R30) -> 12255 | U30: 0 | W30: =SUM(S30+U30) -> 14244.1 | X30: =SUM(T30+V30) -> 12255 | Y30: sonnig | Z30: 7 | AA30: °C
A31: =SUM(A30+1) -> 24 | B31: Do | C31: 3388.75 | D31: 5333.3333 | E31: 0 | F31: 166.66666 | G31: 0 | H31: 166.66666 | K31: 0 | L31: 1666.6667 | M31: 1531 | N31: 3179.5 | O31: =M31+N31 -> 4710.5 | P31: 1500 | Q31: 3397.4 | R31: 3421.6667 | S31: =SUM(C31+E31+G31+I31+K31+O31+Q31) -> 11496.65 | T31: =SUM(D31+F31+H31+J31+L31+P31+R31) -> 12255 | U31: 0 | W31: =SUM(S31+U31) -> 11496.65 | X31: =SUM(T31+V31) -> 12255 | Y31: bedeckt | Z31: 7 | AA31: °C
A32: =SUM(A31+1) -> 25 | B32: Fr | C32: 8421.3 | D32: 5333.3333 | E32: 0 | F32: 166.66666 | G32: 82.35 | H32: 166.66666 | K32: 8182.35 | L32: 1666.6667 | M32: 5.5 | N32: 3796.8 | O32: =M32+N32 -> 3802.3 | P32: 1500 | Q32: 3609.9 | R32: 3421.6667 | S32: =SUM(C32+E32+G32+I32+K32+O32+Q32) -> 24098.2 | T32: =SUM(D32+F32+H32+J32+L32+P32+R32) -> 12255 | U32: 0 | W32: =SUM(S32+U32) -> 24098.2 | X32: =SUM(T32+V32) -> 12255 | Y32: Regen | Z32: 7 | AA32: °C
A33: =SUM(A32+1) -> 26 | B33: Sa | C33: 11317.7 | D33: 5333.3333 | E33: 0 | F33: 166.66666 | G33: 188.5 | H33: 166.66666 | K33: 2756.4 | L33: 1666.6667 | M33: 798.8 | N33: 505 | O33: =M33+N33 -> 1303.8 | P33: 1500 | Q33: 7411.05 | R33: 3421.6667 | S33: =SUM(C33+E33+G33+I33+K33+O33+Q33) -> 22977.45 | T33: =SUM(D33+F33+H33+J33+L33+P33+R33) -> 12255 | U33: 0 | W33: =SUM(S33+U33) -> 22977.45 | X33: =SUM(T33+V33) -> 12255 | Y33: veränderlich | Z33: 8 | AA33: °C
A34: =SUM(A33+1) -> 27 | B34: So | C34: 9522.05 | D34: 5333.3333 | E34: 0 | F34: 166.66666 | G34: 161.05 | H34: 166.66666 | K34: 4157.2 | L34: 1666.6667 | M34: 57 | N34: 505 | O34: =M34+N34 -> 562 | P34: 1500 | Q34: 2153.4 | R34: 3421.6667 | S34: =SUM(C34+E34+G34+I34+K34+O34+Q34) -> 16555.7 | T34: =SUM(D34+F34+H34+J34+L34+P34+R34) -> 12255 | U34: 0 | W34: =SUM(S34+U34) -> 16555.7 | X34: =SUM(T34+V34) -> 12255 | Y34: veränderlich | Z34: 10 | AA34: °C
A35: KW | B35: =SUM(B27+1) -> 48 | C35: =SUM(C28:C34) -> 49079.35 | D35: =SUM(D28:D34) -> 37333.333 | E35: =SUM(E28:E34) -> 46.85 | F35: =SUM(F28:F34) -> 1166.6666 | G35: =SUM(G28:G34) -> 489.1 | H35: =SUM(H28:H34) -> 1166.6666 | I35: =SUM(I28:I34) -> 0 | J35: =SUM(J28:J34) -> 0 | ... X35: =SUM(X28:X34) -> 85785 | Y35: Ø Temp | Z35: =SUM(Z28:Z34)/7 -> 7.8571429 | AA35: °C
A36: =SUM(A34+1) -> 28 | B36: Mo | C36: 5323.35 | D36: 5333.3333 | E36: 0 | F36: 166.66666 | G36: 0 | H36: 166.66666 | K36: 0 | L36: 1666.6667 | M36: 0 | N36: 856 | O36: =M36+N36 -> 856 | P36: 1500 | Q36: 3004.3 | R36: 3421.6667 | S36: =SUM(C36+E36+G36+I36+K36+O36+Q36) -> 9183.65 | T36: =SUM(D36+F36+H36+J36+L36+P36+R36) -> 12255 | U36: 0 | W36: =SUM(S36+U36) -> 9183.65 | X36: =SUM(T36+V36) -> 12255 | Y36: bewölkt | Z36: 7 | AA36: °C
A37: 29 | B37: Di | C37: 8342.2 | D37: 5333.3333 | E37: 0 | F37: 166.66666 | G37: 0 | H37: 166.66666 | K37: 0 | L37: 1666.6667 | M37: 340.6 | N37: 1072 | O37: =M37+N37 -> 1412.6 | P37: 1500 | Q37: 5155.6 | R37: 3421.6667 | S37: =SUM(C37+E37+G37+I37+K37+O37+Q37) -> 14910.4 | T37: =SUM(D37+F37+H37+J37+L37+P37+R37) -> 12255 | U37: 0 | W37: =SUM(S37+U37) -> 14910.4 | X37: =SUM(T37+V37) -> 12255 | Y37: Regen | Z37: 6
A38: 30 | B38: Mi | C38: 5932.75 | D38: 5333.3333 | E38: 0 | F38: 166.66666 | G38: 0 | H38: 166.66666 | K38: 3597.7 | L38: 1666.6667 | M38: 0 | O38: =M38+N38 -> 0 | P38: 1500 | Q38: 4907.9 | R38: 3421.6667 | S38: =SUM(C38+E38+G38+I38+K38+O38+Q38) -> 14438.35 | T38: =SUM(D38+F38+H38+J38+L38+P38+R38) -> 12255 | U38: 0 | W38: =SUM(S38+U38) -> 14438.35 | X38: =SUM(T38+V38) -> 12255 | Y38: bewölkt | Z38: 6 | AA38: °C
A39: KW | B39: =SUM(B35+1) -> 49 | C39: =SUM(C36:C38) -> 19598.3 | D39: =SUM(D36:D38) -> 16000 | E39: =SUM(E36:E38) -> 0 | F39: =SUM(F36:F38) -> 499.99998 | G39: =SUM(G36:G38) -> 0 | H39: =SUM(H36:H38) -> 499.99998 | I39: =SUM(I36:I38) -> 0 | J39: =SUM(J36:J38) -> 0 | ... X39: =SUM(X36:X38) -> 36765 | Y39: Ø Temp | Z39: =SUM(Z36:Z38)/2 -> 9.5 | AA39: °C
A40: Umsatz kumuliert | C40: =SUM(C11+C19+C27+C35+C39) -> 238417.45 | D40: =SUM(D11+D19+D27+D35+D39) -> 160000 | E40: =SUM(E11+E19+E27+E35+E39) -> 3435 | F40: =SUM(F11+F19+F27+F35+F39) -> 4999.9998 | G40: =SUM(G11+G19+G27+G35+G39) -> 1554.7 | H40: =SUM(H11+H19+H27+H35+H39) -> 4999.9998 | I40: =SUM(I11+I19+I27+I35+I39) -> 0 | J40: =SUM(J11+J19+J27+J35+J39) -> 0 | ... X40: =SUM(X11+X19+X27+X35+X39) -> 367650 | Y40: Umsatz kumuliert
A41: Umsatz pro Tag | C41: =C40/30 -> 7947.2483 | D41: =D40/30 -> 5333.3333 | E41: =E40/30 -> 114.5 | F41: =F40/30 -> 166.66666 | G41: =G40/30 -> 51.823333 | H41: =H40/30 -> 166.66666 | I41: =I40/30 -> 0 | J41: =J40/30 -> 0 | ... X41: =X40/30 -> 12255 | Y41: Budget pro Tag
A42: Diff. zu Budget | C42: =SUM(C40-D40) -> 78417.451 | E42: =SUM(E40-F40) -> -1564.9998 | G42: =SUM(G40-H40) -> -3445.2998 | I42: =SUM(I40-J40) -> 0 | K42: =SUM(K40-L40) -> 43232.7 | O42: =O40-P40 -> 62188.7 | Q42: =SUM(Q40-R40) -> 23963.8 | S42: =SUM(S40-T40) -> 202792.35 | U42: =SUM(U40-V40) -> 0 | W42: =SUM(W40-X40) -> 202792.35
A43: Index | C43: =SUM(100/D40*C40) -> 149.01091 | E43: =SUM(100/F40*E40) -> 68.700003 | G43: =SUM(100/H40*G40) -> 31.094001 | I43: =SUM(100/J40*I40) -> #DIV/0! | K43: =SUM(100/L40*K40) -> 186.4654 | O43: =SUM(100/P40*O40) -> 238.19711 | Q43: =SUM(100/R40*Q40) -> 123.34515 | S43: =SUM(100/T40*S40) -> 155.15908 | U43: =SUM(100/V40*U40) -> #DIV/0! | W43: =SUM(100/X40*W40) -> 155.15908

Sheet 12_22
A1: Tagesumsätze | H1: 44896
C3: Restaurant | E3: Terrasse | G3: Lounge | I3: Pavillon | K3: Bankett | M3: Seminar | Q3: Hotel | S3: TOTAL Gesamtbetrieb ohne Seebad | U3: Seebad | W3: TOTAL Gesamtbetrieb mit Seebad | Y3: Info's
C4: IST | D4: Budget | E4: IST | F4: Budget | G4: IST | H4: Budget | I4: IST | J4: Budget | K4: IST | L4: Budget | M4: IST/GN | N4: IST/ET | O4: TOTAL IST | P4: Budget | Q4: IST | R4: Budget | S4: IST | T4: Budget | U4: IST | V4: Budget | W4: IST | X4: Budget | Y4: Wetter | Z4: Temp. | AB4: Bemerkung
A5: 1 | B5: Do | C5: 9140.75 | D5: 6451.6129 | E5: 0 | F5: 32.258065 | G5: 0 | H5: 32.258065 | K5: 0 | L5: 2258.0645 | M5: 1008.5 | N5: 872 | O5: =M5+N5 -> 1880.5 | P5: 806.45161 | Q5: 2894.4 | R5: 2579.0323 | S5: =SUM(C5+E5+G5+I5+K5+O5+Q5) -> 13915.65 | T5: =SUM(D5+F5+H5+J5+L5+P5+R5) -> 12159.677 | U5: 0 | W5: =SUM(S5+U5) -> 13915.65 | X5: =SUM(T5+V5) -> 12159.677 | Y5: Nebel | Z5: 3 | AA5: °C
A6: =SUM(A5+1) -> 2 | B6: Fr | C6: 9696.05 | D6: 6451.6129 | E6: 0 | F6: 32.258065 | G6: 0 | H6: 32.258065 | K6: 27486.95 | L6: 2258.0645 | M6: 4.2 | N6: 1264 | O6: =M6+N6 -> 1268.2 | P6: 806.45161 | Q6: 1997.35 | R6: 2579.0323 | S6: =SUM(C6+E6+G6+I6+K6+O6+Q6) -> 40448.55 | T6: =SUM(D6+F6+H6+J6+L6+P6+R6) -> 12159.677 | U6: 0 | W6: =SUM(S6+U6) -> 40448.55 | X6: =SUM(T6+V6) -> 12159.677 | Y6: teilweise sonnig | Z6: 3 | AA6: °C
A7: =SUM(A6+1) -> 3 | B7: Sa | C7: 8796.65 | D7: 6451.6129 | E7: 0 | F7: 32.258065 | G7: 0 | H7: 32.258065 | K7: 2144.4 | L7: 2258.0645 | M7: 0 | N7: 0 | O7: =M7+N7 -> 0 | P7: 806.45161 | Q7: 4076.25 | R7: 2579.0323 | S7: =SUM(C7+E7+G7+I7+K7+O7+Q7) -> 15017.3 | T7: =SUM(D7+F7+H7+J7+L7+P7+R7) -> 12159.677 | U7: 0 | W7: =SUM(S7+U7) -> 15017.3 | X7: =SUM(T7+V7) -> 12159.677 | Y7: Hochnebel | Z7: 3 | AA7: °C
A8: =SUM(A7+1) -> 4 | B8: So | C8: 7603.1 | D8: 6451.6129 | E8: 0 | F8: 32.258065 | G8: 0 | H8: 32.258065 | K8: 4955.4 | L8: 2258.0645 | N8: 0 | O8: =M8+N8 -> 0 | P8: 806.45161 | Q8: 1174.9 | R8: 2579.0323 | S8: =SUM(C8+E8+G8+I8+K8+O8+Q8) -> 13733.4 | T8: =SUM(D8+F8+H8+J8+L8+P8+R8) -> 12159.677 | U8: 0 | W8: =SUM(S8+U8) -> 13733.4 | X8: =SUM(T8+V8) -> 12159.677 | AA8: °C
A9: KW | B9: 49 | C9: =SUM(C5:C8) -> 35236.55 | D9: =SUM(D5:D8) -> 25806.452 | E9: =SUM(E5:E8) -> 0 | F9: =SUM(F5:F8) -> 129.03226 | G9: =SUM(G5:G8) -> 0 | H9: =SUM(H5:H8) -> 129.03226 | I9: =SUM(I5:I8) -> 0 | J9: =SUM(J5:J8) -> 0 | ... X9: =SUM(X5:X8) -> 48638.71 | Y9: Ø Temp | Z9: =SUM(Z5:Z8)/7 -> 1.2857143 | AA9: °C
A10: =SUM(A8+1) -> 5 | B10: Mo | C10: 5913.5 | D10: 6451.6129 | E10: 0 | F10: 32.258065 | G10: 0 | H10: 32.258065 | K10: 0 | L10: 2258.0645 | M10: 368.6 | N10: 1415 | O10: =M10+N10 -> 1783.6 | P10: 806.45161 | Q10: 3843.25 | R10: 2579.0323 | S10: =SUM(C10+E10+G10+I10+K10+O10+Q10) -> 11540.35 | T10: =SUM(D10+F10+H10+J10+L10+P10+R10) -> 12159.677 | U10: 0 | W10: =SUM(S10+U10) -> 11540.35 | X10: =SUM(T10+V10) -> 12159.677 | Z10: 3 | AA10: °C
A11: =SUM(A10+1) -> 6 | B11: Di | C11: 3884.8 | D11: 6451.6129 | E11: 0 | F11: 32.258065 | G11: 0 | H11: 32.258065 | K11: 4861.45 | L11: 2258.0645 | M11: 384.2 | N11: 1490 | O11: =M11+N11 -> 1874.2 | P11: 806.45161 | Q11: 7396 | R11: 2579.0323 | S11: =SUM(C11+E11+G11+I11+K11+O11+Q11) -> 18016.45 | T11: =SUM(D11+F11+H11+J11+L11+P11+R11) -> 12159.677 | U11: 0 | W11: =SUM(S11+U11) -> 18016.45 | X11: =SUM(T11+V11) -> 12159.677 | Z11: 3 | AA11: °C
A12: =SUM(A11+1) -> 7 | B12: Mi | C12: 6914.7 | D12: 6451.6129 | E12: 0 | F12: 32.258065 | G12: 10.1 | H12: 32.258065 | K12: 0 | L12: 2258.0645 | M12: 11 | N12: 5172 | O12: =M12+N12 -> 5183 | P12: 806.45161 | Q12: 5644.3 | R12: 2579.0323 | S12: =SUM(C12+E12+G12+I12+K12+O12+Q12) -> 17752.1 | T12: =SUM(D12+F12+H12+J12+L12+P12+R12) -> 12159.677 | U12: 0 | W12: =SUM(S12+U12) -> 17752.1 | X12: =SUM(T12+V12) -> 12159.677 | Z12: 3 | AA12: °C
A13: =SUM(A12+1) -> 8 | B13: Do | C13: 6531.25 | D13: 6451.6129 | E13: 0 | F13: 32.258065 | G13: 117.5 | H13: 32.258065 | K13: 1500 | L13: 2258.0645 | M13: 509.7 | N13: 4216 | O13: =M13+N13 -> 4725.7 | P13: 806.45161 | Q13: 1892.75 | R13: 2579.0323 | S13: =SUM(C13+E13+G13+I13+K13+O13+Q13) -> 14767.2 | T13: =SUM(D13+F13+H13+J13+L13+P13+R13) -> 12159.677 | U13: 0 | W13: =SUM(S13+U13) -> 14767.2 | X13: =SUM(T13+V13) -> 12159.677 | Z13: 3 | AA13: °C
A14: =SUM(A13+1) -> 9 | B14: Fr | C14: 11090.3 | D14: 6451.6129 | E14: 0 | F14: 32.258065 | G14: 0 | H14: 32.258065 | K14: 9298.15 | L14: 2258.0645 | M14: 0 | N14: 0 | O14: =M14+N14 -> 0 | P14: 806.45161 | Q14: 1862 | R14: 2579.0323 | S14: =SUM(C14+E14+G14+I14+K14+O14+Q14) -> 22250.45 | T14: =SUM(D14+F14+H14+J14+L14+P14+R14) -> 12159.677 | U14: 0 | W14: =SUM(S14+U14) -> 22250.45 | X14: =SUM(T14+V14) -> 12159.677 | Y14: Schneefall | Z14: 0 | AA14: °C
A15: =SUM(A14+1) -> 10 | B15: Sa | C15: 10682.75 | D15: 6451.6129 | E15: 0 | F15: 32.258065 | G15: 0 | H15: 32.258065 | K15: 1800 | L15: 2258.0645 | M15: 0 | N15: 0 | O15: =M15+N15 -> 0 | P15: 806.45161 | Q15: 4818.9 | R15: 2579.0323 | S15: =SUM(C15+E15+G15+I15+K15+O15+Q15) -> 17301.65 | T15: =SUM(D15+F15+H15+J15+L15+P15+R15) -> 12159.677 | U15: 0 | W15: =SUM(S15+U15) -> 17301.65 | X15: =SUM(T15+V15) -> 12159.677 | Y15: Schneefall | Z15: 0 | AA15: °C
A16: =SUM(A15+1) -> 11 | B16: So | C16: 7346.85 | D16: 6451.6129 | E16: 0 | F16: 32.258065 | G16: 0 | H16: 32.258065 | K16: 3103.9 | L16: 2258.0645 | M16: 0 | N16: 0 | O16: =M16+N16 -> 0 | P16: 806.45161 | Q16: 1849.15 | R16: 2579.0323 | S16: =SUM(C16+E16+G16+I16+K16+O16+Q16) -> 12299.9 | T16: =SUM(D16+F16+H16+J16+L16+P16+R16) -> 12159.677 | U16: 0 | W16: =SUM(S16+U16) -> 12299.9 | X16: =SUM(T16+V16) -> 12159.677 | Y16: sonnig | Z16: 0 | AA16: °C
A17: KW | B17: =SUM(B9+1) -> 50 | C17: =SUM(C10:C16) -> 52364.15 | D17: =SUM(D10:D16) -> 45161.29 | E17: =SUM(E10:E16) -> 0 | F17: =SUM(F10:F16) -> 225.80645 | G17: =SUM(G10:G16) -> 127.6 | H17: =SUM(H10:H16) -> 225.80645 | I17: =SUM(I10:I16) -> 0 | J17: =SUM(J10:J16) -> 0 | ... X17: =SUM(X10:X16) -> 85117.742 | Y17: Ø Temp | Z17: =SUM(Z10:Z16)/7 -> 1.7142857 | AA17: °C
A18: =SUM(A16+1) -> 12 | B18: Mo | C18: 6510.65 | D18: 6451.6129 | E18: 0 | F18: 32.258065 | G18: 0 | H18: 32.258065 | K18: 0 | L18: 2258.0645 | M18: 300.1 | N18: 559 | O18: =M18+N18 -> 859.1 | P18: 806.45161 | Q18: 2536.15 | R18: 2579.0323 | S18: =SUM(C18+E18+G18+I18+K18+O18+Q18) -> 9905.9 | T18: =SUM(D18+F18+H18+J18+L18+P18+R18) -> 12159.677 | U18: 0 | W18: =SUM(S18+U18) -> 9905.9 | X18: =SUM(T18+V18) -> 12159.677 | Y18: bewölkt | Z18: -3 | AA18: °C
A19: =SUM(A18+1) -> 13 | B19: Di | C19: 7914.1 | D19: 6451.6129 | E19: 0 | F19: 32.258065 | G19: 0 | H19: 32.258065 | K19: 1404 | L19: 2258.0645 | M19: 659.9 | N19: 1677 | O19: =M19+N19 -> 2336.9 | P19: 806.45161 | Q19: 3021.8 | R19: 2579.0323 | S19: =SUM(C19+E19+G19+I19+K19+O19+Q19) -> 14676.8 | T19: =SUM(D19+F19+H19+J19+L19+P19+R19) -> 12159.677 | U19: 0 | W19: =SUM(S19+U19) -> 14676.8 | X19: =SUM(T19+V19) -> 12159.677 | Y19: bewölkt | Z19: -3 | AA19: °C
A20: =SUM(A19+1) -> 14 | B20: Mi | C20: 7114.75 | D20: 6451.6129 | E20: 0 | F20: 32.258065 | G20: 0 | H20: 32.258065 | K20: 0 | L20: 2258.0645 | M20: 0 | N20: 0 | O20: =M20+N20 -> 0 | P20: 806.45161 | Q20: 1835.4 | R20: 2579.0323 | S20: =SUM(C20+E20+G20+I20+K20+O20+Q20) -> 8950.15 | T20: =SUM(D20+F20+H20+J20+L20+P20+R20) -> 12159.677 | U20: 0 | W20: =SUM(S20+U20) -> 8950.15 | X20: =SUM(T20+V20) -> 12159.677 | Y20: bewölkt | Z20: 3 | AA20: °C
A21: =SUM(A20+1) -> 15 | B21: Do | C21: 7986.2 | D21: 6451.6129 | E21: 0 | F21: 32.258065 | G21: 0 | H21: 32.258065 | K21: 14547.5 | L21: 2258.0645 | M21: 138.9 | N21: 3472.2 | O21: =M21+N21 -> 3611.1 | P21: 806.45161 | Q21: 3100.3 | R21: 2579.0323 | S21: =SUM(C21+E21+G21+I21+K21+O21+Q21) -> 29245.1 | T21: =SUM(D21+F21+H21+J21+L21+P21+R21) -> 12159.677 | U21: 0 | W21: =SUM(S21+U21) -> 29245.1 | X21: =SUM(T21+V21) -> 12159.677 | Y21: bewölkt | Z21: 3 | AA21: °C
A22: =SUM(A21+1) -> 16 | B22: Fr | C22: 12971.75 | D22: 6451.6129 | E22: 0 | F22: 32.258065 | G22: 0 | H22: 32.258065 | K22: 9533.2 | L22: 2258.0645 | M22: 0 | N22: 0 | O22: =M22+N22 -> 0 | P22: 806.45161 | Q22: 4559.85 | R22: 2579.0323 | S22: =SUM(C22+E22+G22+I22+K22+O22+Q22) -> 27064.8 | T22: =SUM(D22+F22+H22+J22+L22+P22+R22) -> 12159.677 | U22: 0 | W22: =SUM(S22+U22) -> 27064.8 | X22: =SUM(T22+V22) -> 12159.677 | Y22: bewölkt | Z22: -2 | AA22: °C
A23: =SUM(A22+1) -> 17 | B23: Sa | C23: 9243.5 | D23: 6451.6129 | E23: 0 | F23: 32.258065 | G23: 0 | H23: 32.258065 | K23: 2500 | L23: 2258.0645 | M23: 0 | N23: 0 | O23: =M23+N23 -> 0 | P23: 806.45161 | Q23: 5121.8 | R23: 2579.0323 | S23: =SUM(C23+E23+G23+I23+K23+O23+Q23) -> 16865.3 | T23: =SUM(D23+F23+H23+J23+L23+P23+R23) -> 12159.677 | U23: 0 | W23: =SUM(S23+U23) -> 16865.3 | X23: =SUM(T23+V23) -> 12159.677 | Y23: hohe Bewölkung | Z23: -2 | AA23: °C
A24: =SUM(A23+1) -> 18 | B24: So | C24: 5637.05 | D24: 6451.6129 | E24: 0 | F24: 32.258065 | G24: 0 | H24: 32.258065 | K24: 1300 | L24: 2258.0645 | M24: 0 | N24: 0 | O24: =M24+N24 -> 0 | P24: 806.45161 | Q24: 2012.45 | R24: 2579.0323 | S24: =SUM(C24+E24+G24+I24+K24+O24+Q24) -> 8949.5 | T24: =SUM(D24+F24+H24+J24+L24+P24+R24) -> 12159.677 | U24: 0 | W24: =SUM(S24+U24) -> 8949.5 | X24: =SUM(T24+V24) -> 12159.677 | Y24: hohe Bewölkung | Z24: 1 | AA24: °C | AB24: WM Finale
A25: KW | B25: =SUM(B17+1) -> 51 | C25: =SUM(C18:C24) -> 57378 | D25: =SUM(D18:D24) -> 45161.29 | E25: =SUM(E18:E24) -> 0 | F25: =SUM(F18:F24) -> 225.80645 | G25: =SUM(G18:G24) -> 0 | H25: =SUM(H18:H24) -> 225.80645 | I25: =SUM(I18:I24) -> 0 | J25: =SUM(J18:J24) -> 0 | ... X25: =SUM(X18:X24) -> 85117.742 | Y25: Ø Temp | Z25: =SUM(Z18:Z24)/7 -> -0.42857143 | AA25: °C
A26: =SUM(A24+1) -> 19 | B26: Mo | C26: 4204.85 | D26: 6451.6129 | E26: 0 | F26: 32.258065 | G26: 0 | H26: 32.258065 | K26: 0 | L26: 2258.0645 | M26: 0 | N26: 0 | O26: =M26+N26 -> 0 | P26: 806.45161 | Q26: 668.8 | R26: 2579.0323 | S26: =SUM(C26+E26+G26+I26+K26+O26+Q26) -> 4873.65 | T26: =SUM(D26+F26+H26+J26+L26+P26+R26) -> 12159.677 | U26: 0 | W26: =SUM(S26+U26) -> 4873.65 | X26: =SUM(T26+V26) -> 12159.677 | Y26: bewölkt | Z26: 3 | AA26: °C
A27: =SUM(A26+1) -> 20 | B27: Di | C27: 7869.3 | D27: 6451.6129 | E27: 0 | F27: 32.258065 | G27: 0 | H27: 32.258065 | K27: 0 | L27: 2258.0645 | M27: 0 | N27: 0 | O27: =M27+N27 -> 0 | P27: 806.45161 | Q27: 1010.4 | R27: 2579.0323 | S27: =SUM(C27+E27+G27+I27+K27+O27+Q27) -> 8879.7 | T27: =SUM(D27+F27+H27+J27+L27+P27+R27) -> 12159.677 | U27: 0 | W27: =SUM(S27+U27) -> 8879.7 | X27: =SUM(T27+V27) -> 12159.677 | Y27: teilweise sonnig | Z27: 5 | AA27: °C
A28: =SUM(A27+1) -> 21 | B28: Mi | C28: 6300.8 | D28: 6451.6129 | E28: 0 | F28: 32.258065 | G28: 0 | H28: 32.258065 | K28: 0 | L28: 2258.0645 | M28: 0 | N28: 150 | O28: =M28+N28 -> 150 | P28: 806.45161 | Q28: 574.75 | R28: 2579.0323 | S28: =SUM(C28+E28+G28+I28+K28+O28+Q28) -> 7025.55 | T28: =SUM(D28+F28+H28+J28+L28+P28+R28) -> 12159.677 | U28: 0 | W28: =SUM(S28+U28) -> 7025.55 | X28: =SUM(T28+V28) -> 12159.677 | Y28: Regen | Z28: 7 | AA28: °C
A29: =SUM(A28+1) -> 22 | B29: Do | C29: 5585 | D29: 6451.6129 | E29: 0 | F29: 32.258065 | G29: 0 | H29: 32.258065 | K29: 2745.9 | L29: 2258.0645 | M29: 0 | N29: 0 | O29: =M29+N29 -> 0 | P29: 806.45161 | Q29: 872.6 | R29: 2579.0323 | S29: =SUM(C29+E29+G29+I29+K29+O29+Q29) -> 9203.5 | T29: =SUM(D29+F29+H29+J29+L29+P29+R29) -> 12159.677 | U29: 0 | W29: =SUM(S29+U29) -> 9203.5 | X29: =SUM(T29+V29) -> 12159.677 | Y29: bewölkt | Z29: 5 | AA29: °C
A30: =SUM(A29+1) -> 23 | B30: Fr | C30: 4358.6 | D30: 6451.6129 | E30: 0 | F30: 32.258065 | G30: 0 | H30: 32.258065 | K30: 4939.9 | L30: 2258.0645 | M30: 0 | N30: 0 | O30: =M30+N30 -> 0 | P30: 806.45161 | Q30: 849 | R30: 2579.0323 | S30: =SUM(C30+E30+G30+I30+K30+O30+Q30) -> 10147.5 | T30: =SUM(D30+F30+H30+J30+L30+P30+R30) -> 12159.677 | U30: 0 | W30: =SUM(S30+U30) -> 10147.5 | X30: =SUM(T30+V30) -> 12159.677 | Y30: Regen | Z30: 10 | AA30: °C
A31: =SUM(A30+1) -> 24 | B31: Sa | C31: 0 | D31: 6451.6129 | E31: 0 | F31: 32.258065 | G31: 0 | H31: 32.258065 | K31: 0 | L31: 2258.0645 | M31: 0 | N31: 0 | O31: =M31+N31 -> 0 | P31: 806.45161 | Q31: 2656.2 | R31: 2579.0323 | S31: =SUM(C31+E31+G31+I31+K31+O31+Q31) -> 2656.2 | T31: =SUM(D31+F31+H31+J31+L31+P31+R31) -> 12159.677 | U31: 0 | W31: =SUM(S31+U31) -> 2656.2 | X31: =SUM(T31+V31) -> 12159.677 | Y31: Regen | Z31: 10 | AA31: °C | AB31: Restaurant geschlossen
A32: =SUM(A31+1) -> 25 | B32: So | C32: 13269.5 | D32: 6451.6129 | E32: 0 | F32: 32.258065 | G32: 0 | H32: 32.258065 | K32: 7195.55 | L32: 2258.0645 | M32: 0 | N32: 0 | O32: =M32+N32 -> 0 | P32: 806.45161 | Q32: 3066.3 | R32: 2579.0323 | S32: =SUM(C32+E32+G32+I32+K32+O32+Q32) -> 23531.35 | T32: =SUM(D32+F32+H32+J32+L32+P32+R32) -> 12159.677 | U32: 0 | W32: =SUM(S32+U32) -> 23531.35 | X32: =SUM(T32+V32) -> 12159.677 | Y32: bewölkt | Z32: 10 | AA32: °C
A33: KW | B33: =SUM(B25+1) -> 52 | C33: =SUM(C26:C32) -> 41588.05 | D33: =SUM(D26:D32) -> 45161.29 | E33: =SUM(E26:E32) -> 0 | F33: =SUM(F26:F32) -> 225.80645 | G33: =SUM(G26:G32) -> 0 | H33: =SUM(H26:H32) -> 225.80645 | I33: =SUM(I26:I32) -> 0 | J33: =SUM(J26:J32) -> 0 | ... X33: =SUM(X26:X32) -> 85117.742 | Y33: Ø Temp | Z33: =SUM(Z26:Z32)/7 -> 7.1428571 | AA33: °C
A34: =SUM(A32+1) -> 26 | B34: Mo | C34: 13859.95 | D34: 6451.6129 | E34: 0 | F34: 32.258065 | G34: 0 | H34: 32.258065 | K34: 1491.6 | L34: 2258.0645 | M34: 0 | N34: 0 | O34: =M34+N34 -> 0 | P34: 806.45161 | Q34: 1102.65 | R34: 2579.0323 | S34: =SUM(C34+E34+G34+I34+K34+O34+Q34) -> 16454.2 | T34: =SUM(D34+F34+H34+J34+L34+P34+R34) -> 12159.677 | U34: 0 | W34: =SUM(S34+U34) -> 16454.2 | X34: =SUM(T34+V34) -> 12159.677 | Y34: Nebel | Z34: 11 | AA34: °C
