Workbook

Sheet 01_23
A1: Tagesumsätze | H1: 44927
C3: Restaurant | E3: Terrasse | G3: Lounge | I3: Pavillon | K3: Bankett | M3: Seminar | Q3: Hotel | S3: TOTAL Gesamtbetrieb ohne Seebad | U3: Seebad | W3: TOTAL Gesamtbetrieb mit Seebad | Y3: Info's
C4: IST | D4: Budget | E4: IST | F4: Budget | G4: IST | H4: Budget | I4: IST | J4: Budget | K4: IST | L4: Budget | M4: IST/GN | N4: IST/ET | O4: TOTAL IST | P4: Budget | Q4: IST | R4: Budget | S4: IST | T4: Budget | U4: IST | V4: Budget | W4: IST | X4: Budget | Y4: Wetter | Z4: Temp. | AB4: Bemerkung
A5: 1 | B5: So | C5: 10468 | D5: 5161.2903 | E5: 2002 | F5: 32.25806 | G5: 244.9 | H5: 32.25806 | K5: 0 | L5: 1935.4839 | N5: 0 | O5: =M5+N5 -> 0 | P5: 967.74194 | Q5: 6009.5 | R5: 2638.7097 | S5: =SUM(C5+E5+G5+I5+K5+O5+Q5) -> 18724.4 | T5: =SUM(D5+F5+H5+J5+L5+P5+R5) -> 10767.742 | W5: =SUM(S5+U5) -> 18724.4 | X5: =SUM(T5+V5) -> 10767.742 | Y5: sonnig | Z5: 14 | AA5: °C
A6: KW | B6: 52 | C6: =SUM(C5:C5) -> 10468 | D6: =SUM(D5:D5) -> 5161.2903 | E6: =SUM(E5:E5) -> 2002 | F6: =SUM(F5:F5) -> 32.25806 | G6: =SUM(G5:G5) -> 244.9 | H6: =SUM(H5:H5) -> 32.25806 | I6: =SUM(I5:I5) -> 0 | J6: =SUM(J5:J5) -> 0 | ... X6: =SUM(X5:X5) -> 10767.742 | Y6: Ø Temp | Z6: =SUM(Z5:Z5)/5 -> 2.8 | AA6: °C
A7: =SUM(A5+1) -> 2 | B7: Mo | C7: 9440.6 | D7: 5161.2903 | E7: 76.7 | F7: 32.25806 | G7: 89 | H7: 32.25806 | K7: 0 | L7: 1935.4839 | N7: 0 | O7: =M7+N7 -> 0 | P7: 967.74194 | Q7: 2549.6 | R7: 2638.7097 | S7: =SUM(C7+E7+G7+I7+K7+O7+Q7) -> 12155.9 | T7: =SUM(D7+F7+H7+J7+L7+P7+R7) -> 10767.742 | W7: =SUM(S7+U7) -> 12155.9 | X7: =SUM(T7+V7) -> 10767.742 | Y7: sonnig | Z7: 12 | AA7: °C
A8: =SUM(A7+1) -> 3 | B8: Di | C8: 2919.1 | D8: 5161.2903 | E8: 0 | F8: 32.25806 | G8: 0 | H8: 32.25806 | K8: 3677.8 | L8: 1935.4839 | M8: 0 | N8: 0 | O8: =M8+N8 -> 0 | P8: 967.74194 | Q8: 1665.2 | R8: 2638.7097 | S8: =SUM(C8+E8+G8+I8+K8+O8+Q8) -> 8262.1 | T8: =SUM(D8+F8+H8+J8+L8+P8+R8) -> 10767.742 | W8: =SUM(S8+U8) -> 8262.1 | X8: =SUM(T8+V8) -> 10767.742 | AA8: °C
A9: =SUM(A8+1) -> 4 | B9: Mi | C9: 4070.3 | D9: 5161.2903 | E9: 0 | F9: 32.25806 | G9: 0 | H9: 32.25806 | K9: 0 | L9: 1935.4839 | M9: 0 | N9: 1200 | O9: =M9+N9 -> 1200 | P9: 967.74194 | Q9: 1678.5 | R9: 2638.7097 | S9: =SUM(C9+E9+G9+I9+K9+O9+Q9) -> 6948.8 | T9: =SUM(D9+F9+H9+J9+L9+P9+R9) -> 10767.742 | W9: =SUM(S9+U9) -> 6948.8 | X9: =SUM(T9+V9) -> 10767.742 | AA9: °C
A10: =SUM(A9+1) -> 5 | B10: Do | C10: 5371.7 | D10: 5161.2903 | E10: 0 | F10: 32.25806 | G10: 0 | H10: 32.25806 | K10: 0 | L10: 1935.4839 | M10: 0 | N10: 0 | O10: =M10+N10 -> 0 | P10: 967.74194 | Q10: 1582 | R10: 2638.7097 | S10: =SUM(C10+E10+G10+I10+K10+O10+Q10) -> 6953.7 | T10: =SUM(D10+F10+H10+J10+L10+P10+R10) -> 10767.742 | W10: =SUM(S10+U10) -> 6953.7 | X10: =SUM(T10+V10) -> 10767.742 | AA10: °C
A11: =SUM(A10+1) -> 6 | B11: Fr | C11: 7603.2 | D11: 5161.2903 | E11: 0 | F11: 32.25806 | G11: 0 | H11: 32.25806 | K11: 8659.1 | L11: 1935.4839 | M11: 0 | N11: 0 | O11: =M11+N11 -> 0 | P11: 967.74194 | Q11: 2527.85 | R11: 2638.7097 | S11: =SUM(C11+E11+G11+I11+K11+O11+Q11) -> 18790.15 | T11: =SUM(D11+F11+H11+J11+L11+P11+R11) -> 10767.742 | W11: =SUM(S11+U11) -> 18790.15 | X11: =SUM(T11+V11) -> 10767.742 | AA11: °C
A12: =SUM(A11+1) -> 7 | B12: Sa | C12: 13336 | D12: 5161.2903 | E12: 226 | F12: 32.25806 | G12: 339.6 | H12: 32.25806 | K12: 2906.5 | L12: 1935.4839 | M12: 0 | N12: 0 | O12: =M12+N12 -> 0 | P12: 967.74194 | Q12: 2890.4 | R12: 2638.7097 | S12: =SUM(C12+E12+G12+I12+K12+O12+Q12) -> 19698.5 | T12: =SUM(D12+F12+H12+J12+L12+P12+R12) -> 10767.742 | W12: =SUM(S12+U12) -> 19698.5 | X12: =SUM(T12+V12) -> 10767.742 | AA12: °C
A13: =SUM(A12+1) -> 8 | B13: So | C13: 5025.8 | D13: 5161.2903 | E13: 0 | F13: 32.25806 | G13: 0 | H13: 32.25806 | K13: 0 | L13: 1935.4839 | M13: 0 | N13: 0 | O13: =M13+N13 -> 0 | P13: 967.74194 | Q13: 496.4 | R13: 2638.7097 | S13: =SUM(C13+E13+G13+I13+K13+O13+Q13) -> 5522.2 | T13: =SUM(D13+F13+H13+J13+L13+P13+R13) -> 10767.742 | W13: =SUM(S13+U13) -> 5522.2 | X13: =SUM(T13+V13) -> 10767.742 | AA13: °C | AB13: MA Feier ab 16:00 geschlossen
A14: KW | B14: 1 | C14: =SUM(C7:C13) -> 47766.7 | D14: =SUM(D7:D13) -> 36129.032 | E14: =SUM(E7:E13) -> 302.7 | F14: =SUM(F7:F13) -> 225.80642 | G14: =SUM(G7:G13) -> 428.6 | H14: =SUM(H7:H13) -> 225.80642 | I14: =SUM(I7:I13) -> 0 | J14: 0 | K14: =SUM(K7:K13) -> 15243.4 | L14: =SUM(L7:L13) -> 13548.387 | M14: =SUM(M7:M13) -> 0 | N14: =SUM(N7:N13) -> 1200 | O14: =SUM(O7:O13) -> 1200 | P14: =SUM(P7:P13) -> 6774.1935 | Q14: =SUM(Q7:Q13) -> 13389.95 | R14: =SUM(R7:R13) -> 18470.968 | ... X14: =SUM(X7:X13) -> 75374.193 | Y14: Ø Temp | Z14: =SUM(Z7:Z13)/7 -> 1.7142857 | AA14: °C
A15: =SUM(A13+1) -> 9 | B15: Mo | C15: 5560.7 | D15: 5161.2903 | E15: 0 | F15: 32.25806 | G15: 0 | H15: 32.25806 | K15: 1866.8 | L15: 1935.4839 | M15: 0 | N15: 0 | O15: =M15+N15 -> 0 | P15: 967.74194 | Q15: 796.2 | R15: 2638.7097 | S15: =SUM(C15+E15+G15+I15+K15+O15+Q15) -> 8223.7 | T15: =SUM(D15+F15+H15+J15+L15+P15+R15) -> 10767.742 | W15: =SUM(S15+U15) -> 8223.7 | X15: =SUM(T15+V15) -> 10767.742 | AA15: °C
A16: =SUM(A15+1) -> 10 | B16: Di | C16: 2287.2 | D16: 5161.2903 | E16: 0 | F16: 32.25806 | G16: 0 | H16: 32.25806 | K16: 0 | L16: 1935.4839 | M16: 0 | N16: 0 | O16: =M16+N16 -> 0 | P16: 967.74194 | Q16: 1028 | R16: 2638.7097 | S16: =SUM(C16+E16+G16+I16+K16+O16+Q16) -> 3315.2 | T16: =SUM(D16+F16+H16+J16+L16+P16+R16) -> 10767.742 | W16: =SUM(S16+U16) -> 3315.2 | X16: =SUM(T16+V16) -> 10767.742 | AA16: °C
A17: =SUM(A16+1) -> 11 | B17: Mi | C17: 5738.8 | D17: 5161.2903 | E17: 0 | F17: 32.25806 | G17: 15 | H17: 32.25806 | K17: 0 | L17: 1935.4839 | M17: 749.6 | N17: 2064 | O17: =M17+N17 -> 2813.6 | P17: 967.74194 | Q17: 2189.4 | R17: 2638.7097 | S17: =SUM(C17+E17+G17+I17+K17+O17+Q17) -> 10756.8 | T17: =SUM(D17+F17+H17+J17+L17+P17+R17) -> 10767.742 | W17: =SUM(S17+U17) -> 10756.8 | X17: =SUM(T17+V17) -> 10767.742 | AA17: °C
A18: =SUM(A17+1) -> 12 | B18: Do | C18: 4954.8 | D18: 5161.2903 | E18: 0 | F18: 32.25806 | G18: 0 | H18: 32.25806 | K18: 0 | L18: 1935.4839 | M18: 1603.7 | N18: 6807 | O18: =M18+N18 -> 8410.7 | P18: 967.74194 | Q18: 5554.8 | R18: 2638.7097 | S18: =SUM(C18+E18+G18+I18+K18+O18+Q18) -> 18920.3 | T18: =SUM(D18+F18+H18+J18+L18+P18+R18) -> 10767.742 | W18: =SUM(S18+U18) -> 18920.3 | X18: =SUM(T18+V18) -> 10767.742 | AA18: °C
A19: =SUM(A18+1) -> 13 | B19: Fr | C19: 6164 | D19: 5161.2903 | E19: 0 | F19: 32.25806 | G19: 0 | H19: 32.25806 | K19: 17902.9 | L19: 1935.4839 | M19: 22.6 | N19: 1836 | O19: =M19+N19 -> 1858.6 | P19: 967.74194 | Q19: 2119.7 | R19: 2638.7097 | S19: =SUM(C19+E19+G19+I19+K19+O19+Q19) -> 28045.2 | T19: =SUM(D19+F19+H19+J19+L19+P19+R19) -> 10767.742 | W19: =SUM(S19+U19) -> 28045.2 | X19: =SUM(T19+V19) -> 10767.742 | AA19: °C
A20: =SUM(A19+1) -> 14 | B20: Sa | C20: 11289.9 | D20: 5161.2903 | E20: 0 | F20: 32.25806 | G20: 19.5 | H20: 32.25806 | K20: 5689.2 | L20: 1935.4839 | M20: 2757 | N20: 11124 | O20: =M20+N20 -> 13881 | P20: 967.74194 | Q20: 3269.6 | R20: 2638.7097 | S20: =SUM(C20+E20+G20+I20+K20+O20+Q20) -> 34149.2 | T20: =SUM(D20+F20+H20+J20+L20+P20+R20) -> 10767.742 | W20: =SUM(S20+U20) -> 34149.2 | X20: =SUM(T20+V20) -> 10767.742 | AA20: °C
A21: =SUM(A20+1) -> 15 | B21: So | C21: 7346.6 | D21: 5161.2903 | E21: 0 | F21: 32.25806 | G21: 0 | H21: 32.25806 | K21: 2815.7 | L21: 1935.4839 | M21: 0 | N21: 0 | O21: =M21+N21 -> 0 | P21: 967.74194 | Q21: 1431.4 | R21: 2638.7097 | S21: =SUM(C21+E21+G21+I21+K21+O21+Q21) -> 11593.7 | T21: =SUM(D21+F21+H21+J21+L21+P21+R21) -> 10767.742 | W21: =SUM(S21+U21) -> 11593.7 | X21: =SUM(T21+V21) -> 10767.742 | AA21: °C
A22: KW | B22: =SUM(B14+1) -> 2 | C22: =SUM(C15:C21) -> 43342 | D22: =SUM(D15:D21) -> 36129.032 | E22: =SUM(E15:E21) -> 0 | F22: =SUM(F15:F21) -> 225.80642 | G22: =SUM(G15:G21) -> 34.5 | H22: =SUM(H15:H21) -> 225.80642 | I22: =SUM(I15:I21) -> 0 | J22: 0 | K22: =SUM(K15:K21) -> 28274.6 | L22: =SUM(L15:L21) -> 13548.387 | M22: =SUM(M15:M21) -> 5132.9 | N22: =SUM(N15:N21) -> 21831 | O22: =SUM(O15:O21) -> 26963.9 | P22: =SUM(P15:P21) -> 6774.1935 | Q22: =SUM(Q15:Q21) -> 16389.1 | R22: =SUM(R15:R21) -> 18470.968 | ... X22: =SUM(X15:X21) -> 75374.193 | Y22: Ø Temp | Z22: =SUM(Z15:Z21)/7 -> 0 | AA22: °C
A23: =SUM(A21+1) -> 16 | B23: Mo | C23: 5932.5 | D23: 5161.2903 | E23: 0 | F23: 32.25806 | G23: 0 | H23: 32.25806 | K23: 0 | L23: 1935.4839 | M23: 993.6 | N23: 0 | O23: =M23+N23 -> 993.6 | P23: 967.74194 | Q23: 4802.6 | R23: 2638.7097 | S23: =SUM(C23+E23+G23+I23+K23+O23+Q23) -> 11728.7 | T23: =SUM(D23+F23+H23+J23+L23+P23+R23) -> 10767.742 | W23: =SUM(S23+U23) -> 11728.7 | X23: =SUM(T23+V23) -> 10767.742 | Y23: Schnee | Z23: 1 | AA23: °C
A24: =SUM(A23+1) -> 17 | B24: Di | C24: 4476.4 | D24: 5161.2903 | E24: 0 | F24: 32.25806 | G24: 0 | H24: 32.25806 | K24: 987 | L24: 1935.4839 | M24: 1556.7 | N24: 4401 | O24: =M24+N24 -> 5957.7 | P24: 967.74194 | Q24: 6459.1 | R24: 2638.7097 | S24: =SUM(C24+E24+G24+I24+K24+O24+Q24) -> 17880.2 | T24: =SUM(D24+F24+H24+J24+L24+P24+R24) -> 10767.742 | W24: =SUM(S24+U24) -> 17880.2 | X24: =SUM(T24+V24) -> 10767.742 | Y24: Schnee | Z24: 1 | AA24: °C
A25: =SUM(A24+1) -> 18 | B25: Mi | C25: 4486.6 | D25: 5161.2903 | E25: 0 | F25: 32.25806 | G25: 0 | H25: 32.25806 | K25: 0 | L25: 1935.4839 | M25: 1767 | N25: 5647 | O25: =M25+N25 -> 7414 | P25: 967.74194 | Q25: 6393.5 | R25: 2638.7097 | S25: =SUM(C25+E25+G25+I25+K25+O25+Q25) -> 18294.1 | T25: =SUM(D25+F25+H25+J25+L25+P25+R25) -> 10767.742 | W25: =SUM(S25+U25) -> 18294.1 | X25: =SUM(T25+V25) -> 10767.742 | Y25: Schnee | Z25: 1 | AA25: °C
A26: =SUM(A25+1) -> 19 | B26: Do | C26: 4113.4 | D26: 5161.2903 | E26: 0 | F26: 32.25806 | G26: 0 | H26: 32.25806 | K26: 0 | L26: 1935.4839 | M26: 696.1 | N26: 5024 | O26: =M26+N26 -> 5720.1 | P26: 967.74194 | Q26: 5233 | R26: 2638.7097 | S26: =SUM(C26+E26+G26+I26+K26+O26+Q26) -> 15066.5 | T26: =SUM(D26+F26+H26+J26+L26+P26+R26) -> 10767.742 | W26: =SUM(S26+U26) -> 15066.5 | X26: =SUM(T26+V26) -> 10767.742 | Y26: sonnig | Z26: 0.5 | AA26: °C
A27: =SUM(A26+1) -> 20 | B27: Fr | C27: 9020.1 | D27: 5161.2903 | E27: 0 | F27: 32.25806 | G27: 0 | H27: 32.25806 | K27: 5231.4 | L27: 1935.4839 | M27: 438.2 | N27: 3928 | O27: =M27+N27 -> 4366.2 | P27: 967.74194 | Q27: 3387.5 | R27: 2638.7097 | S27: =SUM(C27+E27+G27+I27+K27+O27+Q27) -> 22005.2 | T27: =SUM(D27+F27+H27+J27+L27+P27+R27) -> 10767.742 | W27: =SUM(S27+U27) -> 22005.2 | X27: =SUM(T27+V27) -> 10767.742 | Y27: sonnig | Z27: -2 | AA27: °C
A28: =SUM(A27+1) -> 21 | B28: Sa | C28: 10713 | D28: 5161.2903 | E28: 0 | F28: 32.25806 | G28: 0 | H28: 32.25806 | K28: 0 | L28: 1935.4839 | M28: 0 | N28: 2562 | O28: =M28+N28 -> 2562 | P28: 967.74194 | Q28: 2565.4 | R28: 2638.7097 | S28: =SUM(C28+E28+G28+I28+K28+O28+Q28) -> 15840.4 | T28: =SUM(D28+F28+H28+J28+L28+P28+R28) -> 10767.742 | W28: =SUM(S28+U28) -> 15840.4 | X28: =SUM(T28+V28) -> 10767.742 | Y28: bedeckt | Z28: -1 | AA28: °C
A29: =SUM(A28+1) -> 22 | B29: So | C29: 6541.7 | D29: 5161.2903 | E29: 0 | F29: 32.25806 | G29: 0 | H29: 32.25806 | K29: 0 | L29: 1935.4839 | M29: 0 | N29: 0 | O29: =M29+N29 -> 0 | P29: 967.74194 | Q29: 589.6 | R29: 2638.7097 | S29: =SUM(C29+E29+G29+I29+K29+O29+Q29) -> 7131.3 | T29: =SUM(D29+F29+H29+J29+L29+P29+R29) -> 10767.742 | W29: =SUM(S29+U29) -> 7131.3 | X29: =SUM(T29+V29) -> 10767.742 | Y29: bewölkt | Z29: -2 | AA29: °C
A30: KW | B30: =SUM(B22+1) -> 3 | C30: =SUM(C23:C29) -> 45283.7 | D30: =SUM(D23:D29) -> 36129.032 | E30: =SUM(E23:E29) -> 0 | F30: =SUM(F23:F29) -> 225.80642 | G30: =SUM(G23:G29) -> 0 | H30: =SUM(H23:H29) -> 225.80642 | I30: =SUM(I23:I29) -> 0 | J30: =SUM(J23:J29) -> 0 | ... X30: =SUM(X23:X29) -> 75374.193 | Y30: Ø Temp | Z30: =SUM(Z23:Z29)/7 -> -0.21428571 | AA30: °C
A31: =SUM(A29+1) -> 23 | B31: Mo | C31: 5875.1 | D31: 5161.2903 | E31: 0 | F31: 32.25806 | G31: 0 | H31: 32.25806 | K31: 0 | L31: 1935.4839 | M31: 1513 | N31: 824 | O31: =M31+N31 -> 2337 | P31: 967.74194 | Q31: 3650.4 | R31: 2638.7097 | S31: =SUM(C31+E31+G31+I31+K31+O31+Q31) -> 11862.5 | T31: =SUM(D31+F31+H31+J31+L31+P31+R31) -> 10767.742 | W31: =SUM(S31+U31) -> 11862.5 | X31: =SUM(T31+V31) -> 10767.742 | Y31: bewölkt | Z31: -1 | AA31: °C
A32: =SUM(A31+1) -> 24 | B32: Di | C32: 3346.1 | D32: 5161.2903 | E32: 0 | F32: 32.25806 | G32: 0 | H32: 32.25806 | K32: 2877.2 | L32: 1935.4839 | M32: 942.4 | N32: 3666 | O32: =M32+N32 -> 4608.4 | P32: 967.74194 | Q32: 6224.2 | R32: 2638.7097 | S32: =SUM(C32+E32+G32+I32+K32+O32+Q32) -> 17055.9 | T32: =SUM(D32+F32+H32+J32+L32+P32+R32) -> 10767.742 | W32: =SUM(S32+U32) -> 17055.9 | X32: =SUM(T32+V32) -> 10767.742 | Y32: bewölkt | Z32: -1 | AA32: °C
A33: =SUM(A32+1) -> 25 | B33: Mi | C33: 5612.4 | D33: 5161.2903 | E33: 0 | F33: 32.25806 | G33: 0 | H33: 32.25806 | K33: 0 | L33: 1935.4839 | M33: 17.8 | N33: 2648 | O33: =M33+N33 -> 2665.8 | P33: 967.74194 | Q33: 4509.3 | R33: 2638.7097 | S33: =SUM(C33+E33+G33+I33+K33+O33+Q33) -> 12787.5 | T33: =SUM(D33+F33+H33+J33+L33+P33+R33) -> 10767.742 | W33: =SUM(S33+U33) -> 12787.5 | X33: =SUM(T33+V33) -> 10767.742 | Y33: bewölkt | Z33: -1 | AA33: °C
A34: =SUM(A33+1) -> 26 | B34: Do | C34: 3191 | D34: 5161.2903 | E34: 0 | F34: 32.25806 | G34: 0 | H34: 32.25806 | K34: 0 | L34: 1935.4839 | M34: 115 | N34: 2412 | O34: =M34+N34 -> 2527 | P34: 967.74194 | Q34: 1709.8 | R34: 2638.7097 | S34: =SUM(C34+E34+G34+I34+K34+O34+Q34) -> 7427.8 | T34: =SUM(D34+F34+H34+J34+L34+P34+R34) -> 10767.742 | W34: =SUM(S34+U34) -> 7427.8 | X34: =SUM(T34+V34) -> 10767.742 | Y34: bewölkt | Z34: -1 | AA34: °C
A35: =SUM(A34+1) -> 27 | B35: Fr | C35: 6370.2 | D35: 5161.2903 | E35: 0 | F35: 32.25806 | G35: 0 | H35: 32.25806 | K35: 0 | L35: 1935.4839 | M35: 0 | N35: 0 | O35: =M35+N35 -> 0 | P35: 967.74194 | Q35: 967.8 | R35: 2638.7097 | S35: =SUM(C35+E35+G35+I35+K35+O35+Q35) -> 7338 | T35: =SUM(D35+F35+H35+J35+L35+P35+R35) -> 10767.742 | W35: =SUM(S35+U35) -> 7338 | X35: =SUM(T35+V35) -> 10767.742 | Y35: bewölkt | Z35: -1 | AA35: °C
A36: =SUM(A35+1) -> 28 | B36: Sa | C36: 10223.4 | D36: 5161.2903 | E36: 0 | F36: 32.25806 | G36: 0 | H36: 32.25806 | K36: 0 | L36: 1935.4839 | M36: 0 | N36: 0 | O36: =M36+N36 -> 0 | P36: 967.74194 | Q36: 4402.4 | R36: 2638.7097 | S36: =SUM(C36+E36+G36+I36+K36+O36+Q36) -> 14625.8 | T36: =SUM(D36+F36+H36+J36+L36+P36+R36) -> 10767.742 | W36: =SUM(S36+U36) -> 14625.8 | X36: =SUM(T36+V36) -> 10767.742 | Y36: bewölkt | Z36: 1 | AA36: °C
A37: =SUM(A36+1) -> 29 | B37: So | C37: 6056.3 | D37: 5161.2903 | E37: 0 | F37: 32.25806 | G37: 0 | H37: 32.25806 | K37: 3183 | L37: 1935.4839 | M37: 0 | N37: 0 | O37: =M37+N37 -> 0 | P37: 967.74194 | Q37: 1417.8 | R37: 2638.7097 | S37: =SUM(C37+E37+G37+I37+K37+O37+Q37) -> 10657.1 | T37: =SUM(D37+F37+H37+J37+L37+P37+R37) -> 10767.742 | W37: =SUM(S37+U37) -> 10657.1 | X37: =SUM(T37+V37) -> 10767.742 | Z37: 5 | AA37: °C
A38: KW | B38: =SUM(B30+1) -> 4 | C38: =SUM(C31:C37) -> 40674.5 | D38: =SUM(D31:D37) -> 36129.032 | E38: =SUM(E31:E37) -> 0 | F38: =SUM(F31:F37) -> 225.80642 | G38: =SUM(G31:G37) -> 0 | H38: =SUM(H31:H37) -> 225.80642 | I38: =SUM(I31:I37) -> 0 | J38: =SUM(J31:J37) -> 0 | ... X38: =SUM(X31:X37) -> 75374.193 | Y38: Ø Temp | Z38: =SUM(Z31:Z37)/7 -> 0.14285714 | AA38: °C
A39: 30 | B39: Mo | C39: 4215.2 | D39: 5161.2903 | E39: 0 | F39: 32.25806 | G39: 10.9 | H39: 32.25806 | K39: 0 | L39: 1935.4839 | M39: 218.6 | N39: 1439 | O39: =M39+N39 -> 1657.6 | P39: 967.74194 | Q39: 3178.6 | R39: 2638.7097 | S39: =SUM(C39+E39+G39+I39+K39+O39+Q39) -> 9062.3 | T39: =SUM(D39+F39+H39+J39+L39+P39+R39) -> 10767.742 | W39: =SUM(S39+U39) -> 9062.3 | X39: =SUM(T39+V39) -> 10767.742 | Z39: -1 | AA39: °C
A40: 31 | B40: Di | C40: 5874 | D40: 5161.2903 | E40: 0 | F40: 32.25806 | G40: 34.8 | H40: 32.25806 | K40: 1526.2 | L40: 1935.4839 | M40: 6 | N40: 1368 | O40: =M40+N40 -> 1374 | P40: 967.74194 | Q40: 2493.6 | R40: 2638.7097 | S40: =SUM(C40+E40+G40+I40+K40+O40+Q40) -> 11302.6 | T40: =SUM(D40+F40+H40+J40+L40+P40+R40) -> 10767.742 | W40: =SUM(S40+U40) -> 11302.6 | X40: =SUM(T40+V40) -> 10767.742 | Z40: 0 | AA40: °C
A41: KW | B41: 5 | C41: =SUM(C39:C40) -> 10089.2 | D41: =SUM(D39:D40) -> 10322.581 | E41: =SUM(E39:E40) -> 0 | F41: =SUM(F39:F40) -> 64.51612 | G41: =SUM(G39:G40) -> 45.7 | H41: =SUM(H39:H40) -> 64.51612 | I41: =SUM(I39:I40) -> 0 | J41: =SUM(J39:J40) -> 0 | ... X41: =SUM(X39:X40) -> 21535.484 | Y41: Ø Temp | Z41: =SUM(Z31:Z37)/7 -> 0.14285714 | AA41: °C
A42: Umsatz kumuliert | C42: =SUM(C6+C14+C22+C30+C41+C38) -> 197624.1 | D42: =SUM(D6+D14+D22+D30+D41+D38) -> 160000 | E42: =SUM(E6+E14+E22+E30+E41+E38) -> 2304.7 | F42: =SUM(F6+F14+F22+F30+F41+F38) -> 999.99986 | G42: =SUM(G6+G14+G22+G30+G41+G38) -> 753.7 | H42: =SUM(H6+H14+H22+H30+H41+H38) -> 999.99986 | I42: =SUM(I6+I14+I22+I30+I41+I38) -> 0 | J42: =SUM(J6+J14+J22+J30+J41+J38) -> 0 | K42: =K6+K14+K22+K30+K38+K41 -> 57322.8 | L42: =SUM(L6+L14+L22+L30+L41+L38) -> 60000 | M42: =SUM(M6+M14+M22+M30+M38+M41) -> 13397.3 | N42: =SUM(N6+N14+N22+N30+N38+N41) -> 56950 | O42: =M42+N42 -> 70347.3 | P42: =P6+P14+P22+P30+P38+P41 -> 30000 | Q42: =SUM(Q6+Q14+Q22+Q30+Q41+Q38) -> 93773.15 | R42: =SUM(R6+R14+R22+R30+R41+R38) -> 81800 | S42: =S6+S14+S22+S30+S38+S41 -> 422125.75 | T42: =SUM(T6+T14+T22+T30+T41+T38) -> 333800 | U42: =SUM(U6+U14+U22+U30+U41+U38) -> 0 | V42: =SUM(V6+V14+V22+V30+V41+V38) -> 0 | W42: =SUM(W6+W14+W22+W30+W41+W38) -> 422125.75 | X42: =SUM(X6+X14+X22+X30+X41+X38) -> 333800 | Y42: Umsatz kumuliert
A43: Umsatz pro Tag | C43: =C42/31 -> 6374.971 | D43: =D42/31 -> 5161.2903 | E43: =E42/31 -> 74.345161 | F43: =F42/31 -> 32.25806 | G43: =G42/31 -> 24.312903 | H43: =H42/31 -> 32.25806 | I43: =I42/31 -> 0 | J43: =J42/31 -> 0 | ... L43: =L42/31 -> 1935.4839 | M43: =M42/30 -> 446.57667 | P43: =P42/30 -> 1000 | Q43: =Q42/31 -> 3024.9403 | R43: =R42/31 -> 2638.7097 | S43: =S42/31 -> 13616.96 | T43: =T42/31 -> 10767.742 | U43: =U42/31 -> 0 | V43: =V42/31 -> 0 | W43: =W42/31 -> 13616.96 | X43: =X42/31 -> 10767.742 | Y43: Budget pro Tag
A44: Diff. zu Budget | C44: =SUM(C42-D42) -> 37624.1 | E44: =SUM(E42-F42) -> 1304.7001 | G44: =SUM(G42-H42) -> -246.29986 | I44: =SUM(I42-J42) -> 0 | K44: =SUM(K42-L42) -> -2677.2 | M44: =SUM(100/P42*M42) -> 44.657667 | P44: =SUM(O42-P42) -> 40347.3 | Q44: =SUM(Q42-R42) -> 11973.15 | S44: =SUM(S42-T42) -> 88325.75 | U44: =SUM(U42-V42) -> 0 | W44: =SUM(W42-X42) -> 88325.75
A45: Index | C45: =SUM(100/D42*C42) -> 123.51506 | E45: =SUM(100/F42*E42) -> 230.47003 | G45: =SUM(100/H42*G42) -> 75.370011 | I45: =SUM(100/J42*I42) -> #DIV/0! | K45: =SUM(100/L42*K42) -> 95.538 | O45: =SUM(100/P42*O42) -> 234.491 | Q45: =SUM(100/R42*Q42) -> 114.6371 | S45: =SUM(100/X42*W42) -> 126.46068
J48: =C42+E42+G42+K42+M42 -> 271402.6

Sheet 02_23
A1: Tagesumsätze | H1: 44958
C3: Restaurant | E3: Terrasse | G3: Lounge | I3: Pavillon | K3: Bankett | M3: Seminar | Q3: Hotel | S3: TOTAL Gesamtbetrieb ohne Seebad | U3: Seebad | W3: TOTAL Gesamtbetrieb mit Seebad | Y3: Info's
C4: IST | D4: Budget | E4: IST | F4: Budget | G4: IST | H4: Budget | I4: IST | J4: Budget | K4: IST | L4: Budget | M4: IST/GN | N4: IST/ET | O4: TOTAL IST | P4: Budget | Q4: IST | R4: Budget | S4: IST | T4: Budget | U4: IST | V4: Budget | W4: IST | X4: Budget | Y4: Wetter | Z4: Temp. | AB4: Bemerkung
A5: 1 | B5: Mi | C5: 3024.7 | D5: 6428.5714 | E5: 0 | F5: 35.714285 | G5: 0 | H5: 35.714285 | K5: 0 | L5: 2142.8571 | M5: 1922.9 | N5: 2175 | O5: =M5+N5 -> 4097.9 | P5: 1071.4285 | Q5: 4747.5 | R5: 2925 | S5: =C5+E5+G5+I5+K5+O5+Q5 -> 11870.1 | T5: =D5+F5+H5+J5+L5+P5+R5 -> 12639.286 | W5: =SUM(S5+U5) -> 11870.1 | X5: =SUM(T5+V5) -> 12639.286 | Y5: sonnig | Z5: 5 | AA5: °C
A6: =SUM(A5+1) -> 2 | B6: Do | C6: 5466.8 | D6: 6428.5714 | E6: 0 | F6: 35.714285 | G6: 0 | H6: 35.714285 | K6: 0 | L6: 2142.8571 | M6: 1589 | N6: 7146 | O6: =M6+N6 -> 8735 | P6: 1071.4285 | Q6: 5383.1 | R6: 2925 | S6: =C6+E6+G6+I6+K6+O6+Q6 -> 19584.9 | T6: =D6+F6+H6+J6+L6+P6+R6 -> 12639.286 | W6: =SUM(S6+U6) -> 19584.9 | X6: =SUM(T6+V6) -> 12639.286 | Y6: sonnig | Z6: 5 | AA6: °C
A7: =SUM(A6+1) -> 3 | B7: Fr | C7: 12900.9 | D7: 6428.5714 | E7: 0 | F7: 35.714285 | G7: 16.1 | H7: 35.714285 | K7: 4454.4 | L7: 2142.8571 | M7: 0 | N7: 2694 | O7: =M7+N7 -> 2694 | P7: 1071.4285 | Q7: 3786.5 | R7: 2925 | S7: =C7+E7+G7+I7+K7+O7+Q7 -> 23851.9 | T7: =D7+F7+H7+J7+L7+P7+R7 -> 12639.286 | W7: =SUM(S7+U7) -> 23851.9 | X7: =SUM(T7+V7) -> 12639.286 | Y7: sonnig | Z7: 5 | AA7: °C
A8: =SUM(A7+1) -> 4 | B8: Sa | C8: 12493.6 | D8: 6428.5714 | E8: 0 | F8: 35.714285 | G8: 0 | H8: 35.714285 | K8: 4175.1 | L8: 2142.8571 | M8: 0 | N8: 0 | O8: =M8+N8 -> 0 | P8: 1071.4285 | Q8: 3721.8 | R8: 2925 | S8: =C8+E8+G8+I8+K8+O8+Q8 -> 20390.5 | T8: =D8+F8+H8+J8+L8+P8+R8 -> 12639.286 | W8: =SUM(S8+U8) -> 20390.5 | X8: =SUM(T8+V8) -> 12639.286 | Y8: bewölkt | Z8: 5 | AA8: °C
A9: =SUM(A8+1) -> 5 | B9: So | C9: 8255.1 | D9: 6428.5714 | E9: 0 | F9: 35.714285 | G9: 0 | H9: 35.714285 | K9: 1885 | L9: 2142.8571 | M9: 0 | N9: 150 | O9: =M9+N9 -> 150 | P9: 1071.4285 | Q9: 4817.3 | R9: 2925 | S9: =C9+E9+G9+I9+K9+O9+Q9 -> 15107.4 | T9: =D9+F9+H9+J9+L9+P9+R9 -> 12639.286 | W9: =SUM(S9+U9) -> 15107.4 | X9: =SUM(T9+V9) -> 12639.286 | Y9: Regen | Z9: 3 | AA9: °C | AB9: YB zu Gast
A10: KW | B10: 5 | C10: =SUM(C5:C9) -> 42141.1 | D10: =SUM(D5:D9) -> 32142.857 | E10: =SUM(E5:E9) -> 0 | F10: =SUM(F5:F9) -> 178.57142 | G10: =SUM(G5:G9) -> 16.1 | H10: =SUM(H5:H9) -> 178.57142 | I10: =SUM(I5:I9) -> 0 | J10: =SUM(J5:J9) -> 0 | ... X10: =SUM(X5:X9) -> 63196.428 | Y10: Ø Temp | Z10: =SUM(Z5:Z9)/7 -> 3.2857143 | AA10: °C | AB10: Winterferien
A11: =SUM(A9+1) -> 6 | B11: Mo | C11: 5038.8 | D11: 6428.5714 | E11: 0 | F11: 35.714285 | G11: 0 | H11: 35.714285 | K11: 0 | L11: 2142.8571 | M11: 0 | N11: 0 | O11: =M11+N11 -> 0 | P11: 1071.4285 | Q11: 1797 | R11: 2925 | S11: =C11+E11+G11+I11+K11+O11+Q11 -> 6835.8 | T11: =D11+F11+H11+J11+L11+P11+R11 -> 12639.286 | W11: =SUM(S11+U11) -> 6835.8 | X11: =SUM(T11+V11) -> 12639.286 | Y11: Hochnebel | Z11: 3 | AA11: °C
A12: =SUM(A11+1) -> 7 | B12: Di | C12: 4986.3 | D12: 6428.5714 | E12: 0 | F12: 35.714285 | G12: 0 | H12: 35.714285 | K12: 835 | L12: 2142.8571 | M12: 0 | N12: 0 | O12: =M12+N12 -> 0 | P12: 1071.4285 | Q12: 2677.4 | R12: 2925 | S12: =C12+E12+G12+I12+K12+O12+Q12 -> 8498.7 | T12: =D12+F12+H12+J12+L12+P12+R12 -> 12639.286 | W12: =SUM(S12+U12) -> 8498.7 | X12: =SUM(T12+V12) -> 12639.286 | Y12: sonnig | Z12: 0 | AA12: °C
A13: =SUM(A12+1) -> 8 | B13: Mi | C13: 2499.9 | D13: 6428.5714 | E13: 0 | F13: 35.714285 | G13: 4.6 | H13: 35.714285 | K13: 954 | L13: 2142.8571 | M13: 212.3 | N13: 1371 | O13: =M13+N13 -> 1583.3 | P13: 1071.4285 | Q13: 2436.4 | R13: 2925 | S13: =C13+E13+G13+I13+K13+O13+Q13 -> 7478.2 | T13: =D13+F13+H13+J13+L13+P13+R13 -> 12639.286 | W13: =SUM(S13+U13) -> 7478.2 | X13: =SUM(T13+V13) -> 12639.286 | Y13: Hochnebel | Z13: -3 | AA13: °C
A14: =SUM(A13+1) -> 9 | B14: Do | C14: 4906.6 | D14: 6428.5714 | E14: 93.3 | F14: 35.714285 | G14: 242.5 | H14: 35.714285 | K14: 0 | L14: 2142.8571 | M14: 0 | N14: 1076 | O14: =M14+N14 -> 1076 | P14: 1071.4285 | Q14: 717.8 | R14: 2925 | S14: =C14+E14+G14+I14+K14+O14+Q14 -> 7036.2 | T14: =D14+F14+H14+J14+L14+P14+R14 -> 12639.286 | W14: =SUM(S14+U14) -> 7036.2 | X14: =SUM(T14+V14) -> 12639.286 | Y14: Sonnig | Z14: 3 | AA14: °C
A15: =SUM(A14+1) -> 10 | B15: Fr | C15: 6361.3 | D15: 6428.5714 | E15: 114.7 | F15: 35.714285 | G15: 231.8 | H15: 35.714285 | K15: 0 | L15: 2142.8571 | M15: 0 | N15: 0 | O15: =M15+N15 -> 0 | P15: 1071.4285 | Q15: 1554.6 | R15: 2925 | S15: =C15+E15+G15+I15+K15+O15+Q15 -> 8262.4 | T15: =D15+F15+H15+J15+L15+P15+R15 -> 12639.286 | W15: =SUM(S15+U15) -> 8262.4 | X15: =SUM(T15+V15) -> 12639.286 | Y15: sonnig | Z15: 4 | AA15: °C
A16: =SUM(A15+1) -> 11 | B16: Sa | C16: 9368.3 | D16: 6428.5714 | E16: 628.7 | F16: 35.714285 | G16: 472.2 | H16: 35.714285 | K16: 5442.5 | L16: 2142.8571 | M16: 0 | N16: 0 | O16: =M16+N16 -> 0 | P16: 1071.4285 | Q16: 3900.6 | R16: 2925 | S16: =C16+E16+G16+I16+K16+O16+Q16 -> 19812.3 | T16: =D16+F16+H16+J16+L16+P16+R16 -> 12639.286 | W16: =SUM(S16+U16) -> 19812.3 | X16: =SUM(T16+V16) -> 12639.286 | Y16: sonnig | Z16: 5 | AA16: °C
A17: =SUM(A16+1) -> 12 | B17: So | C17: 12198.9 | D17: 6428.5714 | E17: 2066.5 | F17: 35.714285 | G17: 797.5 | H17: 35.714285 | K17: 2597.5 | L17: 2142.8571 | M17: 0 | N17: 0 | O17: =M17+N17 -> 0 | P17: 1071.4285 | Q17: 1581.9 | R17: 2925 | S17: =C17+E17+G17+I17+K17+O17+Q17 -> 19242.3 | T17: =D17+F17+H17+J17+L17+P17+R17 -> 12639.286 | W17: =SUM(S17+U17) -> 19242.3 | X17: =SUM(T17+V17) -> 12639.286 | Y17: sonnig | Z17: 6 | AA17: °C | AB17: Fasnachtferien
A18: KW | B18: =SUM(B10+1) -> 6 | C18: =SUM(C11:C17) -> 45360.1 | D18: =SUM(D11:D17) -> 45000 | E18: =SUM(E11:E17) -> 2903.2 | F18: =SUM(F11:F17) -> 249.99999 | G18: =SUM(G11:G17) -> 1748.6 | H18: =SUM(H11:H17) -> 249.99999 | I18: =SUM(I11:I17) -> 0 | J18: =SUM(J11:J17) -> 0 | ... X18: =SUM(X11:X17) -> 88474.999 | Y18: Ø Temp | Z18: =SUM(Z11:Z17)/7 -> 2.5714286 | AA18: °C
A19: =SUM(A17+1) -> 13 | B19: Mo | C19: 3211.4 | D19: 6428.5714 | E19: 13 | F19: 35.714285 | G19: 50 | H19: 35.714285 | K19: 0 | L19: 2142.8571 | M19: 899 | N19: 2330 | O19: =M19+N19 -> 3229 | P19: 1071.4285 | Q19: 3700.2 | R19: 2925 | S19: =C19+E19+G19+I19+K19+O19+Q19 -> 10203.6 | T19: =D19+F19+H19+J19+L19+P19+R19 -> 12639.286 | W19: =SUM(S19+U19) -> 10203.6 | X19: =SUM(T19+V19) -> 12639.286 | Y19: Hochnebel | Z19: 7 | AA19: °C
A20: =SUM(A19+1) -> 14 | B20: Di | C20: 15682 | D20: 6428.5714 | E20: 395.4 | F20: 35.714285 | G20: 201.3 | H20: 35.714285 | K20: 0 | L20: 2142.8571 | M20: 0 | N20: 2331 | O20: =M20+N20 -> 2331 | P20: 1071.4285 | Q20: 3014.2 | R20: 2925 | S20: =C20+E20+G20+I20+K20+O20+Q20 -> 21623.9 | T20: =D20+F20+H20+J20+L20+P20+R20 -> 12639.286 | W20: =SUM(S20+U20) -> 21623.9 | X20: =SUM(T20+V20) -> 12639.286 | Y20: sonnig | Z20: 7 | AA20: °C
A21: =SUM(A20+1) -> 15 | B21: Mi | C21: 5791.2 | D21: 6428.5714 | E21: 568.5 | F21: 35.714285 | G21: 360.1 | H21: 35.714285 | K21: 0 | L21: 2142.8571 | M21: 0 | N21: 0 | O21: =M21+N21 -> 0 | P21: 1071.4285 | Q21: 3009.3 | R21: 2925 | S21: =C21+E21+G21+I21+K21+O21+Q21 -> 9729.1 | T21: =D21+F21+H21+J21+L21+P21+R21 -> 12639.286 | W21: =SUM(S21+U21) -> 9729.1 | X21: =SUM(T21+V21) -> 12639.286 | Y21: sonnig | Z21: 9 | AA21: °C
A22: =SUM(A21+1) -> 16 | B22: Do | C22: 6554.5 | D22: 6428.5714 | E22: 1169.2 | F22: 35.714285 | G22: 301 | H22: 35.714285 | K22: 0 | L22: 2142.8571 | M22: 0 | N22: 0 | O22: =M22+N22 -> 0 | P22: 1071.4285 | Q22: 2841.7 | R22: 2925 | S22: =C22+E22+G22+I22+K22+O22+Q22 -> 10866.4 | T22: =D22+F22+H22+J22+L22+P22+R22 -> 12639.286 | W22: =SUM(S22+U22) -> 10866.4 | X22: =SUM(T22+V22) -> 12639.286 | Y22: sonnig | Z22: 10 | AA22: °C | AB22: Schmudo
A23: =SUM(A22+1) -> 17 | B23: Fr | C23: 10783.3 | D23: 6428.5714 | E23: 0 | F23: 35.714285 | G23: 11.8 | H23: 35.714285 | K23: 0 | L23: 2142.8571 | M23: 36 | N23: 1323 | O23: =M23+N23 -> 1359 | P23: 1071.4285 | Q23: 1341.8 | R23: 2925 | S23: =C23+E23+G23+I23+K23+O23+Q23 -> 13495.9 | T23: =D23+F23+H23+J23+L23+P23+R23 -> 12639.286 | W23: =SUM(S23+U23) -> 13495.9 | X23: =SUM(T23+V23) -> 12639.286 | Y23: bewölkt | Z23: 13 | AA23: °C
A24: =SUM(A23+1) -> 18 | B24: Sa | C24: 8761.5 | D24: 6428.5714 | E24: 1114.3 | F24: 35.714285 | G24: 687.2 | H24: 35.714285 | K24: 3141.7 | L24: 2142.8571 | M24: 0 | N24: 0 | O24: =M24+N24 -> 0 | P24: 1071.4285 | Q24: 5626.4 | R24: 2925 | S24: =C24+E24+G24+I24+K24+O24+Q24 -> 19331.1 | T24: =D24+F24+H24+J24+L24+P24+R24 -> 12639.286 | W24: =SUM(S24+U24) -> 19331.1 | X24: =SUM(T24+V24) -> 12639.286 | Y24: sonnig | Z24: 15 | AA24: °C
A25: =SUM(A24+1) -> 19 | B25: So | C25: 8841.5 | D25: 6428.5714 | E25: 427 | F25: 35.714285 | G25: 335.5 | H25: 35.714285 | K25: 6536.6 | L25: 2142.8571 | M25: 0 | N25: 0 | O25: =M25+N25 -> 0 | P25: 1071.4285 | Q25: 1394.2 | R25: 2925 | S25: =C25+E25+G25+I25+K25+O25+Q25 -> 17534.8 | T25: =D25+F25+H25+J25+L25+P25+R25 -> 12639.286 | W25: =SUM(S25+U25) -> 17534.8 | X25: =SUM(T25+V25) -> 12639.286 | Y25: sonnig | Z25: 13 | AA25: °C
A26: KW | B26: =SUM(B18+1) -> 7 | C26: =SUM(C19:C25) -> 59625.4 | D26: =SUM(D19:D25) -> 45000 | E26: =SUM(E19:E25) -> 3687.4 | F26: =SUM(F19:F25) -> 249.99999 | G26: =SUM(G19:G25) -> 1946.9 | H26: =SUM(H19:H25) -> 249.99999 | I26: =SUM(I19:I25) -> 0 | J26: =SUM(J19:J25) -> 0 | ... X26: =SUM(X19:X25) -> 88474.999 | Y26: Ø Temp | Z26: =SUM(Z19:Z25)/7 -> 10.571429 | AA26: °C
A27: =SUM(A25+1) -> 20 | B27: Mo | C27: 4309.8 | D27: 6428.5714 | E27: 1644.2 | F27: 35.714285 | G27: 370.9 | H27: 35.714285 | K27: 0 | L27: 2142.8571 | M27: 234.8 | N27: 742 | O27: =M27+N27 -> 976.8 | P27: 1071.4285 | Q27: 612.7 | R27: 2925 | S27: =C27+E27+G27+I27+K27+O27+Q27 -> 7914.4 | T27: =D27+F27+H27+J27+L27+P27+R27 -> 12639.286 | W27: =SUM(S27+U27) -> 7914.4 | X27: =SUM(T27+V27) -> 12639.286 | Y27: sonnig | Z27: 12 | AA27: °C | AB27: Güdismontag
A28: =SUM(A27+1) -> 21 | B28: Di | C28: 6787.15 | D28: 6428.5714 | E28: 3364.2 | F28: 35.714285 | G28: 402.2 | H28: 35.714285 | K28: 0 | L28: 2142.8571 | M28: 0 | N28: 0 | O28: =M28+N28 -> 0 | P28: 1071.4285 | Q28: 1015.8 | R28: 2925 | S28: =C28+E28+G28+I28+K28+O28+Q28 -> 11569.35 | T28: =D28+F28+H28+J28+L28+P28+R28 -> 12639.286 | W28: =SUM(S28+U28) -> 11569.35 | X28: =SUM(T28+V28) -> 12639.286 | Y28: sonnig | Z28: 14 | AA28: °C | AB28: Güdisdienstag
A29: =SUM(A28+1) -> 22 | B29: Mi | C29: 9379.9 | D29: 6428.5714 | E29: 308.8 | F29: 35.714285 | G29: 120.9 | H29: 35.714285 | K29: 0 | L29: 2142.8571 | M29: 0 | N29: 0 | O29: =M29+N29 -> 0 | P29: 1071.4285 | Q29: 1210.2 | R29: 2925 | S29: =C29+E29+G29+I29+K29+O29+Q29 -> 11019.8 | T29: =D29+F29+H29+J29+L29+P29+R29 -> 12639.286 | W29: =SUM(S29+U29) -> 11019.8 | X29: =SUM(T29+V29) -> 12639.286 | Y29: bewölkt | Z29: 13 | AA29: °C | AB29: Aschermittwoch
A30: =SUM(A29+1) -> 23 | B30: Do | C30: 7121.9 | D30: 6428.5714 | E30: 809.6 | F30: 35.714285 | G30: 114.3 | H30: 35.714285 | K30: 0 | L30: 2142.8571 | M30: 0 | N30: 0 | O30: =M30+N30 -> 0 | P30: 1071.4285 | Q30: 1401.6 | R30: 2925 | S30: =C30+E30+G30+I30+K30+O30+Q30 -> 9447.4 | T30: =D30+F30+H30+J30+L30+P30+R30 -> 12639.286 | W30: =SUM(S30+U30) -> 9447.4 | X30: =SUM(T30+V30) -> 12639.286 | Y30: sonne/wolke | Z30: 12 | AA30: °C
A31: =SUM(A30+1) -> 24 | B31: Fr | C31: 7362.9 | D31: 6428.5714 | E31: 919.6 | F31: 35.714285 | G31: 436.7 | H31: 35.714285 | K31: 0 | L31: 2142.8571 | M31: 679.3 | N31: 957 | O31: =M31+N31 -> 1636.3 | P31: 1071.4285 | Q31: 2942.4 | R31: 2925 | S31: =C31+E31+G31+I31+K31+O31+Q31 -> 13297.9 | T31: =D31+F31+H31+J31+L31+P31+R31 -> 12639.286 | W31: =SUM(S31+U31) -> 13297.9 | X31: =SUM(T31+V31) -> 12639.286 | Y31: sonne/wolke | Z31: 13 | AA31: °C
A32: =SUM(A31+1) -> 25 | B32: Sa | C32: 12490.6 | D32: 6428.5714 | E32: 0 | F32: 35.714285 | G32: 0 | H32: 35.714285 | K32: 0 | L32: 2142.8571 | M32: 11.8 | N32: 972 | O32: =M32+N32 -> 983.8 | P32: 1071.4285 | Q32: 4399.7 | R32: 2925 | S32: =C32+E32+G32+I32+K32+O32+Q32 -> 17874.1 | T32: =D32+F32+H32+J32+L32+P32+R32 -> 12639.286 | W32: =SUM(S32+U32) -> 17874.1 | X32: =SUM(T32+V32) -> 12639.286 | Y32: bewölkt | Z32: 5 | AA32: °C
A33: =SUM(A32+1) -> 26 | B33: So | C33: 13094.6 | D33: 6428.5714 | E33: 0 | F33: 35.714285 | G33: 23 | H33: 35.714285 | K33: 5116.6 | L33: 2142.8571 | M33: 0 | N33: 0 | O33: =M33+N33 -> 0 | P33: 1071.4285 | Q33: 2100.8 | R33: 2925 | S33: =C33+E33+G33+I33+K33+O33+Q33 -> 20335 | T33: =D33+F33+H33+J33+L33+P33+R33 -> 12639.286 | W33: =SUM(S33+U33) -> 20335 | X33: =SUM(T33+V33) -> 12639.286 | Y33: stürmisch | Z33: -2 | AA33: °C | AB33: Ende Fasnachtferien
A34: KW | B34: =SUM(B26+1) -> 8 | C34: =SUM(C27:C33) -> 60546.85 | D34: =SUM(D27:D33) -> 45000 | E34: =SUM(E27:E33) -> 7046.4 | F34: =SUM(F27:F33) -> 249.99999 | G34: =SUM(G27:G33) -> 1468 | H34: =SUM(H27:H33) -> 249.99999 | I34: =SUM(I27:I33) -> 0 | J34: =SUM(J27:J33) -> 0 | ... X34: =SUM(X27:X33) -> 88474.999 | Y34: Ø Temp | Z34: =SUM(Z27:Z33)/7 -> 9.5714286 | AA34: °C
A35: 27 | B35: Mo | C35: 7102.1 | D35: 6428.5714 | E35: 0 | F35: 35.714285 | G35: 0 | H35: 35.714285 | K35: 0 | L35: 2142.8571 | M35: 0 | N35: 0 | O35: =M35+N35 -> 0 | P35: 1071.4285 | Q35: 1358.8 | R35: 2925 | S35: =C35+E35+G35+I35+K35+O35+Q35 -> 8460.9 | T35: =D35+F35+H35+J35+L35+P35+R35 -> 12639.286 | W35: =SUM(S35+U35) -> 8460.9 | X35: =SUM(T35+V35) -> 12639.286 | Y35: bewölkt | Z35: 1 | AA35: °C
A36: 28 | B36: Di | C36: 5914.4 | D36: 6428.5714 | E36: 0 | F36: 35.714285 | G36: 0 | H36: 35.714285 | K36: 3346.2 | L36: 2142.8571 | M36: 536.7 | N36: 2337 | O36: =M36+N36 -> 2873.7 | P36: 1071.4285 | Q36: 1708.8 | R36: 2925 | S36: =C36+E36+G36+I36+K36+O36+Q36 -> 13843.1 | T36: =D36+F36+H36+J36+L36+P36+R36 -> 12639.286 | W36: =SUM(S36+U36) -> 13843.1 | X36: =SUM(T36+V36) -> 12639.286 | Y36: bewölkt | Z36: 3 | AA36: °C
A37: KW | B37: =SUM(B34+1) -> 9 | C37: =SUM(C35:C36) -> 13016.5 | D37: =SUM(D35:D36) -> 12857.143 | E37: =SUM(E35:E36) -> 0 | F37: =SUM(F35:F36) -> 71.42857 | G37: =SUM(G35:G36) -> 0 | H37: =SUM(H35:H36) -> 71.42857 | I37: =SUM(I35:I36) -> 0 | J37: =SUM(J35:J36) -> 0 | ... X37: =SUM(X35:X36) -> 25278.571 | Y37: Ø Temp | Z37: =SUM(Z27:Z33)/7 -> 9.5714286 | AA37: °C
A38: Umsatz kumuliert | C38: =SUM(C10+C18+C26+C34+C37) -> 220689.95 | D38: =SUM(D10+D18+D26+D34+D37) -> 180000 | E38: =SUM(E10+E18+E26+E34+E37) -> 13637 | F38: =SUM(F10+F18+F26+F34+F37) -> 999.99998 | G38: =SUM(G10+G18+G26+G34+G37) -> 5179.6 | H38: =SUM(H10+H18+H26+H34+H37) -> 999.99998 | I38: =SUM(I10+I18+I26+I34+I37) -> 0 | J38: =SUM(J10+J18+J26+J34+J37) -> 0 | ... X38: =SUM(X10+X18+X26+X34+X37) -> 353900 | Y38: Umsatz kumuliert
A39: Umsatz pro Tag | C39: =C38/28 -> 7881.7839 | D39: =D38/28 -> 6428.5714 | E39: =E38/28 -> 487.03571 | F39: =F38/28 -> 35.714285 | G39: =G38/28 -> 184.98571 | H39: =H38/28 -> 35.714285 | I39: =I38/28 -> 0 | J39: =J38/28 -> 0 | ... L39: =L38/28 -> 2142.8571 | M39: =M38/30 -> 204.06 | P39: =P38/30 -> 999.99993 | Q39: =Q38/28 -> 2671.4464 | R39: =R38/28 -> 2925 | S39: =S38/28 -> 13732.766 | T39: =T38/28 -> 12639.286 | U39: =U38/28 -> 0 | V39: =V38/28 -> 0 | W39: =W38/28 -> 13732.766 | X39: =X38/28 -> 12639.286 | Y39: Budget pro Tag
A40: Diff. zu Budget | C40: =SUM(C38-D38) -> 40689.95 | E40: =SUM(E38-F38) -> 12637 | G40: =SUM(G38-H38) -> 4179.6 | I40: =SUM(I38-J38) -> 0 | K40: =SUM(K38-L38) -> -21515.4 | P40: =SUM(O38-P38) -> 1725.802 | Q40: =SUM(Q38-R38) -> -7099.5 | S40: =SUM(S38-T38) -> 30617.452 | U40: =SUM(U38-V38) -> 0 | W40: =SUM(W38-X38) -> 30617.452
A41: Index | C41: =SUM(100/D38*C38) -> 122.60553 | E41: =SUM(100/F38*E38) -> 1363.7 | G41: =SUM(100/H38*G38) -> 517.96001 | I41: =SUM(100/J38*I38) -> #DIV/0! | K41: =SUM(100/L38*K38) -> 64.141 | O41: =SUM(100/P38*O38) -> 105.75267 | Q41: =SUM(100/R38*Q38) -> 91.331502 | S41: =SUM(100/T38*S38) -> 108.65144 | U41: =SUM(100/V38*U38) -> #DIV/0! | W41: =SUM(100/X38*W38) -> 108.65144

Sheet 03_23
A1: Tagesumsätze | H1: 44986
C3: Restaurant | E3: Terrasse | G3: Lounge | I3: Pavillon | K3: Bankett | M3: Seminar | Q3: Hotel | S3: TOTAL Gesamtbetrieb ohne Seebad | U3: Seebad | W3: TOTAL Gesamtbetrieb mit Seebad | Y3: Info's
C4: IST | D4: Budget | E4: IST | F4: Budget | G4: IST | H4: Budget | I4: IST | J4: Budget | K4: IST | L4: Budget | M4: IST/GN | N4: IST/ET | O4: TOTAL IST | P4: Budget | Q4: IST | R4: Budget | S4: IST | T4: Budget | U4: IST | V4: Budget | W4: IST | X4: Budget | Y4: Wetter | Z4: Temp. | AB4: Bemerkung
A5: 1 | B5: Mi | C5: 5871.1 | D5: 8064.5161 | E5: 0 | F5: 1290.3226 | G5: 0 | H5: 161.29032 | I5: 0 | K5: 0 | L5: 2580.6452 | M5: 12 | N5: 3741 | O5: =M5+N5 -> 3753 | P5: 1935.4839 | Q5: 1892.7 | R5: 2996.7742 | S5: =SUM(C5+E5+G5+I5+K5+O5+Q5) -> 11516.8 | T5: =SUM(D5+F5+H5+J5+L5+P5+R5) -> 17029.032 | W5: =SUM(S5+U5) -> 11516.8 | X5: =SUM(T5+V5) -> 17029.032 | Y5: hochnebel | Z5: 3 | AA5: °C
A6: =SUM(A5+1) -> 2 | B6: Do | C6: 7766.9 | D6: 8064.5161 | E6: 128.5 | F6: 1290.3226 | G6: 85 | H6: 161.29032 | I6: 0 | K6: 674.8 | L6: 2580.6452 | M6: 1415.4 | N6: 888 | O6: =M6+N6 -> 2303.4 | P6: 1935.4839 | Q6: 1197.5 | R6: 2996.7742 | S6: =SUM(C6+E6+G6+I6+K6+O6+Q6) -> 12156.1 | T6: =SUM(D6+F6+H6+J6+L6+P6+R6) -> 17029.032 | W6: =SUM(S6+U6) -> 12156.1 | X6: =SUM(T6+V6) -> 17029.032 | Y6: hochnebel | Z6: 6 | AA6: °C
A7: =SUM(A6+1) -> 3 | B7: Fr | C7: 5311.5 | D7: 8064.5161 | E7: 0 | F7: 1290.3226 | G7: 30.2 | H7: 161.29032 | I7: 0 | K7: 3591.1 | L7: 2580.6452 | M7: 297 | N7: 0 | O7: =M7+N7 -> 297 | P7: 1935.4839 | Q7: 609.7 | R7: 2996.7742 | S7: =SUM(C7+E7+G7+I7+K7+O7+Q7) -> 9839.5 | T7: =SUM(D7+F7+H7+J7+L7+P7+R7) -> 17029.032 | W7: =SUM(S7+U7) -> 9839.5 | X7: =SUM(T7+V7) -> 17029.032 | Y7: hochnebel | Z7: 7 | AA7: °C
A8: =SUM(A7+1) -> 4 | B8: Sa | C8: 11972.7 | D8: 8064.5161 | E8: 645.2 | F8: 1290.3226 | G8: 383.9 | H8: 161.29032 | I8: 0 | K8: 0 | L8: 2580.6452 | M8: 0 | N8: 0 | O8: =M8+N8 -> 0 | P8: 1935.4839 | Q8: 2276.8 | R8: 2996.7742 | S8: =SUM(C8+E8+G8+I8+K8+O8+Q8) -> 15278.6 | T8: =SUM(D8+F8+H8+J8+L8+P8+R8) -> 17029.032 | W8: =SUM(S8+U8) -> 15278.6 | X8: =SUM(T8+V8) -> 17029.032 | Y8: hochnebel/sonne | Z8: 8 | AA8: °C
A9: =SUM(A8+1) -> 5 | B9: So | C9: 11661.6 | D9: 8064.5161 | E9: 264.3 | F9: 1290.3226 | G9: 296.7 | H9: 161.29032 | I9: 0 | K9: 1319.4 | L9: 2580.6452 | M9: 0 | N9: 0 | O9: =M9+N9 -> 0 | P9: 1935.4839 | Q9: 939.7 | R9: 2996.7742 | S9: =SUM(C9+E9+G9+I9+K9+O9+Q9) -> 14481.7 | T9: =SUM(D9+F9+H9+J9+L9+P9+R9) -> 17029.032 | W9: =SUM(S9+U9) -> 14481.7 | X9: =SUM(T9+V9) -> 17029.032 | Y9: hochnebel/sonne | Z9: 8 | AA9: °C
A10: KW | B10: 9 | C10: =SUM(C5:C9) -> 42583.8 | D10: =SUM(D5:D9) -> 40322.58 | E10: =SUM(E5:E9) -> 1038 | F10: =SUM(F5:F9) -> 6451.6129 | G10: =SUM(G5:G9) -> 795.8 | H10: =SUM(H5:H9) -> 806.45161 | I10: =SUM(I5:I9) -> 0 | J10: =SUM(J5:J9) -> 0 | ... X10: =SUM(X5:X9) -> 85145.161 | Y10: Ø Temp | Z10: =SUM(Z5:Z9)/7 -> 4.5714286 | AA10: °C
A11: =SUM(A9+1) -> 6 | B11: Mo | C11: 2104.6 | D11: 8064.5161 | E11: 117.8 | F11: 1290.3226 | G11: 20 | H11: 161.29032 | I11: 0 | K11: 3000 | L11: 2580.6452 | M11: 6 | N11: 1342 | O11: =M11+N11 -> 1348 | P11: 1935.4839 | Q11: 3506.8 | R11: 2996.7742 | S11: =SUM(C11+E11+G11+I11+K11+O11+Q11) -> 10097.2 | T11: =SUM(D11+F11+H11+J11+L11+P11+R11) -> 17029.032 | W11: =SUM(S11+U11) -> 10097.2 | X11: =SUM(T11+V11) -> 17029.032 | Y11: hochnebel/sonne | Z11: 6 | AA11: °C
A12: =SUM(A11+1) -> 7 | B12: Di | C12: 3878.1 | D12: 8064.5161 | E12: 0 | F12: 1290.3226 | G12: 12.8 | H12: 161.29032 | I12: 0 | K12: 1410 | L12: 2580.6452 | M12: 1351.8 | N12: 1921 | O12: =M12+N12 -> 3272.8 | P12: 1935.4839 | Q12: 5846 | R12: 2996.7742 | S12: =SUM(C12+E12+G12+I12+K12+O12+Q12) -> 14419.7 | T12: =SUM(D12+F12+H12+J12+L12+P12+R12) -> 17029.032 | W12: =SUM(S12+U12) -> 14419.7 | X12: =SUM(T12+V12) -> 17029.032 | Y12: hochnebel/sonne | Z12: 8 | AA12: °C
A13: =SUM(A12+1) -> 8 | B13: Mi | C13: 7827.15 | D13: 8064.5161 | E13: 13 | F13: 1290.3226 | G13: 0 | H13: 161.29032 | I13: 0 | K13: 3215.5 | L13: 2580.6452 | M13: 283 | N13: 4772 | O13: =M13+N13 -> 5055 | P13: 1935.4839 | Q13: 3073.8 | R13: 2996.7742 | S13: =SUM(C13+E13+G13+I13+K13+O13+Q13) -> 19184.45 | T13: =SUM(D13+F13+H13+J13+L13+P13+R13) -> 17029.032 | W13: =SUM(S13+U13) -> 19184.45 | X13: =SUM(T13+V13) -> 17029.032 | Y13: hochnebel/sonne | Z13: 8 | AA13: °C
A14: =SUM(A13+1) -> 9 | B14: Do | C14: 5037.3 | D14: 8064.5161 | E14: 100.5 | F14: 1290.3226 | G14: 79.1 | H14: 161.29032 | I14: 0 | K14: 8769.7 | L14: 2580.6452 | M14: 180 | N14: 3477 | O14: =M14+N14 -> 3657 | P14: 1935.4839 | Q14: 4801.1 | R14: 2996.7742 | S14: =SUM(C14+E14+G14+I14+K14+O14+Q14) -> 22444.7 | T14: =SUM(D14+F14+H14+J14+L14+P14+R14) -> 17029.032 | W14: =SUM(S14+U14) -> 22444.7 | X14: =SUM(T14+V14) -> 17029.032 | Y14: teilweise sonnig | Z14: 14 | AA14: °C
A15: =SUM(A14+1) -> 10 | B15: Fr | C15: 8057.8 | D15: 8064.5161 | E15: 0 | F15: 1290.3226 | G15: 9 | H15: 161.29032 | I15: 0 | K15: 1434.5 | L15: 2580.6452 | M15: 881.2 | N15: 2048 | O15: =M15+N15 -> 2929.2 | P15: 1935.4839 | Q15: 1525.8 | R15: 2996.7742 | S15: =SUM(C15+E15+G15+I15+K15+O15+Q15) -> 13956.3 | T15: =SUM(D15+F15+H15+J15+L15+P15+R15) -> 17029.032 | W15: =SUM(S15+U15) -> 13956.3 | X15: =SUM(T15+V15) -> 17029.032 | Y15: Wind / bewölkt | Z15: 5 | AA15: °C
A16: =SUM(A15+1) -> 11 | B16: Sa | C16: 11455.6 | D16: 8064.5161 | E16: 0 | F16: 1290.3226 | G16: 0 | H16: 161.29032 | I16: 0 | K16: 12974.3 | L16: 2580.6452 | M16: 0 | N16: 400 | O16: =M16+N16 -> 400 | P16: 1935.4839 | Q16: 5392 | R16: 2996.7742 | S16: =SUM(C16+E16+G16+I16+K16+O16+Q16) -> 30221.9 | T16: =SUM(D16+F16+H16+J16+L16+P16+R16) -> 17029.032 | W16: =SUM(S16+U16) -> 30221.9 | X16: =SUM(T16+V16) -> 17029.032 | Y16: Wind / Schnee | Z16: 1 | AA16: °C
A17: =SUM(A16+1) -> 12 | B17: So | C17: 13329.1 | D17: 8064.5161 | E17: 17.7 | F17: 1290.3226 | G17: 31.8 | H17: 161.29032 | I17: 0 | K17: 6020.3 | L17: 2580.6452 | M17: -881.2 | N17: 0 | O17: =M17+N17 -> -881.2 | P17: 1935.4839 | Q17: 2121.6 | R17: 2996.7742 | S17: =SUM(C17+E17+G17+I17+K17+O17+Q17) -> 20639.3 | T17: =SUM(D17+F17+H17+J17+L17+P17+R17) -> 17029.032 | W17: =SUM(S17+U17) -> 20639.3 | X17: =SUM(T17+V17) -> 17029.032 | Y17: wechselhaft | Z17: 11 | AA17: °C
A18: KW | B18: =SUM(B10+1) -> 10 | C18: =SUM(C11:C17) -> 51689.65 | D18: =SUM(D11:D17) -> 56451.613 | E18: =SUM(E11:E17) -> 249 | F18: =SUM(F11:F17) -> 9032.2581 | G18: =SUM(G11:G17) -> 152.7 | H18: =SUM(H11:H17) -> 1129.0323 | I18: =SUM(I11:I17) -> 0 | J18: =SUM(J11:J17) -> 0 | ... X18: =SUM(X11:X17) -> 119203.23 | Y18: Ø Temp | Z18: =SUM(Z11:Z17)/7 -> 7.5714286 | AA18: °C
A19: =SUM(A17+1) -> 13 | B19: Mo | C19: 5071.4 | D19: 8064.5161 | E19: 743.6 | F19: 1290.3226 | G19: 428.9 | H19: 161.29032 | I19: 0 | K19: 0 | L19: 2580.6452 | M19: 0 | N19: 1450 | O19: =M19+N19 -> 1450 | P19: 1935.4839 | Q19: 660.4 | R19: 2996.7742 | S19: =SUM(C19+E19+G19+I19+K19+O19+Q19) -> 8354.3 | T19: =SUM(D19+F19+H19+J19+L19+P19+R19) -> 17029.032 | W19: =SUM(S19+U19) -> 8354.3 | X19: =SUM(T19+V19) -> 17029.032 | Y19: sonnig | Z19: 22 | AA19: °C
A20: =SUM(A19+1) -> 14 | B20: Di | C20: 5115.6 | D20: 8064.5161 | E20: 0 | F20: 1290.3226 | G20: 0 | H20: 161.29032 | I20: 0 | K20: 0 | L20: 2580.6452 | M20: 357.6 | N20: 3289 | O20: =M20+N20 -> 3646.6 | P20: 1935.4839 | Q20: 6616.6 | R20: 2996.7742 | S20: =SUM(C20+E20+G20+I20+K20+O20+Q20) -> 15378.8 | T20: =SUM(D20+F20+H20+J20+L20+P20+R20) -> 17029.032 | W20: =SUM(S20+U20) -> 15378.8 | X20: =SUM(T20+V20) -> 17029.032 | Y20: bewölkt | Z20: 9 | AA20: °C
A21: =SUM(A20+1) -> 15 | B21: Mi | C21: 4807.3 | D21: 8064.5161 | E21: 7 | F21: 1290.3226 | G21: 211 | H21: 161.29032 | I21: 0 | K21: 0 | L21: 2580.6452 | M21: 924.5 | N21: 6887 | O21: =M21+N21 -> 7811.5 | P21: 1935.4839 | Q21: 4944.7 | R21: 2996.7742 | S21: =SUM(C21+E21+G21+I21+K21+O21+Q21) -> 17781.5 | T21: =SUM(D21+F21+H21+J21+L21+P21+R21) -> 17029.032 | W21: =SUM(S21+U21) -> 17781.5 | X21: =SUM(T21+V21) -> 17029.032 | Y21: teilweise sonnig | Z21: 8 | AA21: °C
A22: =SUM(A21+1) -> 16 | B22: Do | C22: =5366.35+347.1 -> 5713.45 | D22: 8064.5161 | E22: 465.1 | F22: 1290.3226 | G22: 256.8 | H22: 161.29032 | I22: 0 | K22: 0 | L22: 2580.6452 | M22: 1470.1 | N22: 9536 | O22: =M22+N22 -> 11006.1 | P22: 1935.4839 | Q22: 7632 | R22: 2996.7742 | S22: =SUM(C22+E22+G22+I22+K22+O22+Q22) -> 25073.45 | T22: =SUM(D22+F22+H22+J22+L22+P22+R22) -> 17029.032 | W22: =SUM(S22+U22) -> 25073.45 | X22: =SUM(T22+V22) -> 17029.032 | Y22: sonnig/wolkenfelder | Z22: 12 | AA22: °C
A23: =SUM(A22+1) -> 17 | B23: Fr | C23: 10407 | D23: 8064.5161 | E23: 488.6 | F23: 1290.3226 | G23: 355.8 | H23: 161.29032 | I23: 0 | K23: 0 | L23: 2580.6452 | M23: 109 | N23: 4177 | O23: =M23+N23 -> 4286 | P23: 1935.4839 | Q23: 3595.6 | R23: 2996.7742 | S23: =SUM(C23+E23+G23+I23+K23+O23+Q23) -> 19133 | T23: =SUM(D23+F23+H23+J23+L23+P23+R23) -> 17029.032 | W23: =SUM(S23+U23) -> 19133 | X23: =SUM(T23+V23) -> 17029.032 | Y23: sonnig | Z23: 15 | AA23: °C
A24: =SUM(A23+1) -> 18 | B24: Sa | C24: 13775.2 | D24: 8064.5161 | E24: 5549.5 | F24: 1290.3226 | G24: 956.6 | H24: 161.29032 | I24: 0 | K24: 3652 | L24: 2580.6452 | M24: 0 | N24: 0 | O24: =M24+N24 -> 0 | P24: 1935.4839 | Q24: 4988.6 | R24: 2996.7742 | S24: =SUM(C24+E24+G24+I24+K24+O24+Q24) -> 28921.9 | T24: =SUM(D24+F24+H24+J24+L24+P24+R24) -> 17029.032 | W24: =SUM(S24+U24) -> 28921.9 | X24: =SUM(T24+V24) -> 17029.032 | Y24: sonnig/bedeckt | Z24: 16 | AA24: °C
A25: =SUM(A24+1) -> 19 | B25: So | C25: 12494.9 | D25: 8064.5161 | E25: 11.3 | F25: 1290.3226 | G25: 196 | H25: 161.29032 | I25: 0 | K25: 0 | L25: 2580.6452 | N25: 0 | O25: =M25+N25 -> 0 | P25: 1935.4839 | Q25: 1935.8 | R25: 2996.7742 | S25: =SUM(C25+E25+G25+I25+K25+O25+Q25) -> 14638 | T25: =SUM(D25+F25+H25+J25+L25+P25+R25) -> 17029.032 | W25: =SUM(S25+U25) -> 14638 | X25: =SUM(T25+V25) -> 17029.032 | Y25: Regenschauer | Z25: 12 | AA25: °C
A26: KW | B26: =SUM(B18+1) -> 11 | C26: =SUM(C19:C25) -> 57384.85 | D26: =SUM(D19:D25) -> 56451.613 | E26: =SUM(E19:E25) -> 7265.1 | F26: =SUM(F19:F25) -> 9032.2581 | G26: =SUM(G19:G25) -> 2405.1 | H26: =SUM(H19:H25) -> 1129.0323 | I26: =SUM(I19:I25) -> 0 | J26: =SUM(J19:J25) -> 0 | ... X26: =SUM(X19:X25) -> 119203.23 | Y26: Ø Temp | Z26: =SUM(Z19:Z25)/7 -> 13.428571 | AA26: °C
A27: =SUM(A25+1) -> 20 | B27: Mo | C27: 6177.2 | D27: 8064.5161 | E27: 365 | F27: 1290.3226 | G27: 172.6 | H27: 161.29032 | I27: 0 | K27: 61 | L27: 2580.6452 | M27: 0 | N27: 0 | O27: =M27+N27 -> 0 | P27: 1935.4839 | Q27: 4527.2 | R27: 2996.7742 | S27: =SUM(C27+E27+G27+I27+K27+O27+Q27) -> 11303 | T27: =SUM(D27+F27+H27+J27+L27+P27+R27) -> 17029.032 | W27: =SUM(S27+U27) -> 11303 | X27: =SUM(T27+V27) -> 17029.032 | Y27: zemlich sonnig | Z27: 12 | AA27: °C
A28: =SUM(A27+1) -> 21 | B28: Di | C28: 6835 | D28: 8064.5161 | E28: 430.7 | F28: 1290.3226 | G28: 205.5 | H28: 161.29032 | I28: 0 | K28: 0 | L28: 2580.6452 | M28: 1252.2 | N28: 2071 | O28: =M28+N28 -> 3323.2 | P28: 1935.4839 | Q28: 3743.7 | R28: 2996.7742 | S28: =SUM(C28+E28+G28+I28+K28+O28+Q28) -> 14538.1 | T28: =SUM(D28+F28+H28+J28+L28+P28+R28) -> 17029.032 | W28: =SUM(S28+U28) -> 14538.1 | X28: =SUM(T28+V28) -> 17029.032 | Y28: sonnig/wolkenfelder | Z28: 15 | AA28: °C
A29: =SUM(A28+1) -> 22 | B29: Mi | C29: 6288.5 | D29: 8064.5161 | E29: 3829.7 | F29: 1290.3226 | G29: 488.2 | H29: 161.29032 | I29: 0 | K29: 850 | L29: 2580.6452 | M29: 207.6 | N29: 827.5 | O29: =M29+N29 -> 1035.1 | P29: 1935.4839 | Q29: 4644.5 | R29: 2996.7742 | S29: =SUM(C29+E29+G29+I29+K29+O29+Q29) -> 17136 | T29: =SUM(D29+F29+H29+J29+L29+P29+R29) -> 17029.032 | W29: =SUM(S29+U29) -> 17136 | X29: =SUM(T29+V29) -> 17029.032 | Y29: sonnig | Z29: 18 | AA29: °C
A30: =SUM(A29+1) -> 23 | B30: Do | C30: 5932.8 | D30: 8064.5161 | E30: 37 | F30: 1290.3226 | G30: 154.1 | H30: 161.29032 | I30: 0 | K30: 0 | L30: 2580.6452 | M30: 509.5 | N30: 9968 | O30: =M30+N30 -> 10477.5 | P30: 1935.4839 | Q30: 3039.9 | R30: 2996.7742 | S30: =SUM(C30+E30+G30+I30+K30+O30+Q30) -> 19641.3 | T30: =SUM(D30+F30+H30+J30+L30+P30+R30) -> 17029.032 | W30: =SUM(S30+U30) -> 19641.3 | X30: =SUM(T30+V30) -> 17029.032 | Y30: etwas Regenschauer | Z30: 17 | AA30: °C
A31: =SUM(A30+1) -> 24 | B31: Fr | C31: 8752.9 | D31: 8064.5161 | E31: 10.4 | F31: 1290.3226 | G31: 20 | H31: 161.29032 | I31: 0 | K31: 0 | L31: 2580.6452 | M31: 789.1 | N31: 8904.8 | O31: =M31+N31 -> 9693.9 | P31: 1935.4839 | Q31: 6862.7 | R31: 2996.7742 | S31: =SUM(C31+E31+G31+I31+K31+O31+Q31) -> 25339.9 | T31: =SUM(D31+F31+H31+J31+L31+P31+R31) -> 17029.032 | W31: =SUM(S31+U31) -> 25339.9 | X31: =SUM(T31+V31) -> 17029.032 | Y31: Regenschauer | Z31: 10 | AA31: °C
A32: =SUM(A31+1) -> 25 | B32: Sa | C32: 13218.7 | D32: 8064.5161 | E32: 0 | F32: 1290.3226 | G32: 17.3 | H32: 161.29032 | I32: 0 | K32: 2202.7 | L32: 2580.6452 | M32: -72.5 | N32: 2858 | O32: =M32+N32 -> 2785.5 | P32: 1935.4839 | Q32: 3436.8 | R32: 2996.7742 | S32: =SUM(C32+E32+G32+I32+K32+O32+Q32) -> 21661 | T32: =SUM(D32+F32+H32+J32+L32+P32+R32) -> 17029.032 | W32: =SUM(S32+U32) -> 21661 | X32: =SUM(T32+V32) -> 17029.032 | Y32: bewölkt/ wenig Regen | Z32: 10 | AA32: °C
A33: =SUM(A32+1) -> 26 | B33: So | C33: 13502.1 | D33: 8064.5161 | E33: 0 | F33: 1290.3226 | G33: 35.3 | H33: 161.29032 | I33: 0 | K33: 2552 | L33: 2580.6452 | M33: 0 | N33: 0 | O33: =M33+N33 -> 0 | P33: 1935.4839 | Q33: 1534.2 | R33: 2996.7742 | S33: =SUM(C33+E33+G33+I33+K33+O33+Q33) -> 17623.6 | T33: =SUM(D33+F33+H33+J33+L33+P33+R33) -> 17029.032 | W33: =SUM(S33+U33) -> 17623.6 | X33: =SUM(T33+V33) -> 17029.032 | Y33: bedeckt/stark Regen | Z33: 8 | AA33: °C
A34: KW | B34: =SUM(B26+1) -> 12 | C34: =SUM(C27:C33) -> 60707.2 | D34: =SUM(D27:D33) -> 56451.613 | E34: =SUM(E27:E33) -> 4672.8 | F34: =SUM(F27:F33) -> 9032.2581 | G34: =SUM(G27:G33) -> 1093 | H34: =SUM(H27:H33) -> 1129.0323 | I34: =SUM(I27:I33) -> 0 | J34: =SUM(J27:J33) -> 0 | ... X34: =SUM(X27:X33) -> 119203.23 | Y34: Ø Temp | Z34: =SUM(Z27:Z33)/7 -> 12.857143 | AA34: °C
A35: =SUM(A33+1) -> 27 | B35: Mo | C35: 3672.6 | D35: 8064.5161 | E35: 0 | F35: 1290.3226 | G35: 10.4 | H35: 161.29032 | I35: 0 | K35: 0 | L35: 2580.6452 | M35: 744.7 | N35: 1316 | O35: =M35+N35 -> 2060.7 | P35: 1935.4839 | Q35: 1999.5 | R35: 2996.7742 | S35: =SUM(C35+E35+G35+I35+K35+O35+Q35) -> 7743.2 | T35: =SUM(D35+F35+H35+J35+L35+P35+R35) -> 17029.032 | W35: =SUM(S35+U35) -> 7743.2 | X35: =SUM(T35+V35) -> 17029.032 | Y35: bedeckt/leicht Regen | Z35: 5 | AA35: °C
A36: =SUM(A35+1) -> 28 | B36: Di | C36: 6079.9 | D36: 8064.5161 | E36: 63.5 | F36: 1290.3226 | G36: 14.1 | H36: 161.29032 | I36: 0 | K36: 2335 | L36: 2580.6452 | M36: 916.4 | N36: 9266 | O36: =M36+N36 -> 10182.4 | P36: 1935.4839 | Q36: 5950.9 | R36: 2996.7742 | S36: =SUM(C36+E36+G36+I36+K36+O36+Q36) -> 24625.8 | T36: =SUM(D36+F36+H36+J36+L36+P36+R36) -> 17029.032 | W36: =SUM(S36+U36) -> 24625.8 | X36: =SUM(T36+V36) -> 17029.032 | Y36: bewölkt | Z36: 9 | AA36: °C
A37: =SUM(A36+1) -> 29 | B37: Mi | C37: 5560.5 | D37: 8064.5161 | E37: 17.8 | F37: 1290.3226 | G37: 241.3 | H37: 161.29032 | I37: 0 | K37: 0 | L37: 2580.6452 | M37: 0 | N37: 5350 | O37: =M37+N37 -> 5350 | P37: 1935.4839 | Q37: 7696.9 | R37: 2996.7742 | S37: =SUM(C37+E37+G37+I37+K37+O37+Q37) -> 18866.5 | T37: =SUM(D37+F37+H37+J37+L37+P37+R37) -> 17029.032 | W37: =SUM(S37+U37) -> 18866.5 | X37: =SUM(T37+V37) -> 17029.032 | Y37: bedeckt | Z37: 17 | AA37: °C
A38: =SUM(A37+1) -> 30 | B38: Do | C38: 5075 | D38: 8064.5161 | E38: 27.2 | F38: 1290.3226 | G38: 18.5 | H38: 161.29032 | I38: 0 | K38: 0 | L38: 2580.6452 | M38: 73 | N38: 5197 | O38: =M38+N38 -> 5270 | P38: 1935.4839 | Q38: 2910.8 | R38: 2996.7742 | S38: =SUM(C38+E38+G38+I38+K38+O38+Q38) -> 13301.5 | T38: =SUM(D38+F38+H38+J38+L38+P38+R38) -> 17029.032 | W38: =SUM(S38+U38) -> 13301.5 | X38: =SUM(T38+V38) -> 17029.032 | Y38: bedekt / regen / wind | Z38: 13 | AA38: °C
A39: =SUM(A38+1) -> 31 | B39: Fr | C39: 8517.6 | D39: 8064.5161 | E39: 0 | F39: 1290.3226 | G39: 0 | H39: 161.29032 | I39: 0 | K39: 0 | L39: 2580.6452 | M39: 371.4 | N39: 2948 | O39: =M39+N39 -> 3319.4 | P39: 1935.4839 | Q39: 1794.7 | R39: 2996.7742 | S39: =SUM(C39+E39+G39+I39+K39+O39+Q39) -> 13631.7 | T39: =SUM(D39+F39+H39+J39+L39+P39+R39) -> 17029.032 | W39: =SUM(S39+U39) -> 13631.7 | X39: =SUM(T39+V39) -> 17029.032 | Y39: bewölkt/regen | Z39: 14 | AA39: °C
A40: KW | B40: =SUM(B34+1) -> 13 | C40: =SUM(C35:C39) -> 28905.6 | D40: =SUM(D35:D39) -> 40322.58 | E40: =SUM(E35:E39) -> 108.5 | F40: =SUM(F35:F39) -> 6451.6129 | G40: =SUM(G35:G39) -> 284.3 | H40: =SUM(H35:H39) -> 806.45161 | I40: =SUM(I35:I39) -> 0 | J40: =SUM(J35:J39) -> 0 | ... X40: =SUM(X35:X39) -> 85145.161 | Y40: Ø Temp | Z40: =SUM(Z35:Z39)/4 -> 14.5 | AA40: °C
A41: Umsatz kumuliert | C41: =SUM(C10+C18+C26+C34+C40) -> 241271.1 | D41: =SUM(D10+D18+D26+D34+D40) -> 250000 | E41: =SUM(E10+E18+E26+E34+E40) -> 13333.4 | F41: =SUM(F10+F18+F26+F34+F40) -> 40000 | G41: =SUM(G10+G18+G26+G34+G40) -> 4730.9 | H41: =SUM(H10+H18+H26+H34+H40) -> 5000 | I41: =SUM(I10+I18+I26+I40) -> 0 | J41: =SUM(J10+J18+J26+J40) -> 0 | K41: =SUM(K10+K18+K26+K34+K40) -> 54062.3 | L41: =SUM(L10+L18+L26+L34+L40) -> 80000 | M41: =SUM(M10+M18+M26+M34+M40) -> 11197.8 | N41: =SUM(N10+N18+N26+N34+N40) -> 92634.3 | O41: =SUM(O10+O18+O26+O34+O40) -> 103832.1 | P41: =P10+P18+P26+P34+P40 -> 60000 | Q41: =SUM(Q10+Q18+Q26+Q34+Q40) -> 111699 | R41: =SUM(R10+R18+R26+R34+R40) -> 92900 | S41: =SUM(S10+S18+S26+S34+S40) -> 528928.8 | T41: =SUM(T10+T18+T26+T34+T40) -> 527900 | U41: =SUM(U10+U18+U26+U34+U40) -> 0 | V41: =SUM(V10+V18+V26+V34+V40) -> 0 | W41: =SUM(W10+W18+W26+W34+W40) -> 528928.8 | X41: =SUM(X10+X18+X26+X34+X40) -> 527900 | Y41: Umsatz kumuliert
A42: Umsatz pro Tag | C42: =C41/31 -> 7782.9387 | D42: =D41/31 -> 8064.5161 | E42: =E41/31 -> 430.10968 | F42: =F41/31 -> 1290.3226 | G42: =G41/31 -> 152.60968 | H42: =H41/31 -> 161.29032 | I42: =I41/31 -> 0 | J42: =J41/31 -> 0 | ... L42: =L41/31 -> 2580.6452 | M42: =M41/30 -> 373.26 | N42: =N41/31 -> 2988.2032 | P42: =P41/30 -> 2000 | Q42: =Q41/31 -> 3603.1935 | R42: =R41/31 -> 2996.7742 | S42: =S41/31 -> 17062.219 | T42: =T41/31 -> 17029.032 | U42: =U41/31 -> 0 | V42: =V41/31 -> 0 | W42: =W41/31 -> 17062.219 | X42: =X41/31 -> 17029.032 | Y42: Budget pro Tag
A43: Diff. zu Budget | C43: =SUM(C41-D41) -> -8728.8991 | E43: =SUM(E41-F41) -> -26666.6 | G43: =SUM(G41-H41) -> -269.09998 | I43: =SUM(I41-J41) -> 0 | K43: =SUM(K41-L41) -> -25937.7 | O43: =SUM(O41-P41) -> 43832.1 | Q43: =SUM(Q41-R41) -> 18799 | S43: =SUM(S41-T41) -> 1028.8011 | U43: =SUM(U41-V41) -> 0 | W43: =SUM(W41-X41) -> 1028.8011
A44: Index | C44: =SUM(100/D41*C41) -> 96.50844 | E44: =SUM(100/F41*E41) -> 33.3335 | G44: =SUM(100/H41*G41) -> 94.618 | I44: =SUM(100/J41*I41) -> #DIV/0! | K44: =SUM(100/L41*K41) -> 67.577875 | O44: =SUM(100/P41*O41) -> 173.0535 | Q44: =SUM(100/R41*Q41) -> 120.23574 | S44: =SUM(100/T41*S41) -> 100.19489 | U44: =SUM(100/V41*U41) -> #DIV/0! | W44: =SUM(100/X41*W41) -> 100.19489

Sheet 04_23
A1: Tagesumsätze | H1: 45017
C3: Restaurant | E3: Terrasse | G3: Lounge | I3: Pavillon | K3: Bankett | M3: Seminar | Q3: Hotel | S3: TOTAL Gesamtbetrieb ohne Seebad | U3: Seebad | W3: TOTAL Gesamtbetrieb mit Seebad | Y3: Info's
C4: IST | D4: Budget | E4: IST | F4: Budget | G4: IST | H4: Budget | I4: IST | J4: Budget | K4: IST | L4: Budget | M4: IST/GN | N4: IST/ET | O4: TOTAL IST | P4: Budget | Q4: IST | R4: Budget | S4: IST | T4: Budget | U4: IST | V4: Budget | W4: IST | X4: Budget | Y4: Wetter | Z4: Temp. | AB4: Bemerkung
A5: 1 | B5: Sa | C5: 9737.2 | D5: 8333.3333 | E5: 0 | F5: 2666.6667 | G5: 22.9 | H5: 333.33333 | I5: 0 | K5: 12270.5 | L5: 3000 | M5: 0 | N5: 0 | O5: =M5+N5 -> 0 | P5: 2000 | Q5: 7355.6 | R5: 3096.6667 | S5: =C5+E5+G5+I5+K5+O5+Q5 -> 29386.2 | T5: =D5+F5+H5+J5+L5+P5+R5 -> 19430 | V5: 66.66666 | W5: =SUM(S5+U5) -> 29386.2 | X5: =SUM(T5+V5) -> 19496.667 | Y5: teils Regenschauer | Z5: 10 | AA5: °C
A6: =SUM(A5+1) -> 2 | B6: So | C6: 11726.5 | D6: 8333.3333 | E6: 478.5 | F6: 2666.6667 | G6: 519.5 | H6: 333.33333 | I6: 0 | K6: 8983.6 | L6: 3000 | M6: 227.3 | N6: 0 | O6: =M6+N6 -> 227.3 | P6: 2000 | Q6: 2523.42 | R6: 3096.6667 | S6: =C6+E6+G6+I6+K6+O6+Q6 -> 24458.82 | T6: =D6+F6+H6+J6+L6+P6+R6 -> 19430 | V6: 66.66666 | W6: =SUM(S6+U6) -> 24458.82 | X6: =SUM(T6+V6) -> 19496.667 | Y6: teils Regenschauer | Z6: 11 | AA6: °C
A7: KW | B7: 14 | C7: =SUM(C5:C6) -> 21463.7 | D7: =SUM(D5:D6) -> 16666.667 | E7: =SUM(E5:E6) -> 478.5 | F7: =SUM(F5:F6) -> 5333.3333 | G7: =SUM(G5:G6) -> 542.4 | H7: =SUM(H5:H6) -> 666.66666 | I7: =SUM(I5:I6) -> 0 | J7: =SUM(J5:J6) -> 0 | ... X7: =SUM(X5:X6) -> 38993.333 | Y7: Ø Temp | Z7: =SUM(Z5:Z6)/4 -> 5.25 | AA7: °C
A8: =SUM(A6+1) -> 3 | B8: Mo | C8: =5682.1+13.6 -> 5695.7 | D8: 8333.3333 | E8: 0 | F8: 2666.6667 | G8: 0 | H8: 333.33333 | I8: 0 | K8: 0 | L8: 3000 | M8: 568.5 | N8: 5329.8 | O8: =M8+N8 -> 5898.3 | P8: 2000 | Q8: 4366.2 | R8: 3096.6667 | S8: =C8+E8+G8+I8+K8+O8+Q8 -> 15960.2 | T8: =D8+F8+H8+J8+L8+P8+R8 -> 19430 | V8: 66.66666 | W8: =SUM(S8+U8) -> 15960.2 | X8: =SUM(T8+V8) -> 19496.667 | Y8: Hochnebel | Z8: 7 | AA8: °C
A9: =SUM(A8+1) -> 4 | B9: Di | C9: =6387-13.6 -> 6373.4 | D9: 8333.3333 | E9: 53.8 | F9: 2666.6667 | G9: 173.7 | H9: 333.33333 | I9: 0 | K9: 0 | L9: 3000 | M9: 141.7 | N9: 4190 | O9: =M9+N9 -> 4331.7 | P9: 2000 | Q9: 3300.2 | R9: 3096.6667 | S9: =C9+E9+G9+I9+K9+O9+Q9 -> 14232.8 | T9: =D9+F9+H9+J9+L9+P9+R9 -> 19430 | V9: 66.66666 | W9: =SUM(S9+U9) -> 14232.8 | X9: =SUM(T9+V9) -> 19496.667 | Y9: sonnig | Z9: 7 | AA9: °C
A10: =SUM(A9+1) -> 5 | B10: Mi | C10: 5715.8 | D10: 8333.3333 | E10: 302 | F10: 2666.6667 | G10: 396 | H10: 333.33333 | I10: 0 | K10: 0 | L10: 3000 | M10: 36.1 | N10: 3150 | O10: =M10+N10 -> 3186.1 | P10: 2000 | Q10: 1553 | R10: 3096.6667 | S10: =C10+E10+G10+I10+K10+O10+Q10 -> 11152.9 | T10: =D10+F10+H10+J10+L10+P10+R10 -> 19430 | V10: 66.66666 | W10: =SUM(S10+U10) -> 11152.9 | X10: =SUM(T10+V10) -> 19496.667 | Y10: sonnig | Z10: 8 | AA10: °C
A11: =SUM(A10+1) -> 6 | B11: Do | C11: 6371 | D11: 8333.3333 | E11: 0 | F11: 2666.6667 | G11: 185.9 | H11: 333.33333 | I11: 0 | K11: 0 | L11: 3000 | M11: 40.4 | N11: 100 | O11: =M11+N11 -> 140.4 | P11: 2000 | Q11: 3929.7 | R11: 3096.6667 | S11: =C11+E11+G11+I11+K11+O11+Q11 -> 10627 | T11: =D11+F11+H11+J11+L11+P11+R11 -> 19430 | V11: 66.66666 | W11: =SUM(S11+U11) -> 10627 | X11: =SUM(T11+V11) -> 19496.667 | Y11: Regenschauer/trocken | Z11: 11 | AA11: °C
A12: =SUM(A11+1) -> 7 | B12: Fr | C12: 16490.4 | D12: 8333.3333 | E12: 0 | F12: 2666.6667 | G12: 0 | H12: 333.33333 | I12: 0 | K12: 0 | L12: 3000 | M12: 0 | N12: 0 | O12: =M12+N12 -> 0 | P12: 2000 | Q12: 10362.2 | R12: 3096.6667 | S12: =C12+E12+G12+I12+K12+O12+Q12 -> 26852.6 | T12: =D12+F12+H12+J12+L12+P12+R12 -> 19430 | V12: 66.66666 | W12: =SUM(S12+U12) -> 26852.6 | X12: =SUM(T12+V12) -> 19496.667 | Y12: starke Regenschauer/Schneeregen | Z12: 5 | AA12: °C | AB12: Karfreitag
A13: =SUM(A12+1) -> 8 | B13: Sa | C13: 17023.3 | D13: 8333.3333 | E13: 77.4 | F13: 2666.6667 | G13: 112.8 | H13: 333.33333 | I13: 0 | K13: 1600 | L13: 3000 | M13: 0 | N13: 0 | O13: =M13+N13 -> 0 | P13: 2000 | Q13: 8919.2 | R13: 3096.6667 | S13: =C13+E13+G13+I13+K13+O13+Q13 -> 27732.7 | T13: =D13+F13+H13+J13+L13+P13+R13 -> 19430 | V13: 66.66666 | W13: =SUM(S13+U13) -> 27732.7 | X13: =SUM(T13+V13) -> 19496.667 | Y13: bewölkt / teils Regen | Z13: 8 | AA13: °C
A14: =SUM(A13+1) -> 9 | B14: So | C14: 20628.2 | D14: 8333.3333 | E14: 2062.3 | F14: 2666.6667 | G14: 1045.1 | H14: 333.33333 | I14: 0 | K14: 4669.1 | L14: 3000 | M14: 0 | N14: 0 | O14: =M14+N14 -> 0 | P14: 2000 | Q14: 8066.3 | R14: 3096.6667 | S14: =C14+E14+G14+I14+K14+O14+Q14 -> 36471 | T14: =D14+F14+H14+J14+L14+P14+R14 -> 19430 | V14: 66.66666 | W14: =SUM(S14+U14) -> 36471 | X14: =SUM(T14+V14) -> 19496.667 | Y14: ziemlich sonnig | Z14: 13 | AA14: °C | AB14: Ostersonntag
A15: KW | B15: =SUM(B7+1) -> 15 | C15: =SUM(C8:C14) -> 78297.8 | D15: =SUM(D8:D14) -> 58333.333 | E15: =SUM(E8:E14) -> 2495.5 | F15: =SUM(F8:F14) -> 18666.667 | G15: =SUM(G8:G14) -> 1913.5 | H15: =SUM(H8:H14) -> 2333.3333 | I15: =SUM(I8:I14) -> 0 | J15: =SUM(J8:J14) -> 0 | ... X15: =SUM(X8:X14) -> 136476.67 | Y15: Ø Temp | Z15: =SUM(Z8:Z14)/7 -> 8.4285714 | AA15: °C
A16: =SUM(A14+1) -> 10 | B16: Mo | C16: 13572 | D16: 8333.3333 | E16: 4225.8 | F16: 2666.6667 | G16: 719.3 | H16: 333.33333 | I16: 0 | K16: 5024 | L16: 3000 | M16: 0 | N16: 0 | O16: =M16+N16 -> 0 | P16: 2000 | Q16: 3569.1 | R16: 3096.6667 | S16: =C16+E16+G16+I16+K16+O16+Q16 -> 27110.2 | T16: =D16+F16+H16+J16+L16+P16+R16 -> 19430 | V16: 66.66666 | W16: =SUM(S16+U16) -> 27110.2 | X16: =SUM(T16+V16) -> 19496.667 | Y16: sonnig / bedeckt | Z16: 17 | AA16: °C | AB16: Ostermontag
A17: =SUM(A16+1) -> 11 | B17: Di | C17: 6530.6 | D17: 8333.3333 | E17: 0 | F17: 2666.6667 | G17: 0 | H17: 333.33333 | I17: 0 | K17: 0 | L17: 3000 | M17: 0 | N17: 0 | O17: =M17+N17 -> 0 | P17: 2000 | Q17: 3911.5 | R17: 3096.6667 | S17: =C17+E17+G17+I17+K17+O17+Q17 -> 10442.1 | T17: =D17+F17+H17+J17+L17+P17+R17 -> 19430 | V17: 66.66666 | W17: =SUM(S17+U17) -> 10442.1 | X17: =SUM(T17+V17) -> 19496.667 | Y17: regnerisch | Z17: 15 | AA17: °C
A18: =SUM(A17+1) -> 12 | B18: Mi | C18: 5186.9 | D18: 8333.3333 | E18: 10.2 | F18: 2666.6667 | G18: 0 | H18: 333.33333 | I18: 0 | K18: 1625.9 | L18: 3000 | M18: 0 | N18: 0 | O18: =M18+N18 -> 0 | P18: 2000 | Q18: 2828.04 | R18: 3096.6667 | S18: =C18+E18+G18+I18+K18+O18+Q18 -> 9651.04 | T18: =D18+F18+H18+J18+L18+P18+R18 -> 19430 | V18: 66.66666 | W18: =SUM(S18+U18) -> 9651.04 | X18: =SUM(T18+V18) -> 19496.667 | Y18: bedeckt, etwas Regen | Z18: 13 | AA18: °C
A19: =SUM(A18+1) -> 13 | B19: Do | C19: 8008.9 | D19: 8333.3333 | E19: 0 | F19: 2666.6667 | G19: 0 | H19: 333.33333 | I19: 0 | K19: 0 | L19: 3000 | M19: 0 | N19: 0 | O19: =M19+N19 -> 0 | P19: 2000 | Q19: 3645 | R19: 3096.6667 | S19: =C19+E19+G19+I19+K19+O19+Q19 -> 11653.9 | T19: =D19+F19+H19+J19+L19+P19+R19 -> 19430 | V19: 66.66666 | W19: =SUM(S19+U19) -> 11653.9 | X19: =SUM(T19+V19) -> 19496.667 | Y19: bedeckt, Regen | Z19: 5 | AA19: °C
A20: =SUM(A19+1) -> 14 | B20: Fr | C20: 8369.8 | D20: 8333.3333 | E20: 358 | F20: 2666.6667 | G20: 394.5 | H20: 333.33333 | I20: 0 | K20: 0 | L20: 3000 | M20: 830 | N20: 1335 | O20: =M20+N20 -> 2165 | P20: 2000 | Q20: 4963.2 | R20: 3096.6667 | S20: =C20+E20+G20+I20+K20+O20+Q20 -> 16250.5 | T20: =D20+F20+H20+J20+L20+P20+R20 -> 19430 | V20: 66.66666 | W20: =SUM(S20+U20) -> 16250.5 | X20: =SUM(T20+V20) -> 19496.667 | Y20: teilweise sonnig | Z20: 11 | AA20: °C
A21: =SUM(A20+1) -> 15 | B21: Sa | C21: 12740.7 | D21: 8333.3333 | E21: 0 | F21: 2666.6667 | G21: 75.3 | H21: 333.33333 | I21: 0 | K21: 6416.2 | L21: 3000 | M21: 0 | N21: 0 | O21: =M21+N21 -> 0 | P21: 2000 | Q21: 5849.8 | R21: 3096.6667 | S21: =C21+E21+G21+I21+K21+O21+Q21 -> 25082 | T21: =D21+F21+H21+J21+L21+P21+R21 -> 19430 | V21: 66.66666 | W21: =SUM(S21+U21) -> 25082 | X21: =SUM(T21+V21) -> 19496.667 | Y21: teils starker Regen | Z21: 8 | AA21: °C
A22: =SUM(A21+1) -> 16 | B22: So | C22: 12742.8 | D22: 8333.3333 | E22: 0 | F22: 2666.6667 | G22: 20.8 | H22: 333.33333 | I22: 0 | K22: 18989.3 | L22: 3000 | M22: 0 | N22: 0 | O22: =M22+N22 -> 0 | P22: 2000 | Q22: 2355.4 | R22: 3096.6667 | S22: =C22+E22+G22+I22+K22+O22+Q22 -> 34108.3 | T22: =D22+F22+H22+J22+L22+P22+R22 -> 19430 | V22: 66.66666 | W22: =SUM(S22+U22) -> 34108.3 | X22: =SUM(T22+V22) -> 19496.667 | Y22: regnerisch | Z22: 8 | AA22: °C
A23: KW | B23: =SUM(B15+1) -> 16 | C23: =SUM(C16:C22) -> 67151.7 | D23: =SUM(D16:D22) -> 58333.333 | E23: =SUM(E16:E22) -> 4594 | F23: =SUM(F16:F22) -> 18666.667 | G23: =SUM(G16:G22) -> 1209.9 | H23: =SUM(H16:H22) -> 2333.3333 | I23: =SUM(I16:I22) -> 0 | J23: =SUM(J16:J22) -> 0 | ... X23: =SUM(X16:X22) -> 136476.67 | Y23: Ø Temp | Z23: =SUM(Z16:Z22)/7 -> 11 | AA23: °C
A24: =SUM(A22+1) -> 17 | B24: Mo | C24: 4347.2 | D24: 8333.3333 | E24: 227.5 | F24: 2666.6667 | G24: 194.7 | H24: 333.33333 | I24: 0 | K24: 2663.2 | L24: 3000 | M24: 24 | N24: 480 | O24: =M24+N24 -> 504 | P24: 2000 | Q24: 5118.8 | R24: 3096.6667 | S24: =C24+E24+G24+I24+K24+O24+Q24 -> 13055.4 | T24: =D24+F24+H24+J24+L24+P24+R24 -> 19430 | V24: 66.66666 | W24: =SUM(S24+U24) -> 13055.4 | X24: =SUM(T24+V24) -> 19496.667 | Y24: ziemlich sonnig | Z24: 14 | AA24: °C
A25: =SUM(A24+1) -> 18 | B25: Di | C25: 5728.9 | D25: 8333.3333 | E25: 352.6 | F25: 2666.6667 | G25: 150.5 | H25: 333.33333 | I25: 0 | K25: 0 | L25: 3000 | M25: 1162.8 | N25: 7622 | O25: =M25+N25 -> 8784.8 | P25: 2000 | Q25: 7514.8 | R25: 3096.6667 | S25: =C25+E25+G25+I25+K25+O25+Q25 -> 22531.6 | T25: =D25+F25+H25+J25+L25+P25+R25 -> 19430 | V25: 66.66666 | W25: =SUM(S25+U25) -> 22531.6 | X25: =SUM(T25+V25) -> 19496.667 | Y25: bedeckt, leicht Regen | Z25: 12 | AA25: °C
A26: =SUM(A25+1) -> 19 | B26: Mi | C26: 9713.8 | D26: 8333.3333 | E26: 0 | F26: 2666.6667 | G26: 70.7 | H26: 333.33333 | I26: 0 | K26: 0 | L26: 3000 | M26: 284.3 | N26: 7056 | O26: =M26+N26 -> 7340.3 | P26: 2000 | Q26: 8089.2 | R26: 3096.6667 | S26: =C26+E26+G26+I26+K26+O26+Q26 -> 25214 | T26: =D26+F26+H26+J26+L26+P26+R26 -> 19430 | V26: 66.66666 | W26: =SUM(S26+U26) -> 25214 | X26: =SUM(T26+V26) -> 19496.667 | Y26: leichter Regen | Z26: 14 | AA26: °C
A27: =SUM(A26+1) -> 20 | B27: Do | C27: 4743.5 | D27: 8333.3333 | E27: 0 | F27: 2666.6667 | G27: 0 | H27: 333.33333 | I27: 0 | K27: 66 | L27: 3000 | M27: 0 | N27: 2519 | O27: =M27+N27 -> 2519 | P27: 2000 | Q27: 4133.4 | R27: 3096.6667 | S27: =C27+E27+G27+I27+K27+O27+Q27 -> 11461.9 | T27: =D27+F27+H27+J27+L27+P27+R27 -> 19430 | V27: 66.66666 | W27: =SUM(S27+U27) -> 11461.9 | X27: =SUM(T27+V27) -> 19496.667 | Y27: bedeckt, leichter Regen | Z27: 13 | AA27: °C
A28: =SUM(A27+1) -> 21 | B28: Fr | C28: 11122.1 | D28: 8333.3333 | E28: 201.7 | F28: 2666.6667 | G28: 18 | H28: 333.33333 | I28: 0 | K28: 3043.7 | L28: 3000 | M28: 0 | N28: 2020 | O28: =M28+N28 -> 2020 | P28: 2000 | Q28: 7648.1 | R28: 3096.6667 | S28: =C28+E28+G28+I28+K28+O28+Q28 -> 24053.6 | T28: =D28+F28+H28+J28+L28+P28+R28 -> 19430 | V28: 66.66666 | W28: =SUM(S28+U28) -> 24053.6 | X28: =SUM(T28+V28) -> 19496.667 | Y28: leichter Regen | Z28: 14 | AA28: °C
A29: =SUM(A28+1) -> 22 | B29: Sa | C29: 13439.7 | D29: 8333.3333 | E29: 3602.3 | F29: 2666.6667 | G29: 560.8 | H29: 333.33333 | I29: 0 | K29: 6693 | L29: 3000 | M29: 0 | N29: 1395 | O29: =M29+N29 -> 1395 | P29: 2000 | Q29: 7091.7 | R29: 3096.6667 | S29: =C29+E29+G29+I29+K29+O29+Q29 -> 32782.5 | T29: =D29+F29+H29+J29+L29+P29+R29 -> 19430 | V29: 66.66666 | W29: =SUM(S29+U29) -> 32782.5 | X29: =SUM(T29+V29) -> 19496.667 | Y29: bewölkt, regen, sonnig | Z29: 15 | AA29: °C
A30: =SUM(A29+1) -> 23 | B30: So | C30: 13882.8 | D30: 8333.3333 | E30: 1821.9 | F30: 2666.6667 | G30: 529.5 | H30: 333.33333 | I30: 0 | K30: 12913.3 | L30: 3000 | M30: 0 | N30: 0 | O30: =M30+N30 -> 0 | P30: 2000 | Q30: 3408.6 | R30: 3096.6667 | S30: =C30+E30+G30+I30+K30+O30+Q30 -> 32556.1 | T30: =D30+F30+H30+J30+L30+P30+R30 -> 19430 | V30: 66.66666 | W30: =SUM(S30+U30) -> 32556.1 | X30: =SUM(T30+V30) -> 19496.667 | Y30: bewölkt, regen, sonnig | Z30: 16 | AA30: °C
A31: KW | B31: =SUM(B23+1) -> 17 | C31: =SUM(C24:C30) -> 62978 | D31: =SUM(D24:D30) -> 58333.333 | E31: =SUM(E24:E30) -> 6206 | F31: =SUM(F24:F30) -> 18666.667 | G31: =SUM(G24:G30) -> 1524.2 | H31: =SUM(H24:H30) -> 2333.3333 | I31: =SUM(I24:I30) -> 0 | J31: =SUM(J24:J30) -> 0 | ... X31: =SUM(X24:X30) -> 136476.67 | Y31: Ø Temp | Z31: =SUM(Z24:Z30)/7 -> 14 | AA31: °C
A32: =SUM(A30+1) -> 24 | B32: Mo | C32: 7123.1 | D32: 8333.3333 | E32: 5.2 | F32: 2666.6667 | G32: 75 | H32: 333.33333 | I32: 0 | K32: 0 | L32: 3000 | M32: 0 | N32: 0 | O32: =M32+N32 -> 0 | P32: 2000 | Q32: 4694.7 | R32: 3096.6667 | S32: =C32+E32+G32+I32+K32+O32+Q32 -> 11898 | T32: =D32+F32+H32+J32+L32+P32+R32 -> 19430 | V32: 66.66666 | W32: =SUM(S32+U32) -> 11898 | X32: =SUM(T32+V32) -> 19496.667 | Y32: bedeckt, regen | Z32: 12 | AA32: °C
A33: =SUM(A32+1) -> 25 | B33: Di | C33: 6344.6 | D33: 8333.3333 | E33: 17.4 | F33: 2666.6667 | G33: 34.3 | H33: 333.33333 | I33: 0 | K33: 870.5 | L33: 3000 | M33: 0 | N33: 0 | O33: =M33+N33 -> 0 | P33: 2000 | Q33: 3050.21 | R33: 3096.6667 | S33: =C33+E33+G33+I33+K33+O33+Q33 -> 10317.01 | T33: =D33+F33+H33+J33+L33+P33+R33 -> 19430 | V33: 66.66666 | W33: =SUM(S33+U33) -> 10317.01 | X33: =SUM(T33+V33) -> 19496.667 | Y33: bedeckt, leichter Regen | Z33: 12 | AA33: °C
A34: =SUM(A33+1) -> 26 | B34: Mi | C34: 5178.3 | D34: 8333.3333 | E34: 2090.2 | F34: 2666.6667 | G34: 346 | H34: 333.33333 | I34: 0 | K34: 5923.6 | L34: 3000 | M34: 976.1 | N34: 4718 | O34: =M34+N34 -> 5694.1 | P34: 2000 | Q34: 7269.9 | R34: 3096.6667 | S34: =C34+E34+G34+I34+K34+O34+Q34 -> 26502.1 | T34: =D34+F34+H34+J34+L34+P34+R34 -> 19430 | V34: 66.66666 | W34: =SUM(S34+U34) -> 26502.1 | X34: =SUM(T34+V34) -> 19496.667 | Y34: Sonnig , wenig regen | Z34: 14 | AA34: °C
A35: =SUM(A34+1) -> 27 | B35: Do | C35: 5666 | D35: 8333.3333 | E35: 2598.701 | F35: 2666.6667 | G35: 966.6 | H35: 333.33333 | I35: 0 | K35: 0 | L35: 3000 | M35: 201.5 | N35: 5919 | O35: =M35+N35 -> 6120.5 | P35: 2000 | Q35: 2571.6 | R35: 3096.6667 | S35: =C35+E35+G35+I35+K35+O35+Q35 -> 17923.401 | T35: =D35+F35+H35+J35+L35+P35+R35 -> 19430 | V35: 66.66666 | W35: =SUM(S35+U35) -> 17923.401 | X35: =SUM(T35+V35) -> 19496.667 | Y35: sonnig | Z35: 16 | AA35: °C
A36: =SUM(A35+1) -> 28 | B36: Fr | C36: 9299 | D36: 8333.3333 | E36: 0 | F36: 2666.6667 | G36: 92.6 | H36: 333.33333 | I36: 0 | K36: 1832.9 | L36: 3000 | M36: 751.5 | N36: 4219.1 | O36: =M36+N36 -> 4970.6 | P36: 2000 | Q36: 8462.9 | R36: 3096.6667 | S36: =C36+E36+G36+I36+K36+O36+Q36 -> 24658 | T36: =D36+F36+H36+J36+L36+P36+R36 -> 19430 | V36: 66.66666 | W36: =SUM(S36+U36) -> 24658 | X36: =SUM(T36+V36) -> 19496.667 | Y36: Regen, wechselhaft, Gewitter & Hagel | Z36: 15 | AA36: °C
A37: =SUM(A36+1) -> 29 | B37: Sa | C37: 10680.2 | D37: 8333.3333 | E37: 3342.7 | F37: 2666.6667 | G37: 746.5 | H37: 333.33333 | I37: 0 | K37: 6570.4 | L37: 3000 | M37: 35.5 | N37: 2007 | O37: =M37+N37 -> 2042.5 | P37: 2000 | Q37: 10838.7 | R37: 3096.6667 | S37: =C37+E37+G37+I37+K37+O37+Q37 -> 34221 | T37: =D37+F37+H37+J37+L37+P37+R37 -> 19430 | V37: 66.66666 | W37: =SUM(S37+U37) -> 34221 | X37: =SUM(T37+V37) -> 19496.667 | Y37: Sonnig, bedeckt | Z37: 19 | AA37: °C
A38: =SUM(A37+1) -> 30 | B38: So | C38: 15682.6 | D38: 8333.3333 | E38: 307 | F38: 2666.6667 | G38: 170.2 | H38: 333.33333 | I38: 0 | K38: 4202.2 | L38: 3000 | M38: 129 | N38: 1136 | O38: =M38+N38 -> 1265 | P38: 2000 | Q38: 4302.2 | R38: 3096.6667 | S38: =C38+E38+G38+I38+K38+O38+Q38 -> 25929.2 | T38: =D38+F38+H38+J38+L38+P38+R38 -> 19430 | V38: 66.66666 | W38: =SUM(S38+U38) -> 25929.2 | X38: =SUM(T38+V38) -> 19496.667 | Y38: bedeckt, Regen | Z38: 16 | AA38: °C
A39: KW | B39: =SUM(B31+1) -> 18 | C39: =SUM(C32:C38) -> 59973.8 | D39: =SUM(D32:D38) -> 58333.333 | E39: =SUM(E32:E38) -> 8361.201 | F39: =SUM(F32:F38) -> 18666.667 | G39: =SUM(G32:G38) -> 2431.2 | H39: =SUM(H32:H38) -> 2333.3333 | I39: =SUM(I32:I38) -> 0 | J39: =SUM(J32:J38) -> 0 | ... X39: =SUM(X32:X38) -> 136476.67 | Y39: Ø Temp | Z39: =SUM(Z32:Z38)/5 -> 20.8 | AA39: °C
A40: Umsatz kumuliert | C40: =SUM(C7+C15+C23+C31+C39) -> 289865 | D40: =SUM(D7+D15+D23+D31+D39) -> 250000 | E40: =SUM(E7+E15+E23+E31+E39) -> 22135.201 | F40: =SUM(F7+F15+F23+F31+F39) -> 80000 | G40: =SUM(G7+G15+G23+G31+G39) -> 7621.2 | H40: =SUM(H7+H15+H23+H31+H39) -> 9999.9999 | I40: =SUM(I7+I15+I23+I31+I39) -> 0 | J40: =SUM(J7+J15+J23+J31+J39) -> 0 | ... X40: =SUM(X7+X15+X23+X31+X39) -> 584900 | Y40: Umsatz kumuliert
A41: Umsatz pro Tag | C41: =C40/30 -> 9662.1667 | D41: =D40/30 -> 8333.3333 | E41: =E40/30 -> 737.84003 | F41: =F40/30 -> 2666.6667 | G41: =G40/30 -> 254.04 | H41: =H40/30 -> 333.33333 | I41: =I40/30 -> 0 | J41: =J40/30 -> 0 | ... M41: =M40/30 -> 180.29 | P41: =P40/30 -> 2000 | Q41: =Q40/30 -> 5389.7557 | R41: =R40/30 -> 3096.6667 | S41: =S40/30 -> 21475.869 | T41: =T40/30 -> 19430 | U41: =U40/30 -> 0 | V41: =V40/30 -> 66.66666 | W41: =W40/30 -> 21475.869 | X41: =X40/30 -> 19496.667 | Y41: Budget pro Tag
A42: Diff. zu Budget | C42: =SUM(C40-D40) -> 39865 | E42: =SUM(E40-F40) -> -57864.799 | G42: =SUM(G40-H40) -> -2378.7999 | I42: =SUM(I40-J40) -> 0 | K42: =SUM(K40-L40) -> 14357.4 | O42: =SUM(O40-P40) -> -1395.4 | Q42: =SUM(Q40-R40) -> 68792.67 | S42: =SUM(S40-T40) -> 61376.072 | U42: =SUM(U40-V40) -> -1999.9998 | W42: =SUM(W40-X40) -> 59376.072
A43: Index | C43: =SUM(100/D40*C40) -> 115.946 | E43: =SUM(100/F40*E40) -> 27.669001 | G43: =SUM(100/H40*G40) -> 76.212001 | I43: =SUM(100/J40*I40) -> #DIV/0! | K43: =SUM(100/L40*K40) -> 115.95267 | O43: =SUM(100/P40*O40) -> 97.674333 | Q43: =SUM(100/R40*Q40) -> 174.05024 | S43: =SUM(100/T40*S40) -> 110.52943 | U43: =SUM(100/V40*U40) -> 0 | W43: =SUM(100/X40*W40) -> 110.15149

Sheet 05_23
A1: Tagesumsätze | H1: 45047
C3: Restaurant | E3: Terrasse | G3: Lounge | I3: Pavillon | K3: Bankett | M3: Seminar | Q3: Hotel | S3: TOTAL Gesamtbetrieb ohne Seebad | U3: Seebad | W3: TOTAL Gesamtbetrieb mit Seebad | Y3: Info's
C4: IST | D4: Budget | E4: IST | F4: Budget | G4: IST | H4: Budget | I4: IST | J4: Budget | K4: IST | L4: Budget | M4: IST/GN | N4: IST/ET | O4: TOTAL IST | P4: Budget | Q4: IST | R4: Budget | S4: IST | T4: Budget | U4: IST | V4: Budget | W4: IST | X4: Budget | Y4: Wetter | Z4: Temp. | AB4: Bemerkung
A5: 1 | B5: Mo | C5: 8048.3 | D5: 4838.7097 | E5: 16.6 | F5: 7096.7742 | G5: 18 | H5: 548.38709 | I5: 0 | J5: 483.87097 | K5: 0 | L5: 5483.871 | M5: 0 | N5: 1898 | O5: =M5+N5 -> 1898 | P5: 2258.0645 | Q5: 2149.8 | R5: 4477.4194 | S5: =SUM(C5+E5+G5+I5+K5+O5+Q5) -> 12130.7 | T5: =SUM(D5+F5+H5+J5+L5+P5+R5) -> 25187.097 | U5: 0 | V5: 967.74194 | W5: =SUM(S5+U5) -> 12130.7 | X5: =SUM(T5+V5) -> 26154.839 | Y5: Regen | Z5: 13 | AA5: °C
A6: =SUM(A5+1) -> 2 | B6: Di | C6: 7006.2 | D6: 4838.7097 | E6: 347.5 | F6: 7096.7742 | G6: 167.2 | H6: 548.38709 | I6: 0 | J6: 483.87097 | K6: 0 | L6: 5483.871 | M6: 272 | N6: 7701 | O6: =M6+N6 -> 7973 | P6: 2258.0645 | Q6: 3046.6 | R6: 4477.4194 | S6: =SUM(C6+E6+G6+I6+K6+O6+Q6) -> 18540.5 | T6: =SUM(D6+F6+H6+J6+L6+P6+R6) -> 25187.097 | U6: 0 | V6: 967.74194 | W6: =SUM(S6+U6) -> 18540.5 | X6: =SUM(T6+V6) -> 26154.839 | Y6: leicht bewölkt, regen | Z6: 18 | AA6: °C
A7: =SUM(A6+1) -> 3 | B7: Mi | C7: 8310.7 | D7: 4838.7097 | E7: 1958.9 | F7: 7096.7742 | G7: 497.8 | H7: 548.38709 | I7: 0 | J7: 483.87097 | K7: 0 | L7: 5483.871 | M7: 1696.1 | N7: 1581 | O7: =M7+N7 -> 3277.1 | P7: 2258.0645 | Q7: 5617.5 | R7: 4477.4194 | S7: =SUM(C7+E7+G7+I7+K7+O7+Q7) -> 19662 | T7: =SUM(D7+F7+H7+J7+L7+P7+R7) -> 25187.097 | U7: 0 | V7: 967.74194 | W7: =SUM(S7+U7) -> 19662 | X7: =SUM(T7+V7) -> 26154.839 | Y7: sonnig | Z7: 19 | AA7: °C
A8: =SUM(A7+1) -> 4 | B8: Do | C8: 4000.6 | D8: 4838.7097 | E8: 8567.9 | F8: 7096.7742 | G8: 576.3 | H8: 548.38709 | I8: 0 | J8: 483.87097 | K8: 9303.1 | L8: 5483.871 | M8: 0 | N8: 4838.5 | O8: =M8+N8 -> 4838.5 | P8: 2258.0645 | Q8: 7660.9 | R8: 4477.4194 | S8: =SUM(C8+E8+G8+I8+K8+O8+Q8) -> 34947.3 | T8: =SUM(D8+F8+H8+J8+L8+P8+R8) -> 25187.097 | U8: 214.5 | V8: 967.74194 | W8: =SUM(S8+U8) -> 35161.8 | X8: =SUM(T8+V8) -> 26154.839 | Y8: sonnig | Z8: 22 | AA8: °C
A9: =SUM(A8+1) -> 5 | B9: Fr | C9: 8525.4 | D9: 4838.7097 | E9: 3928.6 | F9: 7096.7742 | G9: 390 | H9: 548.38709 | I9: 0 | J9: 483.87097 | K9: 14482 | L9: 5483.871 | M9: 36 | N9: 4783 | O9: =M9+N9 -> 4819 | P9: 2258.0645 | Q9: 10124.1 | R9: 4477.4194 | S9: =SUM(C9+E9+G9+I9+K9+O9+Q9) -> 42269.1 | T9: =SUM(D9+F9+H9+J9+L9+P9+R9) -> 25187.097 | U9: 87 | V9: 967.74194 | W9: =SUM(S9+U9) -> 42356.1 | X9: =SUM(T9+V9) -> 26154.839 | Y9: Bewölkt, Regen | Z9: 22 | AA9: °C
A10: =SUM(A9+1) -> 6 | B10: Sa | C10: 8848.4 | D10: 4838.7097 | E10: 8342 | F10: 7096.7742 | G10: 1352.3 | H10: 548.38709 | I10: 600 | J10: 483.87097 | K10: 17914.8 | L10: 5483.871 | M10: 0 | N10: 1296 | O10: =M10+N10 -> 1296 | P10: 2258.0645 | Q10: 12258.5 | R10: 4477.4194 | S10: =SUM(C10+E10+G10+I10+K10+O10+Q10) -> 50612 | T10: =SUM(D10+F10+H10+J10+L10+P10+R10) -> 25187.097 | U10: 348.5 | V10: 967.74194 | W10: =SUM(S10+U10) -> 50960.5 | X10: =SUM(T10+V10) -> 26154.839 | Y10: teilweise sonnig | Z10: 21 | AA10: °C
A11: =SUM(A10+1) -> 7 | B11: So | C11: 15394.9 | D11: 4838.7097 | E11: 2992.1 | F11: 7096.7742 | G11: 386.8 | H11: 548.38709 | I11: 0 | J11: 483.87097 | K11: 8706.2 | L11: 5483.871 | M11: 0 | N11: 0 | O11: =M11+N11 -> 0 | P11: 2258.0645 | Q11: 2837.1 | R11: 4477.4194 | S11: =SUM(C11+E11+G11+I11+K11+O11+Q11) -> 30317.1 | T11: =SUM(D11+F11+H11+J11+L11+P11+R11) -> 25187.097 | U11: 0 | V11: 967.74194 | W11: =SUM(S11+U11) -> 30317.1 | X11: =SUM(T11+V11) -> 26154.839 | Y11: sonne/Wolken/starker Regen | Z11: 19 | AA11: °C
A12: KW | B12: 19 | C12: =SUM(C5:C11) -> 60134.5 | D12: =SUM(D5:D11) -> 33870.968 | E12: =SUM(E5:E11) -> 26153.6 | F12: =SUM(F5:F11) -> 49677.419 | G12: =SUM(G5:G11) -> 3388.4 | H12: =SUM(H5:H11) -> 3838.7096 | I12: =SUM(I5:I11) -> 600 | J12: =SUM(J5:J11) -> 3387.0968 | ... X12: =SUM(X5:X11) -> 183083.87 | Y12: Ø Temp | Z12: =SUM(Z5:Z11)/7 -> 19.142857 | AA12: °C
A13: =SUM(A11+1) -> 8 | B13: Mo | C13: =6908-1490.5 -> 5417.5 | D13: 4838.7097 | E13: 235.4 | F13: 7096.7742 | G13: 316.8 | H13: 548.38709 | I13: 0 | J13: 483.87097 | K13: 125 | L13: 5483.871 | M13: 1060.3 | N13: 5446 | O13: =M13+N13 -> 6506.3 | P13: 2258.0645 | Q13: 5103 | R13: 4477.4194 | S13: =SUM(C13+E13+G13+I13+K13+O13+Q13) -> 17704 | T13: =SUM(D13+F13+H13+J13+L13+P13+R13) -> 25187.097 | U13: 0 | V13: 967.74194 | W13: =SUM(S13+U13) -> 17704 | X13: =SUM(T13+V13) -> 26154.839 | Y13: leicht regen, trockene Abschnitte | Z13: 20 | AA13: °C
A14: =SUM(A13+1) -> 9 | B14: Di | C14: 4981.1 | D14: 4838.7097 | E14: 2474.4 | F14: 7096.7742 | G14: 195.6 | H14: 548.38709 | I14: 0 | J14: 483.87097 | K14: 1429.2 | L14: 5483.871 | M14: 1937.8 | N14: 6744 | O14: =M14+N14 -> 8681.8 | P14: 2258.0645 | Q14: 7196.9 | R14: 4477.4194 | S14: =SUM(C14+E14+G14+I14+K14+O14+Q14) -> 24959 | T14: =SUM(D14+F14+H14+J14+L14+P14+R14) -> 25187.097 | U14: 0 | V14: 967.74194 | W14: =SUM(S14+U14) -> 24959 | X14: =SUM(T14+V14) -> 26154.839 | Y14: bedeckt, Regen | Z14: 20 | AA14: °C
A15: =SUM(A14+1) -> 10 | B15: Mi | C15: =5209.6-1140.5 -> 4069.1 | D15: 4838.7097 | E15: 46.8 | F15: 7096.7742 | G15: 5.1 | H15: 548.38709 | I15: 0 | J15: 483.87097 | K15: 3636.3 | L15: 5483.871 | M15: 364.7 | N15: 5426 | O15: =M15+N15 -> 5790.7 | P15: 2258.0645 | Q15: 5322.2 | R15: 4477.4194 | S15: =SUM(C15+E15+G15+I15+K15+O15+Q15) -> 18870.2 | T15: =SUM(D15+F15+H15+J15+L15+P15+R15) -> 25187.097 | U15: 0 | V15: 967.74194 | W15: =SUM(S15+U15) -> 18870.2 | X15: =SUM(T15+V15) -> 26154.839 | Y15: Regen, Gewitter | Z15: 15 | AA15: °C
A16: =SUM(A15+1) -> 11 | B16: Do | C16: 7694.5 | D16: 4838.7097 | E16: 0 | F16: 7096.7742 | G16: 24.9 | H16: 548.38709 | I16: 0 | J16: 483.87097 | K16: 0 | L16: 5483.871 | M16: 945 | N16: 8565 | O16: =M16+N16 -> 9510 | P16: 2258.0645 | Q16: 7414.75 | R16: 4477.4194 | S16: =SUM(C16+E16+G16+I16+K16+O16+Q16) -> 24644.15 | T16: =SUM(D16+F16+H16+J16+L16+P16+R16) -> 25187.097 | U16: 0 | V16: 967.74194 | W16: =SUM(S16+U16) -> 24644.15 | X16: =SUM(T16+V16) -> 26154.839 | Y16: bedeckt, Regen | Z16: 16 | AA16: °C
A17: =SUM(A16+1) -> 12 | B17: Fr | C17: 10586.6 | D17: 4838.7097 | E17: 365.8 | F17: 7096.7742 | G17: 533.3 | H17: 548.38709 | I17: 0 | J17: 483.87097 | K17: 0 | L17: 5483.871 | M17: 20 | N17: 5704.6 | O17: =M17+N17 -> 5724.6 | P17: 2258.0645 | Q17: 4574.5 | R17: 4477.4194 | S17: =SUM(C17+E17+G17+I17+K17+O17+Q17) -> 21784.8 | T17: =SUM(D17+F17+H17+J17+L17+P17+R17) -> 25187.097 | U17: 0 | V17: 967.74194 | W17: =SUM(S17+U17) -> 21784.8 | X17: =SUM(T17+V17) -> 26154.839 | Y17: wechselnd bewölkt | Z17: 18 | AA17: °C
A18: =SUM(A17+1) -> 13 | B18: Sa | C18: =13871.85+841.8 -> 14713.65 | D18: 4838.7097 | E18: 0 | F18: 7096.7742 | G18: 56.5 | H18: 548.38709 | I18: 1551 | J18: 483.87097 | K18: =21691.2 -> 21691.2 | L18: 5483.871 | M18: 0 | N18: 0 | O18: =M18+N18 -> 0 | P18: 2258.0645 | Q18: 8741.4 | R18: 4477.4194 | S18: =SUM(C18+E18+G18+I18+K18+O18+Q18) -> 46753.75 | T18: =SUM(D18+F18+H18+J18+L18+P18+R18) -> 25187.097 | U18: 0 | V18: 967.74194 | W18: =SUM(S18+U18) -> 46753.75 | X18: =SUM(T18+V18) -> 26154.839 | Y18: Regen, bedeckt | Z18: 14 | AA18: °C
A19: =SUM(A18+1) -> 14 | B19: So | C19: =32826.5-841.8 -> 31984.7 | D19: 4838.7097 | E19: 409.6 | F19: 7096.7742 | G19: 155.8 | H19: 548.38709 | I19: 0 | J19: 483.87097 | K19: 2278.3 | L19: 5483.871 | M19: 612.4 | N19: 0 | O19: =M19+N19 -> 612.4 | P19: 2258.0645 | Q19: 3407.3 | R19: 4477.4194 | S19: =SUM(C19+E19+G19+I19+K19+O19+Q19) -> 38848.1 | T19: =SUM(D19+F19+H19+J19+L19+P19+R19) -> 25187.097 | U19: 0 | V19: 967.74194 | W19: =SUM(S19+U19) -> 38848.1 | X19: =SUM(T19+V19) -> 26154.839 | Y19: bedeckt, Regen, Gewitter | Z19: 14 | AA19: °C | AB19: Muttertag
A20: KW | B20: =SUM(B12+1) -> 20 | C20: =SUM(C13:C19) -> 79447.15 | D20: =SUM(D13:D19) -> 33870.968 | E20: =SUM(E13:E19) -> 3532 | F20: =SUM(F13:F19) -> 49677.419 | G20: =SUM(G13:G19) -> 1288 | H20: =SUM(H13:H19) -> 3838.7096 | I20: =SUM(I13:I19) -> 1551 | J20: =SUM(J13:J19) -> 3387.0968 | ... X20: =SUM(X13:X19) -> 183083.87 | Y20: Ø Temp | Z20: =SUM(Z13:Z19)/7 -> 16.714286 | AA20: °C
A21: =SUM(A19+1) -> 15 | B21: Mo | C21: 5685.1 | D21: 4838.7097 | E21: 103.2 | F21: 7096.7742 | G21: 119.7 | H21: 548.38709 | I21: 0 | J21: 483.87097 | K21: 0 | L21: 5483.871 | M21: 1553.6 | N21: 4055 | O21: =M21+N21 -> 5608.6 | P21: 2258.0645 | Q21: 6142.6 | R21: 4477.4194 | S21: =SUM(C21+E21+G21+I21+K21+O21+Q21) -> 17659.2 | T21: =SUM(D21+F21+H21+J21+L21+P21+R21) -> 25187.097 | U21: 0 | V21: 967.74194 | W21: =SUM(S21+U21) -> 17659.2 | X21: =SUM(T21+V21) -> 26154.839 | Y21: Regen, trockene Abschnitte, bedeckt | Z21: 15 | AA21: °C
A22: =SUM(A21+1) -> 16 | B22: Di | C22: 5930 | D22: 4838.7097 | E22: 0 | F22: 7096.7742 | G22: 5.1 | H22: 548.38709 | I22: 0 | J22: 483.87097 | K22: 0 | L22: 5483.871 | M22: 1283.3 | N22: 7019 | O22: =M22+N22 -> 8302.3 | P22: 2258.0645 | Q22: 5018.35 | R22: 4477.4194 | S22: =SUM(C22+E22+G22+I22+K22+O22+Q22) -> 19255.75 | T22: =SUM(D22+F22+H22+J22+L22+P22+R22) -> 25187.097 | U22: 0 | V22: 967.74194 | W22: =SUM(S22+U22) -> 19255.75 | X22: =SUM(T22+V22) -> 26154.839 | Y22: starker Regen | Z22: 11 | AA22: °C
A23: =SUM(A22+1) -> 17 | B23: Mi | C23: 10195.6 | D23: 4838.7097 | E23: 0 | F23: 7096.7742 | G23: 43 | H23: 548.38709 | I23: 0 | J23: 483.87097 | K23: 1970 | L23: 5483.871 | M23: 0 | N23: 2083 | O23: =M23+N23 -> 2083 | P23: 2258.0645 | Q23: 5301.65 | R23: 4477.4194 | S23: =SUM(C23+E23+G23+I23+K23+O23+Q23) -> 19593.25 | T23: =SUM(D23+F23+H23+J23+L23+P23+R23) -> 25187.097 | U23: 0 | V23: 967.74194 | W23: =SUM(S23+U23) -> 19593.25 | X23: =SUM(T23+V23) -> 26154.839 | Y23: bedeckt | Z23: 12 | AA23: °C
A24: =SUM(A23+1) -> 18 | B24: Do | C24: 19714.68 | D24: 4838.7097 | E24: 670.6 | F24: 7096.7742 | G24: 468.7 | H24: 548.38709 | I24: 0 | J24: 483.87097 | K24: 0 | L24: 5483.871 | M24: 17.2 | N24: 0 | O24: =M24+N24 -> 17.2 | P24: 2258.0645 | Q24: 8485.2 | R24: 4477.4194 | S24: =SUM(C24+E24+G24+I24+K24+O24+Q24) -> 29356.38 | T24: =SUM(D24+F24+H24+J24+L24+P24+R24) -> 25187.097 | U24: 0 | V24: 967.74194 | W24: =SUM(S24+U24) -> 29356.38 | X24: =SUM(T24+V24) -> 26154.839 | Y24: bedeckt, etwas Regen | Z24: 13 | AA24: °C | AB24: Auffahrt
A25: =SUM(A24+1) -> 19 | B25: Fr | C25: 12377.9 | D25: 4838.7097 | E25: 74.7 | F25: 7096.7742 | G25: 237 | H25: 548.38709 | I25: 6565 | J25: 483.87097 | K25: 20200 | L25: 5483.871 | M25: 0 | N25: 0 | O25: =M25+N25 -> 0 | P25: 2258.0645 | Q25: 10382.1 | R25: 4477.4194 | S25: =SUM(C25+E25+G25+I25+K25+O25+Q25) -> 49836.7 | T25: =SUM(D25+F25+H25+J25+L25+P25+R25) -> 25187.097 | U25: 0 | V25: 967.74194 | W25: =SUM(S25+U25) -> 49836.7 | X25: =SUM(T25+V25) -> 26154.839 | Y25: Bewölkt | Z25: 15 | AA25: °C
A26: =SUM(A25+1) -> 20 | B26: Sa | C26: 12620.4 | D26: 4838.7097 | E26: 101.6 | F26: 7096.7742 | G26: 275.1 | H26: 548.38709 | I26: 4257 | J26: 483.87097 | K26: 11060 | L26: 5483.871 | M26: 0 | N26: 0 | O26: =M26+N26 -> 0 | P26: 2258.0645 | Q26: 10579.15 | R26: 4477.4194 | S26: =SUM(C26+E26+G26+I26+K26+O26+Q26) -> 38893.25 | T26: =SUM(D26+F26+H26+J26+L26+P26+R26) -> 25187.097 | U26: 0 | V26: 967.74194 | W26: =SUM(S26+U26) -> 38893.25 | X26: =SUM(T26+V26) -> 26154.839 | Y26: bedeckt | Z26: 19 | AA26: °C
A27: =SUM(A26+1) -> 21 | B27: So | C27: 5102.4 | D27: 4838.7097 | E27: 17268.5 | F27: 7096.7742 | G27: 1350.4 | H27: 548.38709 | I27: 0 | J27: 483.87097 | K27: 1326.6 | L27: 5483.871 | M27: 0 | N27: 0 | O27: =M27+N27 -> 0 | P27: 2258.0645 | Q27: 3867.6 | R27: 4477.4194 | S27: =SUM(C27+E27+G27+I27+K27+O27+Q27) -> 28915.5 | T27: =SUM(D27+F27+H27+J27+L27+P27+R27) -> 25187.097 | U27: 1660.6 | V27: 967.74194 | W27: =SUM(S27+U27) -> 30576.1 | X27: =SUM(T27+V27) -> 26154.839 | Y27: bedeckt, sonnig | Z27: 22 | AA27: °C
A28: KW | B28: =SUM(B20+1) -> 21 | C28: =SUM(C21:C27) -> 71626.08 | D28: =SUM(D21:D27) -> 33870.968 | E28: =SUM(E21:E27) -> 18218.6 | F28: =SUM(F21:F27) -> 49677.419 | G28: =SUM(G21:G27) -> 2499 | H28: =SUM(H21:H27) -> 3838.7096 | I28: =SUM(I21:I27) -> 10822 | J28: =SUM(J21:J27) -> 3387.0968 | ... X28: =SUM(X21:X27) -> 183083.87 | Y28: Ø Temp | Z28: =SUM(Z21:Z27)/7 -> 15.285714 | AA28: °C
A29: =SUM(A27+1) -> 22 | B29: Mo | C29: =95+1506.9 -> 1601.9 | D29: 4838.7097 | E29: 11152.3 | F29: 7096.7742 | G29: 904.3 | H29: 548.38709 | I29: 0 | J29: 483.87097 | K29: 0 | L29: 5483.871 | M29: 62.8 | N29: 3272 | O29: =M29+N29 -> 3334.8 | P29: 2258.0645 | Q29: 4592.2 | R29: 4477.4194 | S29: =SUM(C29+E29+G29+I29+K29+O29+Q29) -> 21585.5 | T29: =SUM(D29+F29+H29+J29+L29+P29+R29) -> 25187.097 | U29: 1201.3 | V29: 967.74194 | W29: =SUM(S29+U29) -> 22786.8 | X29: =SUM(T29+V29) -> 26154.839 | Y29: ziemlich sonnig, später Regen | Z29: 24 | AA29: °C
A30: =SUM(A29+1) -> 23 | B30: Di | C30: =6300.7 -> 6300.7 | D30: 4838.7097 | E30: -666.1 | F30: 7096.7742 | G30: 512.8 | H30: 548.38709 | I30: 0 | J30: 483.87097 | K30: 8456.1 | L30: 5483.871 | M30: 1256.2 | N30: 5739 | O30: =M30+N30 -> 6995.2 | P30: 2258.0645 | Q30: 5408.9 | R30: 4477.4194 | S30: =SUM(C30+E30+G30+I30+K30+O30+Q30) -> 27007.6 | T30: =SUM(D30+F30+H30+J30+L30+P30+R30) -> 25187.097 | U30: 0 | V30: 967.74194 | W30: =SUM(S30+U30) -> 27007.6 | X30: =SUM(T30+V30) -> 26154.839 | Y30: bedeckt, leicht Regen | Z30: 21 | AA30: °C
A31: =SUM(A30+1) -> 24 | B31: Mi | C31: 9664.3 | D31: 4838.7097 | E31: 72.6 | F31: 7096.7742 | G31: 0 | H31: 548.38709 | I31: 0 | J31: 483.87097 | K31: 3152 | L31: 5483.871 | M31: 72 | N31: 3932.5 | O31: =M31+N31 -> 4004.5 | P31: 2258.0645 | Q31: 2942.1 | R31: 4477.4194 | S31: =SUM(C31+E31+G31+I31+K31+O31+Q31) -> 19835.5 | T31: =SUM(D31+F31+H31+J31+L31+P31+R31) -> 25187.097 | U31: 0 | V31: 967.74194 | W31: =SUM(S31+U31) -> 19835.5 | X31: =SUM(T31+V31) -> 26154.839 | Y31: bedeckt | Z31: 14 | AA31: °C
A32: =SUM(A31+1) -> 25 | B32: Do | C32: 6614.2 | D32: 4838.7097 | E32: 331.9 | F32: 7096.7742 | G32: 314.4 | H32: 548.38709 | I32: 0 | J32: 483.87097 | K32: 0 | L32: 5483.871 | M32: 688.4 | N32: 9489 | O32: =M32+N32 -> 10177.4 | P32: 2258.0645 | Q32: 5139.2 | R32: 4477.4194 | S32: =SUM(C32+E32+G32+I32+K32+O32+Q32) -> 22577.1 | T32: =SUM(D32+F32+H32+J32+L32+P32+R32) -> 25187.097 | U32: 372 | V32: 967.74194 | W32: =SUM(S32+U32) -> 22949.1 | X32: =SUM(T32+V32) -> 26154.839 | Y32: bewölkt | Z32: 16 | AA32: °C
A33: =SUM(A32+1) -> 26 | B33: Fr | C33: 1056.6 | D33: 4838.7097 | E33: 15907.3 | F33: 7096.7742 | G33: 719.2 | H33: 548.38709 | I33: 0 | J33: 483.87097 | K33: 4491.2 | L33: 5483.871 | M33: 99.1 | N33: 8231 | O33: =M33+N33 -> 8330.1 | P33: 2258.0645 | Q33: 8411.3 | R33: 4477.4194 | S33: =SUM(C33+E33+G33+I33+K33+O33+Q33) -> 38915.7 | T33: =SUM(D33+F33+H33+J33+L33+P33+R33) -> 25187.097 | U33: 1035.5 | V33: 967.74194 | W33: =SUM(S33+U33) -> 39951.2 | X33: =SUM(T33+V33) -> 26154.839 | Y33: ziemelich sonnig | Z33: 17 | AA33: °C
A34: =SUM(A33+1) -> 27 | B34: Sa | C34: 3366.7 | D34: 4838.7097 | E34: 18222.8 | F34: 7096.7742 | G34: 948.6 | H34: 548.38709 | I34: 2222.5 | J34: 483.87097 | K34: 16018.4 | L34: 5483.871 | M34: 0 | N34: 0 | O34: =M34+N34 -> 0 | P34: 2258.0645 | Q34: 12378.78 | R34: 4477.4194 | S34: =SUM(C34+E34+G34+I34+K34+O34+Q34) -> 53157.78 | T34: =SUM(D34+F34+H34+J34+L34+P34+R34) -> 25187.097 | U34: 2003.9 | V34: 967.74194 | W34: =SUM(S34+U34) -> 55161.68 | X34: =SUM(T34+V34) -> 26154.839 | Y34: sonnig | Z34: 17 | AA34: °C
A35: =SUM(A34+1) -> 28 | B35: So | C35: 3959.1 | D35: 4838.7097 | E35: 27010.3 | F35: 7096.7742 | G35: 1998.1 | H35: 548.38709 | I35: 0 | J35: 483.87097 | K35: 7539.2 | L35: 5483.871 | M35: 0 | N35: 0 | O35: =M35+N35 -> 0 | P35: 2258.0645 | Q35: 13900.5 | R35: 4477.4194 | S35: =SUM(C35+E35+G35+I35+K35+O35+Q35) -> 54407.2 | T35: =SUM(D35+F35+H35+J35+L35+P35+R35) -> 25187.097 | U35: 4108.5 | V35: 967.74194 | W35: =SUM(S35+U35) -> 58515.7 | X35: =SUM(T35+V35) -> 26154.839 | Y35: sonnig | Z35: 23 | AA35: °C | AB35: Pfingsten
A36: KW | B36: =SUM(B28+1) -> 22 | C36: =SUM(C29:C35) -> 32563.5 | D36: =SUM(D29:D35) -> 33870.968 | E36: =SUM(E29:E35) -> 72031.1 | F36: =SUM(F29:F35) -> 49677.419 | G36: =SUM(G29:G35) -> 5397.4 | H36: =SUM(H29:H35) -> 3838.7096 | I36: =SUM(I29:I35) -> 2222.5 | J36: =SUM(J29:J35) -> 3387.0968 | ... X36: =SUM(X29:X35) -> 183083.87 | Y36: Ø Temp | Z36: =SUM(Z29:Z35)/7 -> 18.857143 | AA36: °C
A37: =A35+1 -> 29 | B37: Mo | C37: =2472.3+165 -> 2637.3 | D37: 4838.7097 | E37: 24853.1 | F37: 7096.7742 | G37: 1350.3 | H37: 548.38709 | I37: 0 | J37: 483.87097 | K37: 5246.5 | L37: 5483.871 | M37: 0 | N37: 0 | O37: =M37+N37 -> 0 | P37: 2258.0645 | Q37: 5282.5 | R37: 4477.4194 | S37: =SUM(C37+E37+G37+I37+K37+O37+Q37) -> 39369.7 | T37: =SUM(D37+F37+H37+J37+L37+P37+R37) -> 25187.097 | U37: 5229.6 | V37: 967.74194 | W37: =S37+U37 -> 44599.3 | X37: =SUM(T37+V37) -> 26154.839 | Y37: sonnig | Z37: 24 | AA37: °C | AB37: Pfingst-Montag
A38: =A37+1 -> 30 | B38: Di | C38: =21.7-607 -> -585.3 | D38: 4838.7097 | E38: 11894.9 | F38: 7096.7742 | G38: 578 | H38: 548.38709 | I38: 0 | J38: 483.87097 | K38: 744.5 | L38: 5483.871 | M38: 768.1 | N38: 1108 | O38: =M38+N38 -> 1876.1 | P38: 2258.0645 | Q38: 3643.7 | R38: 4477.4194 | S38: =SUM(C38+E38+G38+I38+K38+O38+Q38) -> 18151.9 | T38: =SUM(D38+F38+H38+J38+L38+P38+R38) -> 25187.097 | U38: 1169 | V38: 967.74194 | W38: =S38+U38 -> 19320.9 | X38: =SUM(T38+V38) -> 26154.839 | Y38: sonnig | Z38: 18 | AA38: °C
A39: =A38+1 -> 31 | B39: Mi | C39: 222.5 | D39: 4838.7097 | E39: 14287.45 | F39: 7096.7742 | G39: 626.8 | H39: 548.38709 | I39: 0 | J39: 483.87097 | K39: 214.2 | L39: 5483.871 | M39: 181 | N39: 1570 | O39: =M39+N39 -> 1751 | P39: 2258.0645 | Q39: 4629.3 | R39: 4477.4194 | S39: =SUM(C39+E39+G39+I39+K39+O39+Q39) -> 21731.25 | T39: =SUM(D39+F39+H39+J39+L39+P39+R39) -> 25187.097 | U39: 1410 | V39: 967.74194 | W39: =S39+U39 -> 23141.25 | X39: =SUM(T39+V39) -> 26154.839 | Y39: teilweise sonnig | Z39: 23 | AA39: °C
A40: KW | B40: =SUM(B36+1) -> 23 | C40: =SUM(C37:C39) -> 2274.5 | D40: =SUM(D37:D39) -> 14516.129 | E40: =SUM(E37:E39) -> 51035.45 | F40: =SUM(F37:F39) -> 21290.323 | G40: =SUM(G37:G39) -> 2555.1 | H40: =SUM(H37:H39) -> 1645.1613 | I40: =SUM(I37:I39) -> 0 | J40: =SUM(J37:J39) -> 1451.6129 | ... X40: =SUM(X37:X39) -> 78464.516 | Y40: Ø Temp | Z40: 0 | AA40: °C
A41: Umsatz kumuliert | C41: =C12+C20+C28+C36+C40 -> 246045.73 | D41: =D12+D20+D28+D36+D40 -> 150000 | E41: =E12+E20+E28+E36+E40 -> 170970.75 | F41: =F12+F20+F28+F36+F40 -> 220000 | G41: =G12+G20+G28+G36+G40 -> 15127.9 | H41: =H12+H20+H28+H36+H40 -> 17000 | I41: =I12+I20+I28+I36+I40 -> 15195.5 | J41: =J12+J20+J28+J36+J40 -> 15000 | ... X41: =X12+X20+X28+X36+X40 -> 810800 | Y41: Umsatz kumuliert
A42: Umsatz pro Tag | C42: =C41/31 -> 7936.959 | D42: =D41/31 -> 4838.7097 | E42: =E41/31 -> 5515.1855 | F42: =F41/31 -> 7096.7742 | G42: =G41/31 -> 487.99677 | H42: =H41/31 -> 548.38709 | I42: =I41/31 -> 490.17742 | J42: =J41/31 -> 483.87097 | ... M42: =M41/31 -> 416.96774 | P42: =P41/31 -> 2258.0645 | Q42: =Q41/31 -> 6501.9252 | R42: =R41/31 -> 4477.4194 | S42: =S41/31 -> 29751.354 | T42: =T41/31 -> 25187.097 | U42: =U41/31 -> 607.75484 | V42: =V41/31 -> 967.74194 | W42: =W41/31 -> 30359.108 | X42: =X41/31 -> 26154.839 | Y42: Budget pro Tag
A43: Diff. zu Budget | C43: =SUM(C41-D41) -> 96045.73 | E43: =SUM(E41-F41) -> -49029.25 | G43: =SUM(G41-H41) -> -1872.0998 | I43: =SUM(I41-J41) -> 195.50002 | K43: =SUM(K41-L41) -> -10015.2 | O43: =SUM(M41-P41) -> -57074 | Q43: =SUM(Q41-R41) -> 62759.68 | S43: =SUM(S41-T41) -> 141491.96 | U43: =SUM(U41-V41) -> -11159.6 | W43: =SUM(W41-X41) -> 130332.36
A44: Index | C44: =SUM(100/D41*C41) -> 164.03049 | E44: =SUM(100/F41*E41) -> 77.713977 | G44: =SUM(100/H41*G41) -> 88.987648 | I44: =SUM(100/J41*I41) -> 101.30333 | K44: =SUM(100/L41*K41) -> 94.108706 | O44: =SUM(100/P41*M41) -> 18.465714 | Q44: =SUM(100/R41*Q41) -> 145.21591 | S44: =SUM(100/T41*S41) -> 118.12141 | U44: =SUM(100/V41*U41) -> 62.801333 | W44: =SUM(100/X41*W41) -> 116.07454

Sheet 06_23
A1: Tagesumsätze | H1: 45078 | O1: Rekord
C3: Restaurant | E3: Terrasse | G3: Lounge | I3: Pavillon | K3: Bankett | M3: Seminar | Q3: Hotel | S3: TOTAL Gesamtbetrieb ohne Seebad | U3: Seebad | W3: TOTAL Gesamtbetrieb mit Seebad | Y3: Info's
C4: IST | D4: Budget | E4: IST | F4: Budget | G4: IST | H4: Budget | I4: IST | J4: Budget | K4: IST | L4: Budget | M4: IST/GN | N4: IST/ET | O4: TOTAL IST | P4: Budget | Q4: IST | S4: IST | T4: Budget | U4: IST | V4: Budget | W4: IST | X4: Budget | Y4: Wetter | Z4: Temp. | AB4: Bemerkung
A5: 1 | B5: Do | C5: 622.4 | D5: 4333.3333 | E5: 16325 | F5: 10666.667 | G5: 860.9 | H5: 666.66666 | I5: 0 | J5: 666.66666 | K5: -75 | L5: 5333.3333 | M5: 30 | N5: 2352 | O5: =M5+N5 -> 2382 | P5: 3000 | Q5: 6108.7 | R5: 5873.3333 | S5: =SUM(C5+E5+G5+I5+K5+O5+Q5) -> 26224 | T5: =SUM(D5+F5+H5+J5+L5+P5+R5) -> 30540 | U5: 2116.5 | V5: 2333.3333 | W5: =SUM(S5+U5) -> 28340.5 | X5: =SUM(T5+V5) -> 32873.333 | Y5: sonnig | Z5: 22 | AA5: °C
A6: =SUM(A5+1) -> 2 | B6: Fr | C6: 708.8 | D6: 4333.3333 | E6: 18605.5 | F6: 10666.667 | G6: 774.2 | H6: 666.66666 | I6: 3363 | J6: 666.66666 | K6: =15918.4-3363 -> 12555.4 | L6: 5333.3333 | M6: 328 | N6: 3270 | O6: =M6+N6 -> 3598 | P6: 3000 | Q6: 8546.9 | R6: 5873.3333 | S6: =SUM(C6+E6+G6+I6+K6+O6+Q6) -> 48151.8 | T6: =SUM(D6+F6+H6+J6+L6+P6+R6) -> 30540 | U6: 2530.8 | V6: 2333.3333 | W6: =SUM(S6+U6) -> 50682.6 | X6: =SUM(T6+V6) -> 32873.333 | Y6: sonnig | Z6: 25 | AA6: °C
A7: =SUM(A6+1) -> 3 | B7: Sa | C7: 5350 | D7: 4333.3333 | E7: 20013.1 | F7: 10666.667 | G7: 1658.2 | H7: 666.66666 | I7: 0 | J7: 666.66666 | K7: 11152.7 | L7: 5333.3333 | M7: 2000 | N7: 1680 | O7: =M7+N7 -> 3680 | P7: 3000 | Q7: 13713 | R7: 5873.3333 | S7: =SUM(C7+E7+G7+I7+K7+O7+Q7) -> 55567 | T7: =SUM(D7+F7+H7+J7+L7+P7+R7) -> 30540 | U7: 3828.6 | V7: 2333.3333 | W7: =SUM(S7+U7) -> 59395.6 | X7: =SUM(T7+V7) -> 32873.333 | Y7: hohe Wolkenfelder, sonnig | Z7: 25 | AA7: °C
A8: =SUM(A7+1) -> 4 | B8: So | C8: 2496.3 | D8: 4333.3333 | E8: =19266.3-1331.1 -> 17935.2 | F8: 10666.667 | G8: 673.48 | H8: 666.66666 | I8: 0 | J8: 666.66666 | K8: 10794.9 | L8: 5333.3333 | M8: -2000 | N8: 0 | O8: =M8+N8 -> -2000 | P8: 3000 | Q8: 5905.6 | R8: 5873.3333 | S8: =SUM(C8+E8+G8+I8+K8+O8+Q8) -> 35805.48 | T8: =SUM(D8+F8+H8+J8+L8+P8+R8) -> 30540 | U8: 4030.3 | V8: 2333.3333 | W8: =SUM(S8+U8) -> 39835.78 | X8: =SUM(T8+V8) -> 32873.333 | Y8: hohe Wolkenfelder, sonnig | Z8: 26 | AA8: °C
A9: KW | B9: 23 | C9: =SUM(C5:C8) -> 9177.5 | D9: =SUM(D5:D8) -> 17333.333 | E9: =SUM(E5:E8) -> 72878.8 | F9: =SUM(F5:F8) -> 42666.667 | G9: =SUM(G5:G8) -> 3966.78 | H9: =SUM(H5:H8) -> 2666.6666 | I9: =SUM(I5:I8) -> 3363 | J9: =SUM(J5:J8) -> 2666.6666 | ... X9: =SUM(X5:X8) -> 131493.33 | Y9: Ø Temp | Z9: =SUM(Z5:Z8)/6 -> 16.333333 | AA9: °C
A10: =SUM(A8+1) -> 5 | B10: Mo | C10: 623.9 | D10: 4333.3333 | E10: 16949.5 | F10: 10666.667 | G10: 771.8 | H10: 666.66666 | I10: 0 | J10: 666.66666 | K10: -380 | L10: 5333.3333 | M10: 18 | N10: 4387 | O10: =M10+N10 -> 4405 | P10: 3000 | Q10: 8662.3 | R10: 5873.3333 | S10: =SUM(C10+E10+G10+I10+K10+O10+Q10) -> 31032.5 | T10: =SUM(D10+F10+H10+J10+L10+P10+R10) -> 30540 | U10: 1373.2 | V10: 2333.3333 | W10: =SUM(S10+U10) -> 32405.7 | X10: =SUM(T10+V10) -> 32873.333 | Y10: sonnig | Z10: 23 | AA10: °C
A11: =SUM(A10+1) -> 6 | B11: Di | C11: 99.4 | D11: 4333.3333 | E11: 13448.6 | F11: 10666.667 | G11: 519.1 | H11: 666.66666 | I11: 0 | J11: 666.66666 | K11: 0 | L11: 5333.3333 | M11: 5156.8 | N11: 4025 | O11: =M11+N11 -> 9181.8 | P11: 3000 | Q11: 9914.6 | R11: 5873.3333 | S11: =SUM(C11+E11+G11+I11+K11+O11+Q11) -> 33163.5 | T11: =SUM(D11+F11+H11+J11+L11+P11+R11) -> 30540 | U11: 1762.4 | V11: 2333.3333 | W11: =SUM(S11+U11) -> 34925.9 | X11: =SUM(T11+V11) -> 32873.333 | Y11: hohe Wolkenfelder, sonnig | Z11: 25 | AA11: °C
A12: =SUM(A11+1) -> 7 | B12: Mi | C12: -3138.7 | D12: 4333.3333 | E12: 15465.9 | F12: 10666.667 | G12: 597.6 | H12: 666.66666 | I12: 0 | J12: 666.66666 | K12: 4566.1 | L12: 5333.3333 | M12: 43.5 | N12: 5339 | O12: =M12+N12 -> 5382.5 | P12: 3000 | Q12: 5622.1 | R12: 5873.3333 | S12: =SUM(C12+E12+G12+I12+K12+O12+Q12) -> 28495.5 | T12: =SUM(D12+F12+H12+J12+L12+P12+R12) -> 30540 | U12: 2571.4 | V12: 2333.3333 | W12: =SUM(S12+U12) -> 31066.9 | X12: =SUM(T12+V12) -> 32873.333 | Y12: sonnig | Z12: 26 | AA12: °C
A13: =SUM(A12+1) -> 8 | B13: Do | C13: 9677.45 | D13: 4333.3333 | E13: 11638.8 | F13: 10666.667 | G13: 553 | H13: 666.66666 | I13: 0 | J13: 666.66666 | K13: -360.7 | L13: 5333.3333 | M13: 1338 | N13: 5265 | O13: =M13+N13 -> 6603 | P13: 3000 | Q13: 8833.6 | R13: 5873.3333 | S13: =SUM(C13+E13+G13+I13+K13+O13+Q13) -> 36945.15 | T13: =SUM(D13+F13+H13+J13+L13+P13+R13) -> 30540 | U13: 4417.7 | V13: 2333.3333 | W13: =SUM(S13+U13) -> 41362.85 | X13: =SUM(T13+V13) -> 32873.333 | Y13: sonnig, Abend Gewitter | Z13: 26 | AA13: °C | AB13: Frohnleichnahm
A14: =SUM(A13+1) -> 9 | B14: Fr | C14: 2479.3 | D14: 4333.3333 | E14: 15461.6 | F14: 10666.667 | G14: 942.8 | H14: 666.66666 | I14: 0 | J14: 666.66666 | K14: 0 | L14: 5333.3333 | M14: 871.5 | N14: 6175 | O14: =M14+N14 -> 7046.5 | P14: 3000 | Q14: 10769.3 | R14: 5873.3333 | S14: =SUM(C14+E14+G14+I14+K14+O14+Q14) -> 36699.5 | T14: =SUM(D14+F14+H14+J14+L14+P14+R14) -> 30540 | U14: 3507.3 | V14: 2333.3333 | W14: =SUM(S14+U14) -> 40206.8 | X14: =SUM(T14+V14) -> 32873.333 | Y14: sonnig | Z14: 26 | AA14: °C
A15: =SUM(A14+1) -> 10 | B15: Sa | C15: 2071.7 | D15: 4333.3333 | E15: 17168.4 | F15: 10666.667 | G15: 1213.5 | H15: 666.66666 | I15: 0 | J15: 666.66666 | K15: 22227.9 | L15: 5333.3333 | M15: 0 | N15: 560 | O15: =M15+N15 -> 560 | P15: 3000 | Q15: 11564.3 | R15: 5873.3333 | S15: =SUM(C15+E15+G15+I15+K15+O15+Q15) -> 54805.8 | T15: =SUM(D15+F15+H15+J15+L15+P15+R15) -> 30540 | U15: 4105 | V15: 2333.3333 | W15: =SUM(S15+U15) -> 58910.8 | X15: =SUM(T15+V15) -> 32873.333 | Y15: sonnig | Z15: 27 | AA15: °C
A16: =SUM(A15+1) -> 11 | B16: So | C16: 781.8 | D16: 4333.3333 | E16: 22445.1 | F16: 10666.667 | G16: 1467.6 | H16: 666.66666 | I16: 262.5 | J16: 666.66666 | K16: =2027.5-262.5 -> 1765 | L16: 5333.3333 | M16: 20 | N16: 0 | O16: =M16+N16 -> 20 | P16: 3000 | Q16: 8597.3 | R16: 5873.3333 | S16: =SUM(C16+E16+G16+I16+K16+O16+Q16) -> 35339.3 | T16: =SUM(D16+F16+H16+J16+L16+P16+R16) -> 30540 | U16: 9973.11 | V16: 2333.3333 | W16: =SUM(S16+U16) -> 45312.41 | X16: =SUM(T16+V16) -> 32873.333 | Y16: sonnig | Z16: 26 | AA16: °C
A17: KW | B17: =SUM(B9+1) -> 24 | C17: =SUM(C10:C16) -> 12594.85 | D17: =SUM(D10:D16) -> 30333.333 | E17: =SUM(E10:E16) -> 112577.9 | F17: =SUM(F10:F16) -> 74666.667 | G17: =SUM(G10:G16) -> 6065.4 | H17: =SUM(H10:H16) -> 4666.6666 | I17: =SUM(I10:I16) -> 262.5 | J17: =SUM(J10:J16) -> 4666.6666 | ... X17: =SUM(X10:X16) -> 230113.33 | Y17: Ø Temp | Z17: =SUM(Z10:Z16)/7 -> 25.571429 | AA17: °C
A18: =SUM(A16+1) -> 12 | B18: Mo | C18: 338.1 | D18: 4333.3333 | E18: 10827.6 | F18: 10666.667 | G18: 622.2 | H18: 666.66666 | I18: 0 | J18: 666.66666 | K18: 0 | L18: 5333.3333 | M18: 3895.9 | N18: 2187 | O18: =M18+N18 -> 6082.9 | P18: 3000 | Q18: 9020.3 | R18: 5873.3333 | S18: =SUM(C18+E18+G18+I18+K18+O18+Q18) -> 26891.1 | T18: =SUM(D18+F18+H18+J18+L18+P18+R18) -> 30540 | U18: 3030 | V18: 2333.3333 | W18: =SUM(S18+U18) -> 29921.1 | X18: =SUM(T18+V18) -> 32873.333 | Y18: sonnig | Z18: 25 | AA18: °C
A19: =SUM(A18+1) -> 13 | B19: Di | C19: 1028.3 | D19: 4333.3333 | E19: 17417.9 | F19: 10666.667 | G19: 768.9 | H19: 666.66666 | I19: 0 | J19: 666.66666 | K19: 412.8 | L19: 5333.3333 | M19: 1070.3 | N19: 6778 | O19: =M19+N19 -> 7848.3 | P19: 3000 | Q19: 8334.4 | R19: 5873.3333 | S19: =SUM(C19+E19+G19+I19+K19+O19+Q19) -> 35810.6 | T19: =SUM(D19+F19+H19+J19+L19+P19+R19) -> 30540 | U19: 2586 | V19: 2333.3333 | W19: =SUM(S19+U19) -> 38396.6 | X19: =SUM(T19+V19) -> 32873.333 | Y19: sonnig | Z19: 25 | AA19: °C
A20: =SUM(A19+1) -> 14 | B20: Mi | C20: 363.4 | D20: 4333.3333 | E20: 14158.2 | F20: 10666.667 | G20: 688 | H20: 666.66666 | I20: 0 | J20: 666.66666 | K20: 0 | L20: 5333.3333 | M20: 1573.8 | N20: 4565.4 | O20: =M20+N20 -> 6139.2 | P20: 3000 | Q20: 7302.4 | R20: 5873.3333 | S20: =SUM(C20+E20+G20+I20+K20+O20+Q20) -> 28651.2 | T20: =SUM(D20+F20+H20+J20+L20+P20+R20) -> 30540 | U20: 2304.8 | V20: 2333.3333 | W20: =SUM(S20+U20) -> 30956 | X20: =SUM(T20+V20) -> 32873.333 | Y20: sonnig | Z20: 24 | AA20: °C
A21: =SUM(A20+1) -> 15 | B21: Do | C21: 712.45 | D21: 4333.3333 | E21: 16692.8 | F21: 10666.667 | G21: 585.2 | H21: 666.66666 | I21: 0 | J21: 666.66666 | K21: 2632.7 | L21: 5333.3333 | M21: 2025.5 | N21: 6515 | O21: =M21+N21 -> 8540.5 | P21: 3000 | Q21: 6845.7 | R21: 5873.3333 | S21: =SUM(C21+E21+G21+I21+K21+O21+Q21) -> 36009.35 | T21: =SUM(D21+F21+H21+J21+L21+P21+R21) -> 30540 | U21: 1748.4 | V21: 2333.3333 | W21: =SUM(S21+U21) -> 37757.75 | X21: =SUM(T21+V21) -> 32873.333 | Y21: sonnig | Z21: 26 | AA21: °C
A22: =SUM(A21+1) -> 16 | B22: Fr | C22: 2446.8 | D22: 4333.3333 | E22: 14303.7 | F22: 10666.667 | G22: 904.5 | H22: 666.66666 | I22: 4056 | J22: 666.66666 | K22: =19786.2-4056 -> 15730.2 | L22: 5333.3333 | M22: 104 | N22: 2898 | O22: =M22+N22 -> 3002 | P22: 3000 | Q22: 10295 | R22: 5873.3333 | S22: =SUM(C22+E22+G22+I22+K22+O22+Q22) -> 50738.2 | T22: =SUM(D22+F22+H22+J22+L22+P22+R22) -> 30540 | U22: 2721.7 | V22: 2333.3333 | W22: =SUM(S22+U22) -> 53459.9 | X22: =SUM(T22+V22) -> 32873.333 | Y22: sonnig, Abend bewölkt | Z22: 25 | AA22: °C
A23: =SUM(A22+1) -> 17 | B23: Sa | C23: 2086.8 | D23: 4333.3333 | E23: 17971.4 | F23: 10666.667 | G23: 1785.9 | H23: 666.66666 | I23: 11255.3 | J23: 666.66666 | K23: =14194.9-11255.3 -> 2939.6 | L23: 5333.3333 | M23: 0 | N23: 504 | O23: =M23+N23 -> 504 | P23: 3000 | Q23: 14362.9 | R23: 5873.3333 | S23: =SUM(C23+E23+G23+I23+K23+O23+Q23) -> 50905.9 | T23: =SUM(D23+F23+H23+J23+L23+P23+R23) -> 30540 | U23: 5439.1 | V23: 2333.3333 | W23: =SUM(S23+U23) -> 56345 | X23: =SUM(T23+V23) -> 32873.333 | Y23: sonnig und bewölkt | Z23: 28 | AA23: °C
A24: =SUM(A23+1) -> 18 | B24: So | C24: 4135.2 | D24: 4333.3333 | E24: 20896.8 | F24: 10666.667 | G24: 1559.1 | H24: 666.66666 | I24: 0 | J24: 666.66666 | K24: =6525.2 -> 6525.2 | L24: 5333.3333 | M24: 0 | N24: 0 | O24: =M24+N24 -> 0 | P24: 3000 | Q24: 4312.05 | R24: 5873.3333 | S24: =SUM(C24+E24+G24+I24+K24+O24+Q24) -> 37428.35 | T24: =SUM(D24+F24+H24+J24+L24+P24+R24) -> 30540 | U24: 10384.6 | V24: 2333.3333 | W24: =SUM(S24+U24) -> 47812.95 | X24: =SUM(T24+V24) -> 32873.333 | Y24: bedeckt, Abend Regen | Z24: 30 | AA24: °C | AD24: Bankettkorrektur von CHF 510.20 im mews aber nicht im Managerbericht & nicht in Buchhaltungsbericht gemäss AE/ RW
A25: KW | B25: =SUM(B17+1) -> 25 | C25: =SUM(C18:C24) -> 11111.05 | D25: =SUM(D18:D24) -> 30333.333 | E25: =SUM(E18:E24) -> 112268.4 | F25: =SUM(F18:F24) -> 74666.667 | G25: =SUM(G18:G24) -> 6913.8 | H25: =SUM(H18:H24) -> 4666.6666 | I25: =SUM(I18:I24) -> 15311.3 | J25: =SUM(J18:J24) -> 4666.6666 | ... X25: =SUM(X18:X24) -> 230113.33 | Y25: Ø Temp | Z25: =SUM(Z18:Z24)/7 -> 26.142857 | AA25: °C
A26: =SUM(A24+1) -> 19 | B26: Mo | C26: 329 | D26: 4333.3333 | E26: 13280.7 | F26: 10666.667 | G26: 473.3 | H26: 666.66666 | I26: 0 | J26: 666.66666 | K26: 0 | L26: 5333.3333 | M26: 2541.5 | N26: 4324.8 | O26: =M26+N26 -> 6866.3 | P26: 3000 | Q26: 6977.5 | R26: 5873.3333 | S26: =SUM(C26+E26+G26+I26+K26+O26+Q26) -> 27926.8 | T26: =SUM(D26+F26+H26+J26+L26+P26+R26) -> 30540 | U26: 2125.8 | V26: 2333.3333 | W26: =SUM(S26+U26) -> 30052.6 | X26: =SUM(T26+V26) -> 32873.333 | Y26: bedeckt, sonnig | Z26: 26 | AA26: °C
A27: =SUM(A26+1) -> 20 | B27: Di | C27: 2728.5 | D27: 4333.3333 | E27: 9701.6 | F27: 10666.667 | G27: 778.4 | H27: 666.66666 | I27: 0 | J27: 666.66666 | K27: 580.6 | L27: 5333.3333 | M27: 1799 | N27: 3162 | O27: =M27+N27 -> 4961 | P27: 3000 | Q27: 5404 | R27: 5873.3333 | S27: =SUM(C27+E27+G27+I27+K27+O27+Q27) -> 24154.1 | T27: =SUM(D27+F27+H27+J27+L27+P27+R27) -> 30540 | U27: 1220.8 | V27: 2333.3333 | W27: =SUM(S27+U27) -> 25374.9 | X27: =SUM(T27+V27) -> 32873.333 | Y27: teilweis sonnig, Regenschauer | Z27: 29 | AA27: °C
A28: =SUM(A27+1) -> 21 | B28: Mi | C28: 226.1 | D28: 4333.3333 | E28: 13612.9 | F28: 10666.667 | G28: 583.4 | H28: 666.66666 | I28: 0 | J28: 666.66666 | K28: 673.7 | L28: 5333.3333 | M28: 822.6 | N28: 7009 | O28: =M28+N28 -> 7831.6 | P28: 3000 | Q28: 8570.9 | R28: 5873.3333 | S28: =SUM(C28+E28+G28+I28+K28+O28+Q28) -> 31498.6 | T28: =SUM(D28+F28+H28+J28+L28+P28+R28) -> 30540 | U28: 1996 | V28: 2333.3333 | W28: =SUM(S28+U28) -> 33494.6 | X28: =SUM(T28+V28) -> 32873.333 | Y28: bedeckt | Z28: 30 | AA28: °C
A29: =SUM(A28+1) -> 22 | B29: Do | C29: 9561.1 | D29: 4333.3333 | E29: 3517.9 | F29: 10666.667 | G29: 471.8 | H29: 666.66666 | I29: 0 | J29: 666.66666 | K29: 0 | L29: 5333.3333 | M29: 898 | N29: 6096 | O29: =M29+N29 -> 6994 | P29: 3000 | Q29: 7164.7 | R29: 5873.3333 | S29: =SUM(C29+E29+G29+I29+K29+O29+Q29) -> 27709.5 | T29: =SUM(D29+F29+H29+J29+L29+P29+R29) -> 30540 | U29: 404 | V29: 2333.3333 | W29: =SUM(S29+U29) -> 28113.5 | X29: =SUM(T29+V29) -> 32873.333 | Y29: bedeckt / starker Regen | Z29: 26 | AA29: °C
A30: =SUM(A29+1) -> 23 | B30: Fr | C30: 1682.7 | D30: 4333.3333 | E30: 16920.5 | F30: 10666.667 | G30: 1055.6 | H30: 666.66666 | I30: 0 | J30: 666.66666 | K30: 22132.1 | L30: 5333.3333 | M30: 0 | N30: 2554 | O30: =M30+N30 -> 2554 | P30: 3000 | Q30: 8099.1 | R30: 5873.3333 | S30: =SUM(C30+E30+G30+I30+K30+O30+Q30) -> 52444 | T30: =SUM(D30+F30+H30+J30+L30+P30+R30) -> 30540 | U30: 1674.4 | V30: 2333.3333 | W30: =SUM(S30+U30) -> 54118.4 | X30: =SUM(T30+V30) -> 32873.333 | Y30: sonnig | Z30: 26 | AA30: °C
A31: =SUM(A30+1) -> 24 | B31: Sa | C31: 3429.2 | D31: 4333.3333 | E31: 18486.1 | F31: 10666.667 | G31: 1214.3 | H31: 666.66666 | I31: 5274.3 | J31: 666.66666 | K31: =32867.1-5274.3 -> 27592.8 | L31: 5333.3333 | M31: 0 | N31: 0 | O31: =M31+N31 -> 0 | P31: 3000 | Q31: 13196.8 | R31: 5873.3333 | S31: =SUM(C31+E31+G31+I31+K31+O31+Q31) -> 69193.5 | T31: =SUM(D31+F31+H31+J31+L31+P31+R31) -> 30540 | U31: 4728.9 | V31: 2333.3333 | W31: =SUM(S31+U31) -> 73922.4 | X31: =SUM(T31+V31) -> 32873.333 | Y31: sonnig | Z31: 26 | AA31: °C
A32: =SUM(A31+1) -> 25 | B32: So | C32: 1640.4 | D32: 4333.3333 | E32: 23268.3 | F32: 10666.667 | G32: 1724.6 | H32: 666.66666 | I32: 0 | J32: 666.66666 | K32: 796.6 | L32: 5333.3333 | M32: 0 | N32: 0 | O32: =M32+N32 -> 0 | P32: 3000 | Q32: 5739.75 | R32: 5873.3333 | S32: =SUM(C32+E32+G32+I32+K32+O32+Q32) -> 33169.65 | T32: =SUM(D32+F32+H32+J32+L32+P32+R32) -> 30540 | U32: 11921.6 | V32: 2333.3333 | W32: =SUM(S32+U32) -> 45091.25 | X32: =SUM(T32+V32) -> 32873.333 | Y32: sonnig | Z32: 27 | AA32: °C
A33: KW | B33: =SUM(B25+1) -> 26 | C33: =SUM(C26:C32) -> 19597 | D33: =SUM(D26:D32) -> 30333.333 | E33: =SUM(E26:E32) -> 98788 | F33: =SUM(F26:F32) -> 74666.667 | G33: =SUM(G26:G32) -> 6301.4 | H33: =SUM(H26:H32) -> 4666.6666 | I33: =SUM(I26:I32) -> 5274.3 | J33: =SUM(J26:J32) -> 4666.6666 | ... X33: =SUM(X26:X32) -> 230113.33 | Y33: Ø Temp | Z33: =SUM(Z26:Z32)/7 -> 27.142857 | AA33: °C
A34: =SUM(A32+1) -> 26 | B34: Mo | C34: 296 | D34: 4333.3333 | E34: 14095.7 | F34: 10666.667 | G34: 997.4 | H34: 666.66666 | I34: 0 | J34: 666.66666 | K34: 608.5 | L34: 5333.3333 | M34: 959.6 | N34: 0 | O34: =M34+N34 -> 959.6 | P34: 3000 | Q34: 7134.7 | R34: 5873.3333 | S34: =SUM(C34+E34+G34+I34+K34+O34+Q34) -> 24091.9 | T34: =SUM(D34+F34+H34+J34+L34+P34+R34) -> 30540 | U34: 2709.7 | V34: 2333.3333 | W34: =SUM(S34+U34) -> 26801.6 | X34: =SUM(T34+V34) -> 32873.333 | Y34: sonnig | Z34: 29 | AA34: °C
A35: =SUM(A34+1) -> 27 | B35: Di | C35: 3284.2 | D35: 4333.3333 | E35: 16130.7 | F35: 10666.667 | G35: 913.8 | H35: 666.66666 | I35: 0 | J35: 666.66666 | K35: 570 | L35: 5333.3333 | M35: 710.8 | N35: 2179 | O35: =M35+N35 -> 2889.8 | P35: 3000 | Q35: 8088.7 | R35: 5873.3333 | S35: =SUM(C35+E35+G35+I35+K35+O35+Q35) -> 31877.2 | T35: =SUM(D35+F35+H35+J35+L35+P35+R35) -> 30540 | U35: 965.9 | V35: 2333.3333 | W35: =SUM(S35+U35) -> 32843.1 | X35: =SUM(T35+V35) -> 32873.333 | Y35: bewölkt | Z35: 25 | AA35: °C
A36: =SUM(A35+1) -> 28 | B36: Mi | C36: 639 | D36: 4333.3333 | E36: 11598 | F36: 10666.667 | G36: 679.2 | H36: 666.66666 | I36: 0 | J36: 666.66666 | K36: 0 | L36: 5333.3333 | M36: 1907.6 | N36: 7353.7 | O36: =M36+N36 -> 9261.3 | P36: 3000 | Q36: 9025.3 | R36: 5873.3333 | S36: =SUM(C36+E36+G36+I36+K36+O36+Q36) -> 31202.8 | T36: =SUM(D36+F36+H36+J36+L36+P36+R36) -> 30540 | U36: 2183.9 | V36: 2333.3333 | W36: =SUM(S36+U36) -> 33386.7 | X36: =SUM(T36+V36) -> 32873.333 | Y36: sonnig | Z36: 24 | AA36: °C
A37: =SUM(A36+1) -> 29 | B37: Do | C37: 5654.4 | D37: 4333.3333 | E37: 10260.6 | F37: 10666.667 | G37: 573.2 | H37: 666.66666 | I37: 0 | J37: 666.66666 | K37: 0 | L37: 5333.3333 | M37: 4657.5 | N37: 4568.6 | O37: =M37+N37 -> 9226.1 | P37: 3000 | Q37: 8283.9 | R37: 5873.3333 | S37: =SUM(C37+E37+G37+I37+K37+O37+Q37) -> 33998.2 | T37: =SUM(D37+F37+H37+J37+L37+P37+R37) -> 30540 | U37: 2249.7 | V37: 2333.3333 | W37: =SUM(S37+U37) -> 36247.9 | X37: =SUM(T37+V37) -> 32873.333 | Y37: bedeckt | Z37: 24 | AA37: °C
A38: 30 | B38: Fr | C38: 7163.2 | D38: 4333.3333 | E38: 1670.5 | F38: 10666.667 | G38: 176 | H38: 666.66666 | I38: 2840.2 | J38: 666.66666 | K38: =40857-2840.2 -> 38016.8 | L38: 5333.3333 | M38: -488.1 | N38: 5795 | O38: =M38+N38 -> 5306.9 | P38: 3000 | Q38: 8507.8 | R38: 5873.3333 | S38: =SUM(C38+E38+G38+I38+K38+O38+Q38) -> 63681.4 | T38: =SUM(D38+F38+H38+J38+L38+P38+R38) -> 30540 | U38: 0 | V38: 2333.3333 | W38: =SUM(S38+U38) -> 63681.4 | X38: =SUM(T38+V38) -> 32873.333 | Y38: Regen mit trock. Abschnitten | Z38: 17 | AA38: °C
A39: KW | B39: =SUM(B33+1) -> 27 | C39: =SUM(C34:C38) -> 17036.8 | D39: =SUM(D34:D38) -> 21666.667 | E39: =SUM(E34:E38) -> 53755.5 | F39: =SUM(F34:F38) -> 53333.333 | G39: =SUM(G34:G38) -> 3339.6 | H39: =SUM(H34:H38) -> 3333.3333 | I39: =SUM(I34:I38) -> 2840.2 | J39: =SUM(J34:J38) -> 3333.3333 | ... X39: =SUM(X34:X38) -> 164366.67 | Y39: Ø Temp | Z39: =SUM(Z34:Z38)/5 -> 23.8 | AA39: °C
A40: Umsatz kumuliert | C40: =SUM(C9+C17+C25+C33+C39) -> 69517.2 | D40: =SUM(D9+D17+D25+D33+D39) -> 130000 | E40: =SUM(E9+E17+E25+E33+E39) -> 450268.6 | F40: =SUM(F9+F17+F25+F33+F39) -> 320000 | G40: =SUM(G9+G17+G25+G33+G39) -> 26586.98 | H40: =SUM(H9+H17+H25+H33+H39) -> 20000 | I40: =SUM(I9+I17+I25+I33+I39) -> 27051.3 | J40: =SUM(J9+J17+J25+J33+J39) -> 20000 | ... N40: =SUM(N9+N17+N25+N33+N39) -> 99542.5 | O40: =M40+N40 -> 129826.3 | P40: =SUM(P9+P17+P25+P33+P39) -> 90000 | Q40: =SUM(Q9+Q17+Q25+Q33+Q39) -> 254903.6 | R40: =SUM(R9+R17+R25+R33+R39) -> 176200 | S40: =SUM(S9+S17+S25+S33+S39) -> 1139611.9 | T40: =SUM(T9+T17+T25+T33+T39) -> 916200 | U40: =SUM(U9+U17+U25+U33+U39) -> 100611.61 | V40: =SUM(V9+V17+V25+V33+V39) -> 70000 | W40: =SUM(W9+W17+W25+W33+W39) -> 1240223.5 | X40: =SUM(X9+X17+X25+X33+X39) -> 986200 | Y40: Umsatz kumuliert
A41: Umsatz pro Tag | C41: =C40/30 -> 2317.24 | D41: =D40/30 -> 4333.3333 | E41: =E40/30 -> 15008.953 | F41: =F40/30 -> 10666.667 | G41: =G40/30 -> 886.23267 | H41: =H40/30 -> 666.66666 | I41: =I40/30 -> 901.71 | J41: =J40/30 -> 666.66666 | ... M41: =M40/30 -> 1009.46 | P41: =P40/30 -> 3000 | Q41: =Q40/30 -> 8496.7867 | R41: =R40/30 -> 5873.3333 | S41: =S40/30 -> 37987.063 | T41: =T40/30 -> 30540 | U41: =U40/30 -> 3353.7203 | V41: =V40/30 -> 2333.3333 | W41: =W40/30 -> 41340.783 | X41: =X40/30 -> 32873.333 | Y41: Budget pro Tag
A42: Diff. zu Budget | C42: =SUM(C40-D40) -> -60482.8 | E42: =SUM(E40-F40) -> 130268.6 | G42: =SUM(G40-H40) -> 6586.9802 | I42: =SUM(I40-J40) -> 7051.3002 | K42: =SUM(K40-L40) -> 21457.9 | M42: =SUM(M40-P40) -> -59716.2 | Q42: =SUM(Q40-R40) -> 78703.6 | S42: =SUM(S40-T40) -> 223411.88 | U42: =SUM(U40-V40) -> 30611.61 | W42: =SUM(W40-X40) -> 254023.49
A43: Index | C43: =SUM(100/D40*C40) -> 53.474769 | E43: =SUM(100/F40*E40) -> 140.70894 | G43: =SUM(100/H40*G40) -> 132.9349 | I43: =SUM(100/J40*I40) -> 135.2565 | K43: =SUM(100/L40*K40) -> 113.41119 | M43: =SUM(100/P40*M40) -> 33.648667 | Q43: =SUM(100/R40*Q40) -> 144.6672 | S43: =SUM(100/T40*S40) -> 124.38462 | U43: =SUM(100/V40*U40) -> 143.73087 | W43: =SUM(100/X40*W40) -> 125.75781

Sheet 07_23
A1: Tagesumsätze | H1: 45108
C3: Restaurant | E3: Terrasse | G3: Lounge | I3: Pavillon | K3: Bankett | M3: Seminar | Q3: Hotel | S3: TOTAL Gesamtbetrieb ohne Seebad | U3: Seebad | W3: TOTAL Gesamtbetrieb mit Seebad | Y3: Info's | AD3: Gegenkontrolle Gastronovi
C4: IST | D4: Budget | E4: IST | F4: Budget | G4: IST | H4: Budget | I4: IST | J4: Budget | K4: IST | L4: Budget | M4: IST/GN | N4: IST/ET | O4: TOTAL IST | P4: Budget | Q4: IST | R4: Budget | S4: IST | T4: Budget | U4: IST | V4: Budget | W4: IST | X4: Budget | Y4: Wetter | Z4: Temp. | AB4: Bemerkung
A5: 1 | B5: Sa | C5: 11164.3 | D5: 3870.9677 | E5: 6029.7 | F5: 13548.387 | G5: 518.6 | H5: 806.45161 | I5: 0 | J5: 1290.3226 | K5: 19126.7 | L5: 5161.2903 | M5: -389.6 | N5: 0 | O5: =M5+N5 -> -389.6 | P5: 967.7419 | Q5: 10790.7 | R5: 7558.0645 | S5: =SUM(C5+E5+G5+I5+K5+O5+Q5) -> 47240.4 | T5: =SUM(D5+F5+H5+J5+L5+P5+R5) -> 33203.226 | U5: 404.1 | V5: 2741.9355 | W5: =SUM(S5+U5) -> 47644.5 | X5: =SUM(T5+V5) -> 35945.161 | Y5: bewölkt, Regenschauer | Z5: 20 | AA5: °C | AD5: =C5+E5+G5+I5+K5+M5+U5 -> 36853.8
A6: =SUM(A5+1) -> 2 | B6: So | C6: 11121.8 | D6: 3870.9677 | E6: 4981 | F6: 13548.387 | G6: 981.2 | H6: 806.45161 | I6: 0 | J6: 1290.3226 | K6: 6453.9 | L6: 5161.2903 | M6: 0 | N6: 0 | O6: =M6+N6 -> 0 | P6: 967.7419 | Q6: 6488.8 | R6: 7558.0645 | S6: =SUM(C6+E6+G6+I6+K6+O6+Q6) -> 30026.7 | T6: =SUM(D6+F6+H6+J6+L6+P6+R6) -> 33203.226 | U6: 678.4 | V6: 2741.9355 | W6: =SUM(S6+U6) -> 30705.1 | X6: =SUM(T6+V6) -> 35945.161 | Y6: sonnig | Z6: 21 | AA6: °C | AD6: =C6+E6+G6+I6+K6+M6+U6 -> 24216.3
A7: KW | B7: 27 | C7: =SUM(C5:C6) -> 22286.1 | D7: =SUM(D5:D6) -> 7741.9355 | E7: =SUM(E5:E6) -> 11010.7 | F7: =SUM(F5:F6) -> 27096.774 | G7: =SUM(G5:G6) -> 1499.8 | H7: =SUM(H5:H6) -> 1612.9032 | I7: =SUM(I5:I6) -> 0 | J7: =SUM(J5:J6) -> 2580.6452 | ... X7: =SUM(X5:X6) -> 71890.322 | Y7: Ø Temp | Z7: =SUM(Z5:Z6)/2 -> 20.5 | AA7: °C | AD7: =C7+E7+G7+I7+K7+M7+U7 -> 61070.1
A8: =SUM(A6+1) -> 3 | B8: Mo | C8: 433.1 | D8: 3870.9677 | E8: 15718.1 | F8: 13548.387 | G8: 926 | H8: 806.45161 | I8: 0 | J8: 1290.3226 | K8: 100 | L8: 5161.2903 | M8: 2604.6 | N8: 3364 | O8: =M8+N8 -> 5968.6 | P8: 967.7419 | Q8: 8929.8 | R8: 7558.0645 | S8: =SUM(C8+E8+G8+I8+K8+O8+Q8) -> 32075.6 | T8: =SUM(D8+F8+H8+J8+L8+P8+R8) -> 33203.226 | U8: 902.8 | V8: 2741.9355 | W8: =SUM(S8+U8) -> 32978.4 | X8: =SUM(T8+V8) -> 35945.161 | Y8: sonnig | Z8: 23 | AA8: °C | AD8: =C8+E8+G8+I8+K8+M8+U8 -> 20684.6
A9: =SUM(A8+1) -> 4 | B9: Di | C9: 236.9 | D9: 3870.9677 | E9: 16050.6 | F9: 13548.387 | G9: 552.3 | H9: 806.45161 | I9: 0 | J9: 1290.3226 | K9: 0 | L9: 5161.2903 | M9: 1743.7 | N9: 3438 | O9: =M9+N9 -> 5181.7 | P9: 967.7419 | Q9: 7431.4 | R9: 7558.0645 | S9: =SUM(C9+E9+G9+I9+K9+O9+Q9) -> 29452.9 | T9: =SUM(D9+F9+H9+J9+L9+P9+R9) -> 33203.226 | U9: 1193.2 | V9: 2741.9355 | W9: =SUM(S9+U9) -> 30646.1 | X9: =SUM(T9+V9) -> 35945.161 | Y9: leicht bewölkt | Z9: 26 | AA9: °C | AD9: =C9+E9+G9+I9+K9+M9+U9 -> 19776.7
A10: =SUM(A9+1) -> 5 | B10: Mi | C10: 9069.8 | D10: 3870.9677 | E10: 1549.3 | F10: 13548.387 | G10: 261.3 | H10: 806.45161 | I10: 0 | J10: 1290.3226 | K10: 7108.3 | L10: 5161.2903 | M10: 45 | N10: 8574.95 | O10: =M10+N10 -> 8619.95 | P10: 967.7419 | Q10: 5064.1 | R10: 7558.0645 | S10: =SUM(C10+E10+G10+I10+K10+O10+Q10) -> 31672.75 | T10: =SUM(D10+F10+H10+J10+L10+P10+R10) -> 33203.226 | U10: 0 | V10: 2741.9355 | W10: =SUM(S10+U10) -> 31672.75 | X10: =SUM(T10+V10) -> 35945.161 | Y10: Gewitter, teilweise sonnig | Z10: 22 | AA10: °C | AD10: =C10+E10+G10+I10+K10+M10+U10 -> 18033.7
A11: =SUM(A10+1) -> 6 | B11: Do | C11: 1547.1 | D11: 3870.9677 | E11: 17912.4 | F11: 13548.387 | G11: 1240.2 | H11: 806.45161 | I11: 0 | J11: 1290.3226 | K11: 7886.2 | L11: 5161.2903 | M11: 1000 | N11: 806.5 | O11: =M11+N11 -> 1806.5 | P11: 967.7419 | Q11: 5709.6 | R11: 7558.0645 | S11: =SUM(C11+E11+G11+I11+K11+O11+Q11) -> 36102 | T11: =SUM(D11+F11+H11+J11+L11+P11+R11) -> 33203.226 | U11: 1249.8 | V11: 2741.9355 | W11: =SUM(S11+U11) -> 37351.8 | X11: =SUM(T11+V11) -> 35945.161 | Y11: ziemlich sonnig | Z11: 21 | AA11: °C | AD11: =C11+E11+G11+I11+K11+M11+U11 -> 30835.7
A12: =SUM(A11+1) -> 7 | B12: Fr | C12: 2124.9 | D12: 3870.9677 | E12: 19663.8 | F12: 13548.387 | G12: 715.3 | H12: 806.45161 | I12: 3891 | J12: 1290.3226 | K12: =13628.1-3891 -> 9737.1 | L12: 5161.2903 | M12: 0 | N12: 1399 | O12: =M12+N12 -> 1399 | P12: 967.7419 | Q12: 9287.8 | R12: 7558.0645 | S12: =SUM(C12+E12+G12+I12+K12+O12+Q12) -> 46818.9 | T12: =SUM(D12+F12+H12+J12+L12+P12+R12) -> 33203.226 | U12: 4976.5 | V12: 2741.9355 | W12: =SUM(S12+U12) -> 51795.4 | X12: =SUM(T12+V12) -> 35945.161 | Y12: sonnig | Z12: 28 | AA12: °C | AD12: =C12+E12+G12+I12+K12+M12+U12 -> 41108.6
A13: =SUM(A12+1) -> 8 | B13: Sa | C13: 2675.8 | D13: 3870.9677 | E13: 17081 | F13: 13548.387 | G13: 1495.4 | H13: 806.45161 | I13: 5495 | J13: 1290.3226 | K13: =23388.1-5495 -> 17893.1 | L13: 5161.2903 | M13: 0 | N13: 0 | O13: =M13+N13 -> 0 | P13: 967.7419 | Q13: 12383.1 | R13: 7558.0645 | S13: =SUM(C13+E13+G13+I13+K13+O13+Q13) -> 57023.4 | T13: =SUM(D13+F13+H13+J13+L13+P13+R13) -> 33203.226 | U13: 4794.1 | V13: 2741.9355 | W13: =SUM(S13+U13) -> 61817.5 | X13: =SUM(T13+V13) -> 35945.161 | Y13: ziemlich sonnig | Z13: 24 | AA13: °C | AD13: =C13+E13+G13+I13+K13+M13+U13 -> 49434.4
A14: =SUM(A13+1) -> 9 | B14: So | C14: 3533.6 | D14: 3870.9677 | E14: 24814.95 | F14: 13548.387 | G14: 1371.4 | H14: 806.45161 | I14: 0 | J14: 1290.3226 | K14: 6689.6 | L14: 5161.2903 | M14: 0 | N14: 0 | O14: =M14+N14 -> 0 | P14: 967.7419 | Q14: 7656.05 | R14: 7558.0645 | S14: =SUM(C14+E14+G14+I14+K14+O14+Q14) -> 44065.6 | T14: =SUM(D14+F14+H14+J14+L14+P14+R14) -> 33203.226 | U14: 14011.1 | V14: 2741.9355 | W14: =SUM(S14+U14) -> 58076.7 | X14: =SUM(T14+V14) -> 35945.161 | Y14: sonnig | Z14: 33 | AA14: °C | AD14: =C14+E14+G14+I14+K14+M14+U14 -> 50420.65
A15: KW | B15: =SUM(B7+1) -> 28 | C15: =SUM(C8:C14) -> 19621.2 | D15: =SUM(D8:D14) -> 27096.774 | E15: =SUM(E8:E14) -> 112790.15 | F15: =SUM(F8:F14) -> 94838.71 | G15: =SUM(G8:G14) -> 6561.9 | H15: =SUM(H8:H14) -> 5645.1613 | I15: =SUM(I8:I14) -> 9386 | J15: =SUM(J8:J14) -> 9032.2581 | ... X15: =SUM(X8:X14) -> 251616.13 | Y15: Ø Temp | Z15: =SUM(Z8:Z14)/7 -> 25.285714 | AA15: °C | AD15: =C15+E15+G15+I15+K15+M15+U15 -> 230294.35
A16: =SUM(A14+1) -> 10 | B16: Mo | C16: 482.3 | D16: 3870.9677 | E16: 14413.9 | F16: 13548.387 | G16: 619.4 | H16: 806.45161 | I16: 0 | J16: 1290.3226 | K16: 0 | L16: 5161.2903 | M16: 996.2 | N16: 4385 | O16: =M16+N16 -> 5381.2 | P16: 967.7419 | Q16: 8273.5 | R16: 7558.0645 | S16: =SUM(C16+E16+G16+I16+K16+O16+Q16) -> 29170.3 | T16: =SUM(D16+F16+H16+J16+L16+P16+R16) -> 33203.226 | U16: 4482.3 | V16: 2741.9355 | W16: =SUM(S16+U16) -> 33652.6 | X16: =SUM(T16+V16) -> 35945.161 | Y16: sonnig | Z16: 30 | AA16: °C | AD16: =C16+E16+G16+I16+K16+M16+U16 -> 20994.1
A17: =SUM(A16+1) -> 11 | B17: Di | C17: 5620.3 | D17: 3870.9677 | E17: 9726.3 | F17: 13548.387 | G17: 715.6 | H17: 806.45161 | I17: 0 | J17: 1290.3226 | K17: 0 | L17: 5161.2903 | M17: 474.6 | N17: 5505 | O17: =M17+N17 -> 5979.6 | P17: 967.7419 | Q17: 6483.5 | R17: 7558.0645 | S17: =SUM(C17+E17+G17+I17+K17+O17+Q17) -> 28525.3 | T17: =SUM(D17+F17+H17+J17+L17+P17+R17) -> 33203.226 | U17: 7008.9 | V17: 2741.9355 | W17: =SUM(S17+U17) -> 35534.2 | X17: =SUM(T17+V17) -> 35945.161 | Y17: sonnig, Gewitter | Z17: 33 | AA17: °C | AD17: =C17+E17+G17+I17+K17+M17+U17 -> 23545.7
A18: =SUM(A17+1) -> 12 | B18: Mi | C18: 11025.1 | D18: 3870.9677 | E18: 2486.9 | F18: 13548.387 | G18: 291.1 | H18: 806.45161 | I18: 0 | J18: 1290.3226 | K18: 3872.1 | L18: 5161.2903 | M18: 677.8 | N18: 2526 | O18: =M18+N18 -> 3203.8 | P18: 967.7419 | Q18: 3935.1 | R18: 7558.0645 | S18: =SUM(C18+E18+G18+I18+K18+O18+Q18) -> 24814.1 | T18: =SUM(D18+F18+H18+J18+L18+P18+R18) -> 33203.226 | U18: 0 | V18: 2741.9355 | W18: =SUM(S18+U18) -> 24814.1 | X18: =SUM(T18+V18) -> 35945.161 | Y18: teilw. Sonnig, Regenschauer | Z18: 21 | AA18: °C | AD18: =C18+E18+G18+I18+K18+M18+U18 -> 18353
A19: =SUM(A18+1) -> 13 | B19: Do | C19: 2642.5 | D19: 3870.9677 | E19: 13277.3 | F19: 13548.387 | G19: 706.1 | H19: 806.45161 | I19: 0 | J19: 1290.3226 | K19: 0 | L19: 5161.2903 | M19: 621.1 | N19: 4779 | O19: =M19+N19 -> 5400.1 | P19: 967.7419 | Q19: 7578.25 | R19: 7558.0645 | S19: =SUM(C19+E19+G19+I19+K19+O19+Q19) -> 29604.25 | T19: =SUM(D19+F19+H19+J19+L19+P19+R19) -> 33203.226 | U19: 805.6 | V19: 2741.9355 | W19: =SUM(S19+U19) -> 30409.85 | X19: =SUM(T19+V19) -> 35945.161 | Y19: bewölkt, Regenschauer | Z19: 18 | AA19: °C | AD19: =C19+E19+G19+I19+K19+M19+U19 -> 18052.6
A20: =SUM(A19+1) -> 14 | B20: Fr | C20: 2219.7 | D20: 3870.9677 | E20: 19400.8 | F20: 13548.387 | G20: 998.6 | H20: 806.45161 | I20: 2861 | J20: 1290.3226 | K20: =9532.3-2861 -> 6671.3 | L20: 5161.2903 | M20: 66.5 | N20: 1770 | O20: =M20+N20 -> 1836.5 | P20: 967.7419 | Q20: 10691.4 | R20: 7558.0645 | S20: =SUM(C20+E20+G20+I20+K20+O20+Q20) -> 44679.3 | T20: =SUM(D20+F20+H20+J20+L20+P20+R20) -> 33203.226 | U20: 5082.2 | V20: 2741.9355 | W20: =SUM(S20+U20) -> 49761.5 | X20: =SUM(T20+V20) -> 35945.161 | Y20: sonnig | Z20: 25 | AA20: °C | AD20: =C20+E20+G20+I20+K20+M20+U20 -> 37300.1
A21: =SUM(A20+1) -> 15 | B21: Sa | C21: 626.1 | D21: 3870.9677 | E21: 19555.7 | F21: 13548.387 | G21: 1559.4 | H21: 806.45161 | I21: 5587.5 | J21: 1290.3226 | K21: =23646.9-5587.5 -> 18059.4 | L21: 5161.2903 | M21: 0 | N21: 0 | O21: =M21+N21 -> 0 | P21: 967.7419 | Q21: 12547.26 | R21: 7558.0645 | S21: =SUM(C21+E21+G21+I21+K21+O21+Q21) -> 57935.36 | T21: =SUM(D21+F21+H21+J21+L21+P21+R21) -> 33203.226 | U21: 7102.9 | V21: 2741.9355 | W21: =SUM(S21+U21) -> 65038.26 | X21: =SUM(T21+V21) -> 35945.161 | Y21: sonnig, bewölkt | Z21: 28 | AA21: °C | AD21: =C21+E21+G21+I21+K21+M21+U21 -> 52491
A22: =SUM(A21+1) -> 16 | B22: So | C22: 1493.7 | D22: 3870.9677 | E22: 21170.5 | F22: 13548.387 | G22: 1571.5 | H22: 806.45161 | I22: 0 | J22: 1290.3226 | K22: 0 | L22: 5161.2903 | M22: 0 | N22: 0 | O22: =M22+N22 -> 0 | P22: 967.7419 | Q22: 5922.14 | R22: 7558.0645 | S22: =SUM(C22+E22+G22+I22+K22+O22+Q22) -> 30157.84 | T22: =SUM(D22+F22+H22+J22+L22+P22+R22) -> 33203.226 | U22: 2227.6 | V22: 2741.9355 | W22: =SUM(S22+U22) -> 32385.44 | X22: =SUM(T22+V22) -> 35945.161 | Y22: sonnig, bewölkt | Z22: 26 | AA22: °C | AD22: =C22+E22+G22+I22+K22+M22+U22 -> 26463.3
A23: KW | B23: =SUM(B15+1) -> 29 | C23: =SUM(C16:C22) -> 24109.7 | D23: =SUM(D16:D22) -> 27096.774 | E23: =SUM(E16:E22) -> 100031.4 | F23: =SUM(F16:F22) -> 94838.71 | G23: =SUM(G16:G22) -> 6461.7 | H23: =SUM(H16:H22) -> 5645.1613 | I23: =SUM(I16:I22) -> 8448.5 | J23: =SUM(J16:J22) -> 9032.2581 | ... X23: =SUM(X16:X22) -> 251616.13 | Y23: Ø Temp | Z23: =SUM(Z16:Z22)/7 -> 25.857143 | AA23: °C | AD23: =C23+E23+G23+I23+K23+M23+U23 -> 197199.8
A24: =SUM(A22+1) -> 17 | B24: Mo | C24: 880.8 | D24: 3870.9677 | E24: 16719.4 | F24: 13548.387 | G24: 964.1 | H24: 806.45161 | I24: 0 | J24: 1290.3226 | K24: 0 | L24: 5161.2903 | M24: 0 | N24: 977 | O24: =M24+N24 -> 977 | P24: 967.7419 | Q24: 7359.5 | R24: 7558.0645 | S24: =SUM(C24+E24+G24+I24+K24+O24+Q24) -> 26900.8 | T24: =SUM(D24+F24+H24+J24+L24+P24+R24) -> 33203.226 | U24: 2820.4 | V24: 2741.9355 | W24: =SUM(S24+U24) -> 29721.2 | X24: =SUM(T24+V24) -> 35945.161 | Y24: sonnig, bewölkt | Z24: 26 | AA24: °C | AD24: =C24+E24+G24+I24+K24+M24+U24 -> 21384.7
A25: =SUM(A24+1) -> 18 | B25: Di | C25: 1043.4 | D25: 3870.9677 | E25: 15480 | F25: 13548.387 | G25: 1096.6 | H25: 806.45161 | I25: 0 | J25: 1290.3226 | K25: 0 | L25: 5161.2903 | M25: 642 | N25: 3715 | O25: =M25+N25 -> 4357 | P25: 967.7419 | Q25: 7872.8 | R25: 7558.0645 | S25: =SUM(C25+E25+G25+I25+K25+O25+Q25) -> 29849.8 | T25: =SUM(D25+F25+H25+J25+L25+P25+R25) -> 33203.226 | U25: 1413.9 | V25: 2741.9355 | W25: =SUM(S25+U25) -> 31263.7 | X25: =SUM(T25+V25) -> 35945.161 | Y25: sonnig, leichte Regenschauer | Z25: 25 | AA25: °C | AD25: =C25+E25+G25+I25+K25+M25+U25 -> 19675.9
A26: =SUM(A25+1) -> 19 | B26: Mi | C26: 616.2 | D26: 3870.9677 | E26: 15534.8 | F26: 13548.387 | G26: 798.7 | H26: 806.45161 | I26: 0 | J26: 1290.3226 | K26: 0 | L26: 5161.2903 | M26: 36 | N26: 1110 | O26: =M26+N26 -> 1146 | P26: 967.7419 | Q26: 8015 | R26: 7558.0645 | S26: =SUM(C26+E26+G26+I26+K26+O26+Q26) -> 26110.7 | T26: =SUM(D26+F26+H26+J26+L26+P26+R26) -> 33203.226 | U26: 3402.2 | V26: 2741.9355 | W26: =SUM(S26+U26) -> 29512.9 | X26: =SUM(T26+V26) -> 35945.161 | Y26: sonnig | Z26: 22 | AA26: °C | AD26: =C26+E26+G26+I26+K26+M26+U26 -> 20387.9
A27: =SUM(A26+1) -> 20 | B27: Do | C27: 1519.9 | D27: 3870.9677 | E27: 17597.5 | F27: 13548.387 | G27: 567.6 | H27: 806.45161 | I27: 0 | J27: 1290.3226 | K27: 0 | L27: 5161.2903 | M27: 0 | N27: 0 | O27: =M27+N27 -> 0 | P27: 967.7419 | Q27: 6779.8 | R27: 7558.0645 | S27: =SUM(C27+E27+G27+I27+K27+O27+Q27) -> 26464.8 | T27: =SUM(D27+F27+H27+J27+L27+P27+R27) -> 33203.226 | U27: 3941 | V27: 2741.9355 | W27: =SUM(S27+U27) -> 30405.8 | X27: =SUM(T27+V27) -> 35945.161 | Y27: Hochnebel | Z27: 17 | AA27: °C | AD27: =C27+E27+G27+I27+K27+M27+U27 -> 23626
A28: =SUM(A27+1) -> 21 | B28: Fr | C28: 14431.9 | D28: 3870.9677 | E28: 1990.2 | F28: 13548.387 | G28: 544.6 | H28: 806.45161 | I28: 0 | J28: 1290.3226 | K28: 3606.1 | L28: 5161.2903 | M28: 0 | N28: 0 | O28: =M28+N28 -> 0 | P28: 967.7419 | Q28: 10242 | R28: 7558.0645 | S28: =SUM(C28+E28+G28+I28+K28+O28+Q28) -> 30814.8 | T28: =SUM(D28+F28+H28+J28+L28+P28+R28) -> 33203.226 | U28: 258.1 | V28: 2741.9355 | W28: =SUM(S28+U28) -> 31072.9 | X28: =SUM(T28+V28) -> 35945.161 | Y28: bewölkt, Regenschauer | Z28: 22 | AA28: °C | AD28: =C28+E28+G28+I28+K28+M28+U28 -> 20830.9
A29: =SUM(A28+1) -> 22 | B29: Sa | C29: 2384.9 | D29: 3870.9677 | E29: 20207.15 | F29: 13548.387 | G29: 1053.7 | H29: 806.45161 | I29: 5306 | J29: 1290.3226 | K29: =17085-5306 -> 11779 | L29: 5161.2903 | M29: 0 | N29: 0 | O29: =M29+N29 -> 0 | P29: 967.7419 | Q29: 13627.2 | R29: 7558.0645 | S29: =SUM(C29+E29+G29+I29+K29+O29+Q29) -> 54357.95 | T29: =SUM(D29+F29+H29+J29+L29+P29+R29) -> 33203.226 | U29: 2548.6 | V29: 2741.9355 | W29: =SUM(S29+U29) -> 56906.55 | X29: =SUM(T29+V29) -> 35945.161 | Y29: sonnig | Z29: 24 | AA29: °C | AD29: =C29+E29+G29+I29+K29+M29+U29 -> 43279.35
A30: =SUM(A29+1) -> 23 | B30: So | C30: 1514.1 | D30: 3870.9677 | E30: 18336.5 | F30: 13548.387 | G30: 1201.7 | H30: 806.45161 | I30: 1738 | J30: 1290.3226 | K30: =18592.9-1738 -> 16854.9 | L30: 5161.2903 | M30: 0 | N30: 0 | O30: =M30+N30 -> 0 | P30: 967.7419 | Q30: 6653.85 | R30: 7558.0645 | S30: =SUM(C30+E30+G30+I30+K30+O30+Q30) -> 46299.05 | T30: =SUM(D30+F30+H30+J30+L30+P30+R30) -> 33203.226 | U30: 7310.9 | V30: 2741.9355 | W30: =SUM(S30+U30) -> 53609.95 | X30: =SUM(T30+V30) -> 35945.161 | Y30: sonnig, bewölkt | Z30: 26 | AA30: °C | AD30: =C30+E30+G30+I30+K30+M30+U30 -> 46956.1
A31: KW | B31: =SUM(B23+1) -> 30 | C31: =SUM(C24:C30) -> 22391.2 | D31: =SUM(D24:D30) -> 27096.774 | E31: =SUM(E24:E30) -> 105865.55 | F31: =SUM(F24:F30) -> 94838.71 | G31: =SUM(G24:G30) -> 6227 | H31: =SUM(H24:H30) -> 5645.1613 | I31: =SUM(I24:I30) -> 7044 | J31: =SUM(J24:J30) -> 9032.2581 | ... X31: =SUM(X24:X30) -> 251616.13 | Y31: Ø Temp | Z31: =SUM(Z24:Z30)/7 -> 23.142857 | AA31: °C | AD31: =C31+E31+G31+I31+K31+M31+U31 -> 196140.85
A32: =SUM(A30+1) -> 24 | B32: Mo | C32: 8378.8 | D32: 3870.9677 | E32: 1849.1 | F32: 13548.387 | G32: 530 | H32: 806.45161 | I32: 0 | J32: 1290.3226 | K32: 0 | L32: 5161.2903 | M32: 0 | N32: 0 | O32: =M32+N32 -> 0 | P32: 967.7419 | Q32: 4749.3 | R32: 7558.0645 | S32: =SUM(C32+E32+G32+I32+K32+O32+Q32) -> 15507.2 | T32: =SUM(D32+F32+H32+J32+L32+P32+R32) -> 33203.226 | U32: 0 | V32: 2741.9355 | W32: =SUM(S32+U32) -> 15507.2 | X32: =SUM(T32+V32) -> 35945.161 | Y32: starker Regen | Z32: 22 | AA32: °C | AD32: =C32+E32+G32+I32+K32+M32+U32 -> 10757.9
A33: =SUM(A32+1) -> 25 | B33: Di | C33: 10294.6 | D33: 3870.9677 | E33: 593.5 | F33: 13548.387 | G33: 142.5 | H33: 806.45161 | I33: 0 | J33: 1290.3226 | K33: 1505.3 | L33: 5161.2903 | M33: 0 | N33: 0 | O33: =M33+N33 -> 0 | P33: 967.7419 | Q33: 9083.2 | R33: 7558.0645 | S33: =SUM(C33+E33+G33+I33+K33+O33+Q33) -> 21619.1 | T33: =SUM(D33+F33+H33+J33+L33+P33+R33) -> 33203.226 | U33: 0 | V33: 2741.9355 | W33: =SUM(S33+U33) -> 21619.1 | X33: =SUM(T33+V33) -> 35945.161 | Y33: Regenschauer mit trock, Abschnitten | Z33: 17 | AA33: °C | AD33: =C33+E33+G33+I33+K33+M33+U33 -> 12535.9 | AE33: bis hierhin kontrolliert am 26.07./RW
A34: =SUM(A33+1) -> 26 | B34: Mi | C34: 13403.3 | D34: 3870.9677 | E34: 676.1 | F34: 13548.387 | G34: 218.4 | H34: 806.45161 | I34: 0 | J34: 1290.3226 | K34: 0 | L34: 5161.2903 | M34: 0 | N34: 644 | O34: =M34+N34 -> 644 | P34: 967.7419 | Q34: 8188.8 | R34: 7558.0645 | S34: =SUM(C34+E34+G34+I34+K34+O34+Q34) -> 23130.6 | T34: =SUM(D34+F34+H34+J34+L34+P34+R34) -> 33203.226 | U34: 0 | V34: 2741.9355 | W34: =SUM(S34+U34) -> 23130.6 | X34: =SUM(T34+V34) -> 35945.161 | Y34: Regen, teilweise sonnig | Z34: 13 | AA34: °C | AD34: =C34+E34+G34+I34+K34+M34+U34 -> 14297.8
A35: =SUM(A34+1) -> 27 | B35: Do | C35: 1881.6 | D35: 3870.9677 | E35: 15811.95 | F35: 13548.387 | G35: 619.2 | H35: 806.45161 | I35: 0 | J35: 1290.3226 | K35: 6464.5 | L35: 5161.2903 | M35: 0 | N35: 0 | O35: =M35+N35 -> 0 | P35: 967.7419 | Q35: 8285.2 | R35: 7558.0645 | S35: =SUM(C35+E35+G35+I35+K35+O35+Q35) -> 33062.45 | T35: =SUM(D35+F35+H35+J35+L35+P35+R35) -> 33203.226 | U35: 1269.8 | V35: 2741.9355 | W35: =SUM(S35+U35) -> 34332.25 | X35: =SUM(T35+V35) -> 35945.161 | Y35: teilweise sonnig | Z35: 24 | AA35: °C | AD35: =C35+E35+G35+I35+K35+M35+U35 -> 26047.05
A36: =SUM(A35+1) -> 28 | B36: Fr | C36: 10964.6 | D36: 3870.9677 | E36: 7257.2 | F36: 13548.387 | G36: 353.6 | H36: 806.45161 | I36: 6578 | J36: 1290.3226 | K36: 5876.4 | L36: 5161.2903 | M36: 0 | N36: 0 | O36: =M36+N36 -> 0 | P36: 967.7419 | Q36: 9086.4 | R36: 7558.0645 | S36: =SUM(C36+E36+G36+I36+K36+O36+Q36) -> 40116.2 | T36: =SUM(D36+F36+H36+J36+L36+P36+R36) -> 33203.226 | U36: 1008 | V36: 2741.9355 | W36: =SUM(S36+U36) -> 41124.2 | X36: =SUM(T36+V36) -> 35945.161 | Y36: bewölkt, Abend Gewitter | Z36: 25 | AA36: °C | AD36: =C36+E36+G36+I36+K36+M36+U36 -> 32037.8
A37: =SUM(A36+1) -> 29 | B37: Sa | C37: 10348.6 | D37: 3870.9677 | E37: 3753.8 | F37: 13548.387 | G37: 522.3 | H37: 806.45161 | I37: 0 | J37: 1290.3226 | K37: 9854.6 | L37: 5161.2903 | M37: 0 | N37: 0 | O37: =M37+N37 -> 0 | P37: 967.7419 | Q37: 9651.3 | R37: 7558.0645 | S37: =SUM(C37+E37+G37+I37+K37+O37+Q37) -> 34130.6 | T37: =SUM(D37+F37+H37+J37+L37+P37+R37) -> 33203.226 | U37: 581.2 | V37: 2741.9355 | W37: =SUM(S37+U37) -> 34711.8 | X37: =SUM(T37+V37) -> 35945.161 | Y37: bedeckt, Regen | Z37: 23 | AA37: °C | AD37: =C37+E37+G37+I37+K37+M37+U37 -> 25060.5
A38: =SUM(A37+1) -> 30 | B38: So | C38: 6149.1 | D38: 3870.9677 | E38: 13918 | F38: 13548.387 | G38: 1106.7 | H38: 806.45161 | I38: 0 | J38: 1290.3226 | K38: 3801.5 | L38: 5161.2903 | M38: 0 | N38: 0 | O38: =M38+N38 -> 0 | P38: 967.7419 | Q38: 10040.5 | R38: 7558.0645 | S38: =SUM(C38+E38+G38+I38+K38+O38+Q38) -> 35015.8 | T38: =SUM(D38+F38+H38+J38+L38+P38+R38) -> 33203.226 | U38: 1369.3 | V38: 2741.9355 | W38: =SUM(S38+U38) -> 36385.1 | X38: =SUM(T38+V38) -> 35945.161 | Y38: bedeckt, Regenschauer | Z38: 23 | AA38: °C | AD38: =C38+E38+G38+I38+K38+M38+U38 -> 26344.6
A39: KW | B39: =SUM(B31+1) -> 31 | C39: =SUM(C32:C38) -> 61420.6 | D39: =SUM(D32:D38) -> 27096.774 | E39: =SUM(E32:E38) -> 43859.65 | F39: =SUM(F32:F38) -> 94838.71 | G39: =SUM(G32:G38) -> 3492.7 | H39: =SUM(H32:H38) -> 5645.1613 | I39: =SUM(I32:I38) -> 6578 | J39: =SUM(J32:J38) -> 9032.2581 | ... X39: =SUM(X32:X38) -> 251616.13 | Y39: Ø Temp | Z39: =SUM(Z32:Z38)/6 -> 24.5 | AA39: °C | AD39: =C39+E39+G39+I39+K39+M39+U39 -> 147081.55
A40: 31 | B40: Mo | C40: 1766.4 | D40: 3870.9677 | E40: 17750.4 | F40: 13548.387 | G40: 878.5 | H40: 806.45161 | I40: 0 | J40: 1290.3226 | K40: 0 | L40: 5161.2903 | M40: 0 | N40: 0 | O40: =M40+N40 -> 0 | P40: 967.7419 | Q40: 11081.17 | R40: 7558.0645 | S40: =SUM(C40+E40+G40+I40+K40+O40+Q40) -> 31476.47 | T40: =SUM(D40+F40+H40+J40+L40+P40+R40) -> 33203.226 | U40: 3072.44 | V40: 2741.9355 | W40: =SUM(S40+U40) -> 34548.91 | X40: =SUM(T40+V40) -> 35945.161 | Y40: teilweise sonnig | Z40: 24 | AA40: °C | AD40: =C40+E40+G40+I40+K40+M40+U40 -> 23467.74
A41: KW | B41: =SUM(B39+1) -> 32 | C41: =SUM(C40) -> 1766.4 | D41: =SUM(D40) -> 3870.9677 | E41: =SUM(E40) -> 17750.4 | F41: =SUM(F40) -> 13548.387 | G41: =SUM(G40) -> 878.5 | H41: =SUM(H40) -> 806.45161 | I41: =SUM(I40) -> 0 | J41: =SUM(J40) -> 1290.3226 | ... X41: =SUM(X40) -> 35945.161 | Y41: Ø Temp | Z41: =SUM(Z40)/1 -> 24 | AA41: °C | AD41: =C41+E41+G41+I41+K41+M41+U41 -> 23467.74
A42: Umsatz kumuliert | C42: =SUM(C7+C15+C23+C31+C39+C41) -> 151595.2 | D42: =SUM(D7+D15+D23+D31+D39+D41) -> 120000 | E42: =SUM(E7+E15+E23+E31+E39+E41) -> 391307.85 | F42: =SUM(F7+F15+F23+F31+F39+F41) -> 420000 | G42: =SUM(G7+G15+G23+G31+G39+G41) -> 25121.6 | H42: =SUM(H7+H15+H23+H31+H39+H41) -> 25000 | I42: =SUM(I7+I15+I23+I31+I39+I41) -> 31456.5 | J42: =SUM(J7+J15+J23+J31+J39+J41) -> 40000 | ... T42: =SUM(T7+T15+T23+T31+T39+T41) -> 1029300 | U42: =SUM(U7+U15+U23+U31+U39+U40) -> 83915.34 | V42: =SUM(V7+V15+V23+V31+V39+V41) -> 85000 | W42: =SUM(W7+W15+W23+W31+W39+W41) -> 1158136.4 | X42: =SUM(X7+X15+X23+X31+X39+X41) -> 1114300 | Y42: Umsatz kumuliert
A43: Umsatz pro Tag | C43: =C42/31 -> 4890.1677 | D43: =D42/31 -> 3870.9677 | E43: =E42/31 -> 12622.834 | F43: =F42/31 -> 13548.387 | G43: =G42/31 -> 810.37419 | H43: =H42/31 -> 806.45161 | I43: =I42/31 -> 1014.7258 | J43: =J42/31 -> 1290.3226 | ... L43: =L42/31 -> 5161.2903 | M43: =M42/30 -> 283.93 | P43: =P42/30 -> 999.99996 | Q43: =Q42/31 -> 8383.5006 | R43: =R42/31 -> 7558.0645 | S43: =S42/31 -> 34652.291 | T43: =T42/31 -> 33203.226 | U43: =U42/31 -> 2706.9465 | V43: =V42/31 -> 2741.9355 | W43: =W42/31 -> 37359.237 | X43: =X42/31 -> 35945.161 | Y43: Budget pro Tag
A44: Diff. zu Budget | C44: =SUM(C42-D42) -> 31595.2 | E44: =SUM(E42-F42) -> -28692.15 | G44: =SUM(G42-H42) -> 121.60009 | I44: =SUM(I42-J42) -> -8543.5 | K44: =SUM(K42-L42) -> 3340.0001 | M44: =SUM(100/P42*M42) -> 28.393001 | P44: =SUM(O42-P42) -> 21511.351 | Q44: =SUM(Q42-R42) -> 25588.52 | S44: =SUM(S42-T42) -> 44921.022 | U44: =SUM(U42-V42) -> -1084.6599 | V44: 2741.9355 | W44: =SUM(W42-X42) -> 43836.362
A45: Index | C45: =SUM(100/D42*C42) -> 126.32933 | E45: =SUM(100/F42*E42) -> 93.168536 | G45: =SUM(100/H42*G42) -> 100.4864 | I45: =SUM(100/J42*I42) -> 78.64125 | K45: =SUM(100/L42*K42) -> 102.0875 | M45: =SUM(100/P42*O42) -> 171.70451 | Q45: =SUM(100/R42*Q42) -> 110.92126 | S45: =SUM(100/T42*S42) -> 104.36423 | U45: =SUM(100/V42*U42) -> 98.72393 | V45: 2741.9355 | W45: =SUM(100/X42*W42) -> 103.93398

Sheet 08_23
A1: Tagesumsätze | H1: 45139
C3: Restaurant | E3: Terrasse | G3: Lounge | I3: Pavillon | K3: Bankett | M3: Seminar | Q3: Hotel | S3: TOTAL Gesamtbetrieb ohne Seebad | U3: Seebad | W3: TOTAL Gesamtbetrieb mit Seebad | Y3: Info's | AD3: Gegenkontrolle Gastronovi
C4: IST | D4: Budget | E4: IST | F4: Budget | G4: IST | H4: Budget | I4: IST | J4: Budget | K4: IST | L4: Budget | M4: IST/GN | N4: IST/ET | O4: TOTAL IST | P4: Budget | Q4: IST | R4: Budget | S4: IST | T4: Budget | U4: IST | V4: Budget | W4: IST | X4: Budget | Y4: Wetter | Z4: Temp. | AB4: Bemerkung
A5: 1 | B5: Di | C5: 19076.7 | D5: 4193.5484 | E5: 0 | F5: 12903.226 | G5: 448.8 | H5: 806.45161 | I5: 0 | J5: 967.7419 | K5: =1947.3-I5 -> 1947.3 | L5: 5161.2903 | M5: 0 | N5: 0 | O5: =M5+N5 -> 0 | P5: 1935.4839 | Q5: 6100.8 | R5: 6803.2258 | S5: =SUM(C5+E5+G5+I5+K5+O5+Q5) -> 27573.6 | T5: =SUM(D5+F5+H5+J5+L5+P5+R5) -> 32770.968 | U5: 0 | V5: 2419.3548 | W5: =SUM(S5+U5) -> 27573.6 | X5: =SUM(T5+V5) -> 35190.323 | Y5: Regenschauer, bewölkt | Z5: 21 | AA5: °C | AD5: =C5+E5+G5+I5+K5+M5+U5 -> 21472.8
A6: =SUM(A5+1) -> 2 | B6: Mi | C6: 7204.4 | D6: 4193.5484 | E6: 7404.8 | F6: 12903.226 | G6: 530.5 | H6: 806.45161 | I6: 0 | J6: 967.7419 | K6: =0-I6 -> 0 | L6: 5161.2903 | M6: 0 | N6: 0 | O6: =M6+N6 -> 0 | P6: 1935.4839 | Q6: 6750.9 | R6: 6803.2258 | S6: =SUM(C6+E6+G6+I6+K6+O6+Q6) -> 21890.6 | T6: =SUM(D6+F6+H6+J6+L6+P6+R6) -> 32770.968 | U6: 1885.9 | V6: 2419.3548 | W6: =SUM(S6+U6) -> 23776.5 | X6: =SUM(T6+V6) -> 35190.323 | Y6: sonnig, am Abend windig | Z6: 25 | AA6: °C | AD6: =C6+E6+G6+I6+K6+M6+U6 -> 17025.6
A7: =SUM(A6+1) -> 3 | B7: Do | C7: 10612.8 | D7: 4193.5484 | E7: 4630.5 | F7: 12903.226 | G7: 613.7 | H7: 806.45161 | I7: 0 | J7: 967.7419 | K7: =0-I7 -> 0 | L7: 5161.2903 | M7: 0 | N7: 0 | O7: =M7+N7 -> 0 | P7: 1935.4839 | Q7: 5508.7 | R7: 6803.2258 | S7: =SUM(C7+E7+G7+I7+K7+O7+Q7) -> 21365.7 | T7: =SUM(D7+F7+H7+J7+L7+P7+R7) -> 32770.968 | U7: 758.8 | V7: 2419.3548 | W7: =SUM(S7+U7) -> 22124.5 | X7: =SUM(T7+V7) -> 35190.323 | Y7: sonnig, starker Wind | Z7: 23 | AA7: °C | AD7: =C7+E7+G7+I7+K7+M7+U7 -> 16615.8
A8: =SUM(A7+1) -> 4 | B8: Fr | C8: 13653.6 | D8: 4193.5484 | E8: 184.2 | F8: 12903.226 | G8: 221.4 | H8: 806.45161 | I8: 3600 | J8: 967.7419 | K8: =16695.5-I8 -> 13095.5 | L8: 5161.2903 | M8: 0 | N8: 0 | O8: =M8+N8 -> 0 | P8: 1935.4839 | Q8: 8668.2 | R8: 6803.2258 | S8: =SUM(C8+E8+G8+I8+K8+O8+Q8) -> 39422.9 | T8: =SUM(D8+F8+H8+J8+L8+P8+R8) -> 32770.968 | U8: 0 | V8: 2419.3548 | W8: =SUM(S8+U8) -> 39422.9 | X8: =SUM(T8+V8) -> 35190.323 | Y8: Regen | Z8: 18 | AA8: °C | AD8: =C8+E8+G8+I8+K8+M8+U8 -> 30754.7
A9: =SUM(A8+1) -> 5 | B9: Sa | C9: 7467.1 | D9: 4193.5484 | E9: 9972.8 | F9: 12903.226 | G9: 1677.8 | H9: 806.45161 | I9: 3836.5 | J9: 967.7419 | K9: =9770.1-I9 -> 5933.6 | L9: 5161.2903 | M9: 0 | N9: 0 | O9: =M9+N9 -> 0 | P9: 1935.4839 | Q9: 12580 | R9: 6803.2258 | S9: =SUM(C9+E9+G9+I9+K9+O9+Q9) -> 41467.8 | T9: =SUM(D9+F9+H9+J9+L9+P9+R9) -> 32770.968 | U9: 0 | V9: 2419.3548 | W9: =SUM(S9+U9) -> 41467.8 | X9: =SUM(T9+V9) -> 35190.323 | Y9: bewölkt, teilweise sonnig | Z9: 20 | AA9: °C | AD9: =C9+E9+G9+I9+K9+M9+U9 -> 28887.8
A10: =SUM(A9+1) -> 6 | B10: So | C10: 20782.1 | D10: 4193.5484 | E10: 31.3 | F10: 12903.226 | G10: 105.1 | H10: 806.45161 | I10: 168 | J10: 967.7419 | K10: =3909.8-I10 -> 3741.8 | L10: 5161.2903 | M10: 0 | N10: 0 | O10: =M10+N10 -> 0 | P10: 1935.4839 | Q10: 7145.7 | R10: 6803.2258 | S10: =SUM(C10+E10+G10+I10+K10+O10+Q10) -> 31974 | T10: =SUM(D10+F10+H10+J10+L10+P10+R10) -> 32770.968 | U10: 0 | V10: 2419.3548 | W10: =SUM(S10+U10) -> 31974 | X10: =SUM(T10+V10) -> 35190.323 | Y10: teilweise sonnig, Regenschauer | Z10: 18 | AA10: °C | AD10: =C10+E10+G10+I10+K10+M10+U10 -> 24828.3
A11: KW | B11: 32 | C11: =SUM(C5:C10) -> 78796.7 | D11: =SUM(D5:D10) -> 25161.29 | E11: =SUM(E5:E10) -> 22223.6 | F11: =SUM(F5:F10) -> 77419.355 | G11: =SUM(G5:G10) -> 3597.3 | H11: =SUM(H5:H10) -> 4838.7097 | I11: =SUM(I5:I10) -> 7604.5 | J11: =SUM(J5:J10) -> 5806.4514 | ... X11: =SUM(X5:X10) -> 211141.94 | Y11: Ø Temp | Z11: =SUM(Z5:Z10)/6 -> 20.833333 | AA11: °C
A12: =SUM(A10+1) -> 7 | B12: Mo | C12: 10168.5 | D12: 4193.5484 | E12: 90.6 | F12: 12903.226 | G12: 205.5 | H12: 806.45161 | I12: 0 | J12: 967.7419 | K12: 0 | L12: 5161.2903 | M12: 0 | N12: 0 | O12: =M12+N12 -> 0 | P12: 1935.4839 | Q12: 6811 | R12: 6803.2258 | S12: =SUM(C12+E12+G12+I12+K12+O12+Q12) -> 17275.6 | T12: =SUM(D12+F12+H12+J12+L12+P12+R12) -> 32770.968 | U12: 0 | V12: 2419.3548 | W12: =SUM(S12+U12) -> 17275.6 | X12: =SUM(T12+V12) -> 35190.323 | Y12: bedeckt, Regenschauer | Z12: 17 | AA12: °C | AD12: =C12+E12+G12+I12+K12+M12+U12 -> 10464.6
A13: =SUM(A12+1) -> 8 | B13: Di | C13: 3794.2 | D13: 4193.5484 | E13: 14571.4 | F13: 12903.226 | G13: 615.9 | H13: 806.45161 | I13: 2899 | J13: 967.7419 | K13: =5758-I13 -> 2859 | L13: 5161.2903 | M13: 0 | N13: 0 | O13: =M13+N13 -> 0 | P13: 1935.4839 | Q13: 8806.5 | R13: 6803.2258 | S13: =SUM(C13+E13+G13+I13+K13+O13+Q13) -> 33546 | T13: =SUM(D13+F13+H13+J13+L13+P13+R13) -> 32770.968 | U13: 732.2 | V13: 2419.3548 | W13: =SUM(S13+U13) -> 34278.2 | X13: =SUM(T13+V13) -> 35190.323 | Y13: hohe Wolkenfelder | Z13: 19 | AA13: °C | AD13: =C13+E13+G13+I13+K13+M13+U13 -> 25471.7
A14: =SUM(A13+1) -> 9 | B14: Mi | C14: 4757.4 | D14: 4193.5484 | E14: 12229.7 | F14: 12903.226 | G14: 602.9 | H14: 806.45161 | I14: 0 | J14: 967.7419 | K14: 0 | L14: 5161.2903 | M14: 0 | N14: 0 | O14: =M14+N14 -> 0 | P14: 1935.4839 | Q14: 7905.9 | R14: 6803.2258 | S14: =SUM(C14+E14+G14+I14+K14+O14+Q14) -> 25495.9 | T14: =SUM(D14+F14+H14+J14+L14+P14+R14) -> 32770.968 | U14: 503.3 | V14: 2419.3548 | W14: =SUM(S14+U14) -> 25999.2 | X14: =SUM(T14+V14) -> 35190.323 | Y14: Regenschauer, bedeckt | Z14: 23 | AA14: °C | AD14: =C14+E14+G14+I14+K14+M14+U14 -> 18093.3
A15: =SUM(A14+1) -> 10 | B15: Do | C15: 3148.8 | D15: 4193.5484 | E15: 18124.5 | F15: 12903.226 | G15: 986.1 | H15: 806.45161 | I15: 0 | J15: 967.7419 | K15: 0 | L15: 5161.2903 | M15: 657.7 | N15: 3334 | O15: =M15+N15 -> 3991.7 | P15: 1935.4839 | Q15: 8344.8 | R15: 6803.2258 | S15: =SUM(C15+E15+G15+I15+K15+O15+Q15) -> 34595.9 | T15: =SUM(D15+F15+H15+J15+L15+P15+R15) -> 32770.968 | U15: 4229.7 | V15: 2419.3548 | W15: =SUM(S15+U15) -> 38825.6 | X15: =SUM(T15+V15) -> 35190.323 | Y15: teilweise sonnig | Z15: 26 | AA15: °C | AD15: =C15+E15+G15+I15+K15+M15+U15 -> 27146.8
A16: =SUM(A15+1) -> 11 | B16: Fr | C16: 3620.2 | D16: 4193.5484 | E16: 20646.9 | F16: 12903.226 | G16: 1011.2 | H16: 806.45161 | I16: 3448 | J16: 967.7419 | K16: 13317.9 | L16: 5161.2903 | M16: 0 | N16: 1624 | O16: =M16+N16 -> 1624 | P16: 1935.4839 | Q16: 10489.9 | R16: 6803.2258 | S16: =SUM(C16+E16+G16+I16+K16+O16+Q16) -> 54158.1 | T16: =SUM(D16+F16+H16+J16+L16+P16+R16) -> 32770.968 | U16: 6610 | V16: 2419.3548 | W16: =SUM(S16+U16) -> 60768.1 | X16: =SUM(T16+V16) -> 35190.323 | Y16: sonnig | Z16: 17 | AA16: °C | AD16: =C16+E16+G16+I16+K16+M16+U16 -> 48654.2
A17: =SUM(A16+1) -> 12 | B17: Sa | C17: 3198.8 | D17: 4193.5484 | E17: 14113.7 | F17: 12903.226 | G17: 755.7 | H17: 806.45161 | I17: 3456 | J17: 967.7419 | K17: 17632 | L17: 5161.2903 | M17: 0 | N17: 0 | O17: =M17+N17 -> 0 | P17: 1935.4839 | Q17: 11683.85 | R17: 6803.2258 | S17: =SUM(C17+E17+G17+I17+K17+O17+Q17) -> 50840.05 | T17: =SUM(D17+F17+H17+J17+L17+P17+R17) -> 32770.968 | U17: 2306.6 | V17: 2419.3548 | W17: =SUM(S17+U17) -> 53146.65 | X17: =SUM(T17+V17) -> 35190.323 | Y17: bewölkt, Regen | Z17: 29 | AA17: °C | AD17: =C17+E17+G17+I17+K17+M17+U17 -> 41462.8
A18: =SUM(A17+1) -> 13 | B18: So | C18: 2878 | D18: 4193.5484 | E18: 20817 | F18: 12903.226 | G18: 1246.2 | H18: 806.45161 | I18: 0 | J18: 967.7419 | K18: 4437.7 | L18: 5161.2903 | M18: 0 | N18: 0 | O18: =M18+N18 -> 0 | P18: 1935.4839 | Q18: 7764.8 | R18: 6803.2258 | S18: =SUM(C18+E18+G18+I18+K18+O18+Q18) -> 37143.7 | T18: =SUM(D18+F18+H18+J18+L18+P18+R18) -> 32770.968 | U18: 7520.9 | V18: 2419.3548 | W18: =SUM(S18+U18) -> 44664.6 | X18: =SUM(T18+V18) -> 35190.323 | Y18: sonnig, hohe Wolkenfelder | Z18: 29 | AA18: °C | AD18: =C18+E18+G18+I18+K18+M18+U18 -> 36899.8
A19: KW | B19: =SUM(B11+1) -> 33 | C19: =SUM(C12:C18) -> 31565.9 | D19: =SUM(D12:D18) -> 29354.839 | E19: =SUM(E12:E18) -> 100593.8 | F19: =SUM(F12:F18) -> 90322.581 | G19: =SUM(G12:G18) -> 5423.5 | H19: =SUM(H12:H18) -> 5645.1613 | I19: =SUM(I12:I18) -> 9803 | J19: =SUM(J12:J18) -> 6774.1933 | ... X19: =SUM(X12:X18) -> 246332.26 | Y19: Ø Temp | Z19: =SUM(Z12:Z18)/7 -> 22.857143 | AA19: °C
A20: =SUM(A18+1) -> 14 | B20: Mo | C20: 1638.5 | D20: 4193.5484 | E20: 16479.2 | F20: 12903.226 | G20: 857.2 | H20: 806.45161 | I20: 0 | J20: 967.7419 | K20: 89.6 | L20: 5161.2903 | M20: 0 | N20: 0 | O20: =M20+N20 -> 0 | P20: 1935.4839 | Q20: 9034.9 | R20: 6803.2258 | S20: =SUM(C20+E20+G20+I20+K20+O20+Q20) -> 28099.4 | T20: =SUM(D20+F20+H20+J20+L20+P20+R20) -> 32770.968 | U20: 3530.4 | V20: 2419.3548 | W20: =SUM(S20+U20) -> 31629.8 | X20: =SUM(T20+V20) -> 35190.323 | Y20: sonnig, trocken & Regenschauer | Z20: 30 | AA20: °C | AD20: =C20+E20+G20+I20+K20+M20+U20 -> 22594.9
A21: =SUM(A20+1) -> 15 | B21: Di | C21: 1528.9 | D21: 4193.5484 | E21: 21408.9 | F21: 12903.226 | G21: 1172.2 | H21: 806.45161 | I21: 0 | J21: 967.7419 | K21: 4723 | L21: 5161.2903 | M21: 0 | N21: 0 | O21: =M21+N21 -> 0 | P21: 1935.4839 | Q21: 7399.8 | R21: 6803.2258 | S21: =SUM(C21+E21+G21+I21+K21+O21+Q21) -> 36232.8 | T21: =SUM(D21+F21+H21+J21+L21+P21+R21) -> 32770.968 | U21: 7584.4 | V21: 2419.3548 | W21: =SUM(S21+U21) -> 43817.2 | X21: =SUM(T21+V21) -> 35190.323 | Y21: sonnig | Z21: 29 | AA21: °C | AB21: Maria Himmelfahrt | AD21: =C21+E21+G21+I21+K21+M21+U21 -> 36417.4
A22: =SUM(A21+1) -> 16 | B22: Mi | C22: 1519.1 | D22: 4193.5484 | E22: 14572.8 | F22: 12903.226 | G22: 741.2 | H22: 806.45161 | I22: 0 | J22: 967.7419 | K22: 0 | L22: 5161.2903 | M22: 890.2 | N22: 944 | O22: =M22+N22 -> 1834.2 | P22: 1935.4839 | Q22: 7884.6 | R22: 6803.2258 | S22: =SUM(C22+E22+G22+I22+K22+O22+Q22) -> 26551.9 | T22: =SUM(D22+F22+H22+J22+L22+P22+R22) -> 32770.968 | U22: 4955.5 | V22: 2419.3548 | W22: =SUM(S22+U22) -> 31507.4 | X22: =SUM(T22+V22) -> 35190.323 | Y22: sonnig | Z22: 30 | AA22: °C | AD22: =C22+E22+G22+I22+K22+M22+U22 -> 22678.8
A23: =SUM(A22+1) -> 17 | B23: Do | C23: 1660.3 | D23: 4193.5484 | E23: =15897.4-2110 -> 13787.4 | F23: 12903.226 | G23: 750.3 | H23: 806.45161 | I23: 0 | J23: 967.7419 | K23: 2221.5 | L23: 5161.2903 | M23: 1313.7 | N23: 3979 | O23: =M23+N23 -> 5292.7 | P23: 1935.4839 | Q23: 7199.2 | R23: 6803.2258 | S23: =SUM(C23+E23+G23+I23+K23+O23+Q23) -> 30911.4 | T23: =SUM(D23+F23+H23+J23+L23+P23+R23) -> 32770.968 | U23: 1294.4 | V23: 2419.3548 | W23: =SUM(S23+U23) -> 32205.8 | X23: =SUM(T23+V23) -> 35190.323 | Y23: bewölkt, leicht Regen, hohe Wolkenfelder | Z23: 27 | AA23: °C | AD23: =C23+E23+G23+I23+K23+M23+U23 -> 21027.6
A24: =SUM(A23+1) -> 18 | B24: Fr | C24: 760.7 | D24: 4193.5484 | E24: 15648.4 | F24: 12903.226 | G24: 896.2 | H24: 806.45161 | I24: 3157.5 | J24: 967.7419 | K24: =13812-I24 -> 10654.5 | L24: 5161.2903 | M24: 721.6 | N24: 3497 | O24: =M24+N24 -> 4218.6 | P24: 1935.4839 | Q24: 10287.2 | R24: 6803.2258 | S24: =SUM(C24+E24+G24+I24+K24+O24+Q24) -> 45623.1 | T24: =SUM(D24+F24+H24+J24+L24+P24+R24) -> 32770.968 | U24: 7153.6 | V24: 2419.3548 | W24: =SUM(S24+U24) -> 52776.7 | X24: =SUM(T24+V24) -> 35190.323 | Y24: sonnig | Z24: 30 | AA24: °C | AD24: =C24+E24+G24+I24+K24+M24+U24 -> 38992.5
A25: =SUM(A24+1) -> 19 | B25: Sa | C25: 863.6 | D25: 4193.5484 | E25: 14869.3 | F25: 12903.226 | G25: 1262 | H25: 806.45161 | I25: 3183 | J25: 967.7419 | K25: =25322.1-I25 -> 22139.1 | L25: 5161.2903 | M25: 0 | N25: 75 | O25: =M25+N25 -> 75 | P25: 1935.4839 | Q25: 12333.4 | R25: 6803.2258 | S25: =SUM(C25+E25+G25+I25+K25+O25+Q25) -> 54725.4 | T25: =SUM(D25+F25+H25+J25+L25+P25+R25) -> 32770.968 | U25: 8774.2 | V25: 2419.3548 | W25: =SUM(S25+U25) -> 63499.6 | X25: =SUM(T25+V25) -> 35190.323 | Y25: sonnig, Hitzewelle | Z25: 31 | AA25: °C | AD25: =C25+E25+G25+I25+K25+M25+U25 -> 51091.2
A26: =SUM(A25+1) -> 20 | B26: So | C26: =1673.7+3663 -> 5336.7 | D26: 4193.5484 | E26: 15430.9 | F26: 12903.226 | G26: 783.5 | H26: 806.45161 | I26: 0 | J26: 967.7419 | K26: 6502.6 | L26: 5161.2903 | M26: 0 | N26: 0 | O26: =M26+N26 -> 0 | P26: 1935.4839 | Q26: 5691.4 | R26: 6803.2258 | S26: =SUM(C26+E26+G26+I26+K26+O26+Q26) -> 33745.1 | T26: =SUM(D26+F26+H26+J26+L26+P26+R26) -> 32770.968 | U26: 9380.1 | V26: 2419.3548 | W26: =SUM(S26+U26) -> 43125.2 | X26: =SUM(T26+V26) -> 35190.323 | Y26: sonnig, Hitzewelle | Z26: 32 | AA26: °C | AB26: Slowup / Kiosk+Terrasse | AD26: =C26+E26+G26+I26+K26+M26+U26 -> 37433.8
A27: KW | B27: =SUM(B19+1) -> 34 | C27: =SUM(C20:C26) -> 13307.8 | D27: =SUM(D20:D26) -> 29354.839 | E27: =SUM(E20:E26) -> 112196.9 | F27: =SUM(F20:F26) -> 90322.581 | G27: =SUM(G20:G26) -> 6462.6 | H27: =SUM(H20:H26) -> 5645.1613 | I27: =SUM(I20:I26) -> 6340.5 | J27: =SUM(J20:J26) -> 6774.1933 | ... X27: =SUM(X20:X26) -> 246332.26 | Y27: Ø Temp | Z27: =SUM(Z20:Z26)/7 -> 29.857143 | AA27: °C
A28: =SUM(A26+1) -> 21 | B28: Mo | C28: 486.8 | D28: 4193.5484 | E28: 11991.4 | F28: 12903.226 | G28: 930.7 | H28: 806.45161 | I28: 0 | J28: 967.7419 | K28: 0 | L28: 5161.2903 | M28: 1538.3 | N28: 1792 | O28: =M28+N28 -> 3330.3 | P28: 1935.4839 | Q28: 6813.6 | R28: 6803.2258 | S28: =SUM(C28+E28+G28+I28+K28+O28+Q28) -> 23552.8 | T28: =SUM(D28+F28+H28+J28+L28+P28+R28) -> 32770.968 | U28: 6974 | V28: 2419.3548 | W28: =SUM(S28+U28) -> 30526.8 | X28: =SUM(T28+V28) -> 35190.323 | Y28: sonnig, Hitzewelle | Z28: 31 | AA28: °C | AD28: =C28+E28+G28+I28+K28+M28+U28 -> 21921.2
A29: =SUM(A28+1) -> 22 | B29: Di | C29: 947.7 | D29: 4193.5484 | E29: 14304.2 | F29: 12903.226 | G29: 623.7 | H29: 806.45161 | I29: 0 | J29: 967.7419 | K29: 1492.5 | L29: 5161.2903 | M29: 1221 | N29: 5540 | O29: =M29+N29 -> 6761 | P29: 1935.4839 | Q29: 7914.2 | R29: 6803.2258 | S29: =SUM(C29+E29+G29+I29+K29+O29+Q29) -> 32043.3 | T29: =SUM(D29+F29+H29+J29+L29+P29+R29) -> 32770.968 | U29: 8461.8 | V29: 2419.3548 | W29: =SUM(S29+U29) -> 40505.1 | X29: =SUM(T29+V29) -> 35190.323 | Y29: sonnig, Hitzewelle | Z29: 31 | AA29: °C | AD29: =C29+E29+G29+I29+K29+M29+U29 -> 27050.9
A30: =SUM(A29+1) -> 23 | B30: Mi | C30: 1165.1 | D30: 4193.5484 | E30: 13210.7 | F30: 12903.226 | G30: 1073.2 | H30: 806.45161 | I30: 0 | J30: 967.7419 | K30: 1867.4 | L30: 5161.2903 | M30: 998.2 | N30: 6691 | O30: =M30+N30 -> 7689.2 | P30: 1935.4839 | Q30: 8240.5 | R30: 6803.2258 | S30: =SUM(C30+E30+G30+I30+K30+O30+Q30) -> 33246.1 | T30: =SUM(D30+F30+H30+J30+L30+P30+R30) -> 32770.968 | U30: 7640.1 | V30: 2419.3548 | W30: =SUM(S30+U30) -> 40886.2 | X30: =SUM(T30+V30) -> 35190.323 | Y30: sonnig, Hitzewelle | Z30: 32 | AA30: °C | AD30: =C30+E30+G30+I30+K30+M30+U30 -> 25954.7
A31: =SUM(A30+1) -> 24 | B31: Do | C31: =5364+3.2 -> 5367.2 | D31: 4193.5484 | E31: 10046.5 | F31: 12903.226 | G31: 560.3 | H31: 806.45161 | I31: 0 | J31: 967.7419 | K31: 734.8 | L31: 5161.2903 | M31: 454.6 | N31: 6782 | O31: =M31+N31 -> 7236.6 | P31: 1935.4839 | Q31: 7520.2 | R31: 6803.2258 | S31: =SUM(C31+E31+G31+I31+K31+O31+Q31) -> 31465.6 | T31: =SUM(D31+F31+H31+J31+L31+P31+R31) -> 32770.968 | U31: 5553.4 | V31: 2419.3548 | W31: =SUM(S31+U31) -> 37019 | X31: =SUM(T31+V31) -> 35190.323 | Y31: Hitzewelle, starker Regen am Abend | Z31: 34 | AA31: °C | AD31: =C31+E31+G31+I31+K31+M31+U31 -> 22716.8
A32: =SUM(A31+1) -> 25 | B32: Fr | C32: 1493.5 | D32: 4193.5484 | E32: 11503.3 | F32: 12903.226 | G32: 582.2 | H32: 806.45161 | I32: 2931 | J32: 967.7419 | K32: 7152.5 | L32: 5161.2903 | M32: 1457.1 | N32: 2620 | O32: =M32+N32 -> 4077.1 | P32: 1935.4839 | Q32: 10223.4 | R32: 6803.2258 | S32: =SUM(C32+E32+G32+I32+K32+O32+Q32) -> 37963 | T32: =SUM(D32+F32+H32+J32+L32+P32+R32) -> 32770.968 | U32: 1676.5 | V32: 2419.3548 | W32: =SUM(S32+U32) -> 39639.5 | X32: =SUM(T32+V32) -> 35190.323 | Y32: bedeckt, Regenschauer am Abend | Z32: 27 | AA32: °C | AD32: =C32+E32+G32+I32+K32+M32+U32 -> 26796.1
A33: =SUM(A32+1) -> 26 | B33: Sa | C33: 11552.5 | D33: 4193.5484 | E33: 1919.6 | F33: 12903.226 | G33: 801.5 | H33: 806.45161 | I33: 1382 | J33: 967.7419 | K33: =24808-I33 -> 23426 | L33: 5161.2903 | M33: 0 | N33: 0 | O33: =M33+N33 -> 0 | P33: 1935.4839 | Q33: 12253.9 | R33: 6803.2258 | S33: =SUM(C33+E33+G33+I33+K33+O33+Q33) -> 51335.5 | T33: =SUM(D33+F33+H33+J33+L33+P33+R33) -> 32770.968 | U33: 0 | V33: 2419.3548 | W33: =SUM(S33+U33) -> 51335.5 | X33: =SUM(T33+V33) -> 35190.323 | Y33: Regen | Z33: 18 | AA33: °C | AD33: =C33+E33+G33+I33+K33+M33+U33 -> 39081.6
A34: =SUM(A33+1) -> 27 | B34: So | C34: 13758.2 | D34: 4193.5484 | E34: 1219 | F34: 12903.226 | G34: 239.8 | H34: 806.45161 | I34: 0 | J34: 967.7419 | K34: 5413.1 | L34: 5161.2903 | M34: 0 | N34: 0 | O34: =M34+N34 -> 0 | P34: 1935.4839 | Q34: 5316.7 | R34: 6803.2258 | S34: =SUM(C34+E34+G34+I34+K34+O34+Q34) -> 25946.8 | T34: =SUM(D34+F34+H34+J34+L34+P34+R34) -> 32770.968 | U34: 0 | V34: 2419.3548 | W34: =SUM(S34+U34) -> 25946.8 | X34: =SUM(T34+V34) -> 35190.323 | Y34: Regen mit trockenen Abschnitten | Z34: 18 | AA34: °C | AD34: =C34+E34+G34+I34+K34+M34+U34 -> 20630.1
A35: KW | B35: =SUM(B27+1) -> 35 | C35: =SUM(C28:C34) -> 34771 | D35: =SUM(D28:D34) -> 29354.839 | E35: =SUM(E28:E34) -> 64194.7 | F35: =SUM(F28:F34) -> 90322.581 | G35: =SUM(G28:G34) -> 4811.4 | H35: =SUM(H28:H34) -> 5645.1613 | I35: =SUM(I28:I34) -> 4313 | J35: =SUM(J28:J34) -> 6774.1933 | ... X35: =SUM(X28:X34) -> 246332.26 | Y35: Ø Temp | Z35: =SUM(Z28:Z34)/7 -> 27.285714 | AA35: °C
A36: =SUM(A34+1) -> 28 | B36: Mo | C36: 7250.3 | D36: 4193.5484 | E36: 175.3 | F36: 12903.226 | G36: 0 | H36: 806.45161 | I36: 0 | J36: 967.7419 | K36: 350.9 | L36: 5161.2903 | M36: 558.1 | N36: 1108 | O36: =M36+N36 -> 1666.1 | P36: 1935.4839 | Q36: 6842.8 | R36: 6803.2258 | S36: =SUM(C36+E36+G36+I36+K36+O36+Q36) -> 16285.4 | T36: =SUM(D36+F36+H36+J36+L36+P36+R36) -> 32770.968 | U36: 0 | V36: 2419.3548 | W36: =SUM(S36+U36) -> 16285.4 | X36: =SUM(T36+V36) -> 35190.323 | Y36: Regen | Z36: 11 | AA36: °C | AD36: =C36+E36+G36+I36+K36+M36+U36 -> 8334.6
A37: =SUM(A36+1) -> 29 | B37: Di | C37: 10109.8 | D37: 4193.5484 | E37: 0 | F37: 12903.226 | G37: 0 | H37: 806.45161 | I37: 0 | J37: 967.7419 | K37: 3198.9 | L37: 5161.2903 | M37: 782.1 | N37: 1562 | O37: =M37+N37 -> 2344.1 | P37: 1935.4839 | Q37: 6519.6 | R37: 6803.2258 | S37: =SUM(C37+E37+G37+I37+K37+O37+Q37) -> 22172.4 | T37: =SUM(D37+F37+H37+J37+L37+P37+R37) -> 32770.968 | U37: 0 | V37: 2419.3548 | W37: =SUM(S37+U37) -> 22172.4 | X37: =SUM(T37+V37) -> 35190.323 | Y37: bewölkt, Regen | Z37: 12 | AA37: °C | AD37: =C37+E37+G37+I37+K37+M37+U37 -> 14090.8
A38: =SUM(A37+1) -> 30 | B38: Mi | C38: 4963 | D38: 4193.5484 | E38: 2257.5 | F38: 12903.226 | G38: 271.6 | H38: 806.45161 | I38: 0 | J38: 967.7419 | K38: 4390.7 | L38: 5161.2903 | M38: 418.9 | N38: 6082.8 | O38: =M38+N38 -> 6501.7 | P38: 1935.4839 | Q38: 7684.2 | R38: 6803.2258 | S38: =SUM(C38+E38+G38+I38+K38+O38+Q38) -> 26068.7 | T38: =SUM(D38+F38+H38+J38+L38+P38+R38) -> 32770.968 | U38: 155.5 | V38: 2419.3548 | W38: =SUM(S38+U38) -> 26224.2 | X38: =SUM(T38+V38) -> 35190.323 | Y38: bewölkt, Regen | Z38: 15 | AD38: =C38+E38+G38+I38+K38+M38+U38 -> 12457.2
A39: =SUM(A38+1) -> 31 | B39: Do | C39: 8438.2 | D39: 4193.5484 | E39: 738.1 | F39: 12903.226 | G39: 93.8 | H39: 806.45161 | I39: 0 | J39: 967.7419 | K39: 0 | L39: 5161.2903 | M39: 1440.2 | N39: 6421 | O39: =M39+N39 -> 7861.2 | P39: 1935.4839 | Q39: 7180.9 | R39: 6803.2258 | S39: =SUM(C39+E39+G39+I39+K39+O39+Q39) -> 24312.2 | T39: =SUM(D39+F39+H39+J39+L39+P39+R39) -> 32770.968 | U39: 0 | V39: 2419.3548 | W39: =SUM(S39+U39) -> 24312.2 | X39: =SUM(T39+V39) -> 35190.323 | Y39: bedeckt, Regenschauer | Z39: 19 | AA39: °C | AD39: =C39+E39+G39+I39+K39+M39+U39 -> 10710.3
A40: KW | B40: =SUM(B35+1) -> 36 | C40: =SUM(C36:C39) -> 30761.3 | D40: =SUM(D36:D39) -> 16774.194 | E40: =SUM(E36:E39) -> 3170.9 | F40: =SUM(F36:F39) -> 51612.903 | G40: =SUM(G36:G39) -> 365.4 | H40: =SUM(H36:H39) -> 3225.8064 | I40: =SUM(I36:I39) -> 0 | J40: =SUM(J36:J39) -> 3870.9676 | ... X40: =SUM(X36:X39) -> 140761.29 | Y40: Ø Temp | Z40: =SUM(Z36:Z39)/4 -> 14.25 | AA40: °C | AD40: =SUM(AD5:AD39) -> 807758.7
A41: Umsatz kumuliert | C41: =SUM(C11+C19+C27+C35+C40) -> 189202.7 | D41: =SUM(D11+D19+D27+D35+D40) -> 130000 | E41: =SUM(E11+E19+E27+E35+E40) -> 302379.9 | F41: =SUM(F11+F19+F27+F35+F40) -> 400000 | G41: =SUM(G11+G19+G27+G35+G40) -> 20660.2 | H41: =SUM(H11+H19+H27+H35+H40) -> 25000 | I41: =SUM(I11+I19+I27+I35+I40) -> 28061 | J41: =SUM(J11+J19+J27+J35+J40) -> 29999.999 | ... N41: =SUM(N11+N19+N27+N35+N40) -> 52051.8 | O41: =M41+N41 -> 64503.5 | P41: =P11+P19+P27+P35+P40 -> 60000 | Q41: =SUM(Q11+Q19+Q27+Q35+Q40) -> 254901.55 | R41: =SUM(R11+R19+R27+R35+R40) -> 210900 | S41: =SUM(S11+S19+S27+S35+S40) -> 1017030.7 | T41: =SUM(T11+T19+T27+T35+T40) -> 1015900 | U41: =SUM(U11+U19+U27+U35+U40) -> 97681.3 | V41: =SUM(V11+V19+V27+V35+V40) -> 75000 | W41: =SUM(W11+W19+W27+W35+W40) -> 1114712.1 | X41: =SUM(X11+X19+X27+X35+X40) -> 1090900 | Y41: Umsatz kumuliert
A42: Umsatz pro Tag | C42: =C41/31 -> 6103.3129 | D42: =D41/31 -> 4193.5484 | E42: =E41/31 -> 9754.1903 | F42: =F41/31 -> 12903.226 | G42: =G41/31 -> 666.45806 | H42: =H41/31 -> 806.45161 | I42: =I41/31 -> 905.19355 | J42: =J41/31 -> 967.7419 | ... X42: =X41/31 -> 35190.323 | Y42: Budget pro Tag
A43: Diff. zu Budget | C43: =SUM(C41-D41) -> 59202.7 | E43: =SUM(E41-F41) -> -97620.1 | G43: =SUM(G41-H41) -> -4339.7999 | I43: =SUM(I41-J41) -> -1938.9989 | K43: =SUM(K41-L41) -> -2678.0999 | P43: =SUM(O41-P41) -> 4503.5 | Q43: =SUM(Q41-R41) -> 44001.55 | S43: =SUM(S41-T41) -> 1130.7519 | U43: =SUM(U41-V41) -> 22681.3 | W43: =SUM(W41-X41) -> 23812.052
A44: Index | C44: =SUM(100/D41*C41) -> 145.54054 | G44: =SUM(100/H41*G41) -> 82.6408 | I44: =SUM(100/J41*I41) -> 93.53667 | K44: =SUM(100/L41*K41) -> 98.326188 | O44: =SUM(100/P41*O41) -> 107.50583 | Q44: =SUM(100/R41*Q41) -> 120.8637 | S44: =SUM(100/T41*S41) -> 100.11131 | U44: =SUM(100/V41*U41) -> 130.24173 | W44: =SUM(100/X41*W41) -> 102.18279

Sheet 09_23
A1: Tagesumsätze | H1: 45170
C3: Restaurant | E3: Terrasse | G3: Lounge | I3: Pavillon | K3: Bankett | M3: Seminar | Q3: Hotel | S3: TOTAL Gesamtbetrieb ohne Seebad | U3: Seebad | W3: TOTAL Gesamtbetrieb mit Seebad | Y3: Info's | AD3: Gegenkontrolle Gastronovi
C4: IST | D4: Budget | E4: IST | F4: Budget | G4: IST | H4: Budget | I4: IST | J4: Budget | K4: IST | L4: Budget | M4: IST/GN | N4: IST/ET | O4: TOTAL IST | P4: Budget | Q4: IST | R4: Budget | S4: IST | T4: Budget | U4: IST | V4: Budget | W4: IST | X4: Budget | Y4: Wetter | Z4: Temp. | AB4: Bemerkung
A5: 1 | B5: Fr | C5: 1479.7 | D5: 6666.6667 | E5: 15591.6 | F5: 5333.3333 | G5: 770.9 | H5: 500 | I5: 0 | J5: 500 | K5: 24755.2 | L5: 5666.6667 | M5: 0 | N5: 2490 | O5: =M5+N5 -> 2490 | P5: 3333.3333 | Q5: 8010.3 | R5: 7016.6667 | S5: =SUM(C5+E5+G5+I5+K5+O5+Q5) -> 53097.7 | T5: =SUM(D5+F5+H5+J5+L5+P5+R5) -> 29016.667 | U5: 1275.8 | V5: 400 | W5: =SUM(S5+U5) -> 54373.5 | X5: =SUM(T5+V5) -> 29416.667 | Y5: sonnig | Z5: 24 | AA5: °C | AD5: =C5+E5+G5+I5+K5+M5+U5 -> 43873.2
A6: =SUM(A5+1) -> 2 | B6: Sa | C6: 2738.2 | D6: 6666.6667 | E6: 16851.8 | F6: 5333.3333 | G6: 904.9 | H6: 500 | I6: 3812 | J6: 500 | K6: =20531.1-I6 -> 16719.1 | L6: 5666.6667 | M6: 0 | N6: 0 | O6: =M6+N6 -> 0 | P6: 3333.3333 | Q6: 9761.8 | R6: 7016.6667 | S6: =SUM(C6+E6+G6+I6+K6+O6+Q6) -> 50787.8 | T6: =SUM(D6+F6+H6+J6+L6+P6+R6) -> 29016.667 | U6: 3800.2 | V6: 400 | W6: =SUM(S6+U6) -> 54588 | X6: =SUM(T6+V6) -> 29416.667 | Y6: sonnig, hohe Wolkenfelder | Z6: 26 | AA6: °C | AD6: =C6+E6+G6+I6+K6+M6+U6 -> 44826.2
A7: =SUM(A6+1) -> 3 | B7: So | C7: =10+380.5 -> 390.5 | D7: 6666.6667 | E7: 19491.4 | F7: 5333.3333 | G7: 1423.8 | H7: 500 | I7: 0 | J7: 500 | K7: 8220.1 | L7: 5666.6667 | M7: 0 | N7: 0 | O7: =M7+N7 -> 0 | P7: 3333.3333 | Q7: 5707.2 | R7: 7016.6667 | S7: =SUM(C7+E7+G7+I7+K7+O7+Q7) -> 35233 | T7: =SUM(D7+F7+H7+J7+L7+P7+R7) -> 29016.667 | U7: 4200.3 | V7: 400 | W7: =SUM(S7+U7) -> 39433.3 | X7: =SUM(T7+V7) -> 29416.667 | Y7: sonnig, hohe Wolkenfelder | Z7: 26 | AA7: °C | AD7: =C7+E7+G7+I7+K7+M7+U7 -> 33726.1
A8: KW | B8: 36 | C8: =SUM(C5:C7) -> 4608.4 | D8: =SUM(D5:D7) -> 20000 | E8: =SUM(E5:E7) -> 51934.8 | F8: =SUM(F5:F7) -> 16000 | G8: =SUM(G5:G7) -> 3099.6 | H8: =SUM(H5:H7) -> 1500 | I8: =SUM(I5:I7) -> 3812 | J8: =SUM(J5:J7) -> 1500 | ... X8: =SUM(X5:X7) -> 88250 | Y8: Ø Temp | Z8: =SUM(Z5:Z7)/3 -> 25.333333 | AA8: °C
A9: =SUM(A7+1) -> 4 | B9: Mo | C9: 654.2 | D9: 6666.6667 | E9: 11561 | F9: 5333.3333 | G9: 465.1 | H9: 500 | I9: 0 | J9: 500 | K9: 3881.2 | L9: 5666.6667 | M9: 2120.8 | N9: 6953 | O9: =M9+N9 -> 9073.8 | P9: 3333.3333 | Q9: 8526.75 | R9: 7016.6667 | S9: =SUM(C9+E9+G9+I9+K9+O9+Q9) -> 34162.05 | T9: =SUM(D9+F9+H9+J9+L9+P9+R9) -> 29016.667 | U9: 1916 | V9: 400 | W9: =SUM(S9+U9) -> 36078.05 | X9: =SUM(T9+V9) -> 29416.667 | Y9: sonnig | Z9: 26 | AA9: °C | AD9: =C9+E9+G9+I9+K9+M9+U9 -> 20598.3
A10: =SUM(A9+1) -> 5 | B10: Di | C10: 506.3 | D10: 6666.6667 | E10: 15153.2 | F10: 5333.3333 | G10: 506.1 | H10: 500 | I10: 0 | J10: 500 | K10: 3538.2 | L10: 5666.6667 | M10: 577.4 | N10: 8525 | O10: =M10+N10 -> 9102.4 | P10: 3333.3333 | Q10: 4742.9 | R10: 7016.6667 | S10: =SUM(C10+E10+G10+I10+K10+O10+Q10) -> 33549.1 | T10: =SUM(D10+F10+H10+J10+L10+P10+R10) -> 29016.667 | U10: 3010.5 | V10: 400 | W10: =SUM(S10+U10) -> 36559.6 | X10: =SUM(T10+V10) -> 29416.667 | Y10: sonnig | Z10: 27 | AA10: °C | AD10: =C10+E10+G10+I10+K10+M10+U10 -> 23291.7
A11: =SUM(A10+1) -> 6 | B11: Mi | C11: =5.1+140.3 -> 145.4 | D11: 6666.6667 | E11: 11844.9 | F11: 5333.3333 | G11: 696 | H11: 500 | I11: 0 | J11: 500 | K11: 289.2 | L11: 5666.6667 | M11: 1365.1 | N11: 7956 | O11: =M11+N11 -> 9321.1 | P11: 3333.3333 | Q11: 8158.2 | R11: 7016.6667 | S11: =SUM(C11+E11+G11+I11+K11+O11+Q11) -> 30454.8 | T11: =SUM(D11+F11+H11+J11+L11+P11+R11) -> 29016.667 | U11: 4223.8 | V11: 400 | W11: =SUM(S11+U11) -> 34678.6 | X11: =SUM(T11+V11) -> 29416.667 | Y11: sonnig | Z11: 25 | AA11: °C | AD11: =C11+E11+G11+I11+K11+M11+U11 -> 18564.4
A12: =SUM(A11+1) -> 7 | B12: Do | C12: 460.2 | D12: 6666.6667 | E12: 15221.4 | F12: 5333.3333 | G12: 868.4 | H12: 500 | I12: 0 | J12: 500 | K12: 0 | L12: 5666.6667 | M12: 695.5 | N12: 5351 | O12: =M12+N12 -> 6046.5 | P12: 3333.3333 | Q12: 8443.3 | R12: 7016.6667 | S12: =SUM(C12+E12+G12+I12+K12+O12+Q12) -> 31039.8 | T12: =SUM(D12+F12+H12+J12+L12+P12+R12) -> 29016.667 | U12: 4009.4 | V12: 400 | W12: =SUM(S12+U12) -> 35049.2 | X12: =SUM(T12+V12) -> 29416.667 | Y12: sonnig | Z12: 26 | AA12: °C | AD12: =C12+E12+G12+I12+K12+M12+U12 -> 21254.9
A13: =SUM(A12+1) -> 8 | B13: Fr | C13: 1689.4 | D13: 6666.6667 | E13: 15671.7 | F13: 5333.3333 | G13: 877.9 | H13: 500 | I13: 4068 | J13: 500 | K13: =11152.4-I13 -> 7084.4 | L13: 5666.6667 | M13: 0 | N13: 2314 | O13: =M13+N13 -> 2314 | P13: 3333.3333 | Q13: 9519.75 | R13: 7016.6667 | S13: =SUM(C13+E13+G13+I13+K13+O13+Q13) -> 41225.15 | T13: =SUM(D13+F13+H13+J13+L13+P13+R13) -> 29016.667 | U13: 4327.2 | V13: 400 | W13: =SUM(S13+U13) -> 45552.35 | X13: =SUM(T13+V13) -> 29416.667 | Y13: sonnig | Z13: 30 | AA13: °C | AD13: =C13+E13+G13+I13+K13+M13+U13 -> 33718.6
A14: =SUM(A13+1) -> 9 | B14: Sa | C14: 3358 | D14: 6666.6667 | E14: 18383.9 | F14: 5333.3333 | G14: 1305.8 | H14: 500 | I14: 7844.5 | J14: 500 | K14: =33030.6-I14 -> 25186.1 | L14: 5666.6667 | M14: 0 | N14: 0 | O14: =M14+N14 -> 0 | P14: 3333.3333 | Q14: 14059.8 | R14: 7016.6667 | S14: =SUM(C14+E14+G14+I14+K14+O14+Q14) -> 70138.1 | T14: =SUM(D14+F14+H14+J14+L14+P14+R14) -> 29016.667 | U14: 5861.5 | V14: 400 | W14: =SUM(S14+U14) -> 75999.6 | X14: =SUM(T14+V14) -> 29416.667 | Y14: sonnig | Z14: 28 | AA14: °C | AD14: =C14+E14+G14+I14+K14+M14+U14 -> 61939.8
A15: =SUM(A14+1) -> 10 | B15: So | C15: 5876.1 | D15: 6666.6667 | E15: 20365.3 | F15: 5333.3333 | G15: 1436.7 | H15: 500 | I15: 0 | J15: 500 | K15: 1011.2 | L15: 5666.6667 | M15: 0 | N15: 0 | O15: =M15+N15 -> 0 | P15: 3333.3333 | Q15: 5183.6 | R15: 7016.6667 | S15: =SUM(C15+E15+G15+I15+K15+O15+Q15) -> 33872.9 | T15: =SUM(D15+F15+H15+J15+L15+P15+R15) -> 29016.667 | U15: 10061.3 | V15: 400 | W15: =SUM(S15+U15) -> 43934.2 | X15: =SUM(T15+V15) -> 29416.667 | Y15: sonnig | Z15: 27 | AA15: °C | AD15: =C15+E15+G15+I15+K15+M15+U15 -> 38750.6
A16: KW | B16: =SUM(B8+1) -> 37 | C16: =SUM(C9:C15) -> 12689.6 | D16: =SUM(D9:D15) -> 46666.667 | E16: =SUM(E9:E15) -> 108201.4 | F16: =SUM(F9:F15) -> 37333.333 | G16: =SUM(G9:G15) -> 6156 | H16: =SUM(H9:H15) -> 3500 | I16: =SUM(I9:I15) -> 11912.5 | J16: =SUM(J9:J15) -> 3500 | ... X16: =SUM(X9:X15) -> 205916.67 | Z16: =SUM(Z9:Z15)/7 -> 27 | AA16: °C
A17: =SUM(A15+1) -> 11 | B17: Mo | C17: 968.8 | D17: 6666.6667 | E17: 12105.5 | F17: 5333.3333 | G17: 954 | H17: 500 | I17: 0 | J17: 500 | K17: 0 | L17: 5666.6667 | M17: 1650.3 | N17: 3943 | O17: =M17+N17 -> 5593.3 | P17: 3333.3333 | Q17: 8359 | R17: 7016.6667 | S17: =SUM(C17+E17+G17+I17+K17+O17+Q17) -> 27980.6 | T17: =SUM(D17+F17+H17+J17+L17+P17+R17) -> 29016.667 | U17: 4772.8 | V17: 400 | W17: =SUM(S17+U17) -> 32753.4 | X17: =SUM(T17+V17) -> 29416.667 | Y17: sonnig | Z17: 28 | AA17: °C | AD17: =C17+E17+G17+I17+K17+M17+U17 -> 20451.4
A18: =SUM(A17+1) -> 12 | B18: Di | C18: 1231.8 | D18: 6666.6667 | E18: 11985.9 | F18: 5333.3333 | G18: 527 | H18: 500 | I18: 0 | J18: 500 | K18: 129.5 | L18: 5666.6667 | M18: 772.2 | N18: 6832 | O18: =M18+N18 -> 7604.2 | P18: 3333.3333 | Q18: 8352.6 | R18: 7016.6667 | S18: =SUM(C18+E18+G18+I18+K18+O18+Q18) -> 29831 | T18: =SUM(D18+F18+H18+J18+L18+P18+R18) -> 29016.667 | U18: 1603.4 | V18: 400 | W18: =SUM(S18+U18) -> 31434.4 | X18: =SUM(T18+V18) -> 29416.667 | Y18: sonnig, hohe Wolkenfelder | Z18: 27 | AA18: °C | AD18: =C18+E18+G18+I18+K18+M18+U18 -> 16249.8
A19: =SUM(A18+1) -> 13 | B19: Mi | C19: 8462.9 | D19: 6666.6667 | E19: 1045.3 | F19: 5333.3333 | G19: 318.7 | H19: 500 | I19: 0 | J19: 500 | K19: 0 | L19: 5666.6667 | M19: 557.3 | N19: 7474 | O19: =M19+N19 -> 8031.3 | P19: 3333.3333 | Q19: 7438.3 | R19: 7016.6667 | S19: =SUM(C19+E19+G19+I19+K19+O19+Q19) -> 25296.5 | T19: =SUM(D19+F19+H19+J19+L19+P19+R19) -> 29016.667 | U19: 0 | V19: 400 | W19: =SUM(S19+U19) -> 25296.5 | X19: =SUM(T19+V19) -> 29416.667 | Y19: bedeckt, Regenschauer | Z19: 18 | AA19: °C | AD19: =C19+E19+G19+I19+K19+M19+U19 -> 10384.2
A20: =SUM(A19+1) -> 14 | B20: Do | C20: 7226.2 | D20: 6666.6667 | E20: 1066.6 | F20: 5333.3333 | G20: 512.5 | H20: 500 | I20: 0 | J20: 500 | K20: 7966.9 | L20: 5666.6667 | M20: 702.6 | N20: 7578 | O20: =M20+N20 -> 8280.6 | P20: 3333.3333 | Q20: 6873.3 | R20: 7016.6667 | S20: =SUM(C20+E20+G20+I20+K20+O20+Q20) -> 31926.1 | T20: =SUM(D20+F20+H20+J20+L20+P20+R20) -> 29016.667 | U20: 0 | V20: 400 | W20: =SUM(S20+U20) -> 31926.1 | X20: =SUM(T20+V20) -> 29416.667 | Y20: bedeckt, Regenschauer | Z20: 16 | AA20: °C | AD20: =C20+E20+G20+I20+K20+M20+U20 -> 17474.8
A21: =SUM(A20+1) -> 15 | B21: Fr | C21: =609.8+321.4 -> 931.2 | D21: 6666.6667 | E21: 12738.5 | F21: 5333.3333 | G21: 846.2 | H21: 500 | I21: 0 | J21: 500 | K21: 19956.7 | L21: 5666.6667 | M21: 0 | N21: 1219 | O21: =M21+N21 -> 1219 | P21: 3333.3333 | Q21: 7749.4 | R21: 7016.6667 | S21: =SUM(C21+E21+G21+I21+K21+O21+Q21) -> 43441 | T21: =SUM(D21+F21+H21+J21+L21+P21+R21) -> 29016.667 | U21: 806.1 | V21: 400 | W21: =SUM(S21+U21) -> 44247.1 | X21: =SUM(T21+V21) -> 29416.667 | Y21: teilweise sonnig | Z21: 20 | AA21: °C | AD21: =C21+E21+G21+I21+K21+M21+U21 -> 35278.7
A22: =SUM(A21+1) -> 16 | B22: Sa | C22: 7202.4 | D22: 6666.6667 | E22: 8126.5 | F22: 5333.3333 | G22: 1344 | H22: 500 | I22: 1443 | J22: 500 | K22: =26592-I22 -> 25149 | L22: 5666.6667 | M22: 0 | N22: 0 | O22: =M22+N22 -> 0 | P22: 3333.3333 | Q22: 12855.4 | R22: 7016.6667 | S22: =SUM(C22+E22+G22+I22+K22+O22+Q22) -> 56120.3 | T22: =SUM(D22+F22+H22+J22+L22+P22+R22) -> 29016.667 | U22: 1653 | V22: 400 | W22: =SUM(S22+U22) -> 57773.3 | X22: =SUM(T22+V22) -> 29416.667 | Y22: sonnig, leichter Regen | Z22: 25 | AA22: °C | AD22: =C22+E22+G22+I22+K22+M22+U22 -> 44917.9
A23: =SUM(A22+1) -> 17 | B23: So | C23: 1141 | D23: 6666.6667 | E23: 20704.8 | F23: 5333.3333 | G23: 1350.5 | H23: 500 | I23: 0 | J23: 500 | K23: 2795.4 | L23: 5666.6667 | M23: 18 | N23: 1665 | O23: =M23+N23 -> 1683 | P23: 3333.3333 | Q23: 5206 | R23: 7016.6667 | S23: =SUM(C23+E23+G23+I23+K23+O23+Q23) -> 32880.7 | T23: =SUM(D23+F23+H23+J23+L23+P23+R23) -> 29016.667 | U23: 3908.1 | V23: 400 | W23: =SUM(S23+U23) -> 36788.8 | X23: =SUM(T23+V23) -> 29416.667 | Y23: sonnig, hohe Wolkenfelder | Z23: 26 | AA23: °C | AD23: =C23+E23+G23+I23+K23+M23+U23 -> 29917.8
A24: KW | B24: =SUM(B16+1) -> 38 | C24: =SUM(C17:C23) -> 27164.3 | D24: =SUM(D17:D23) -> 46666.667 | E24: =SUM(E17:E23) -> 67773.1 | F24: =SUM(F17:F23) -> 37333.333 | G24: =SUM(G17:G23) -> 5852.9 | H24: =SUM(H17:H23) -> 3500 | I24: =SUM(I17:I23) -> 1443 | J24: =SUM(J17:J23) -> 3500 | ... X24: =SUM(X17:X23) -> 205916.67 | Y24: Ø Temp | Z24: =SUM(Z17:Z23)/7 -> 22.857143 | AA24: °C
A25: =SUM(A23+1) -> 18 | B25: Mo | C25: 8012 | D25: 6666.6667 | E25: 0 | F25: 5333.3333 | G25: 48.5 | H25: 500 | I25: 0 | J25: 500 | K25: 0 | L25: 5666.6667 | M25: 1156.8 | N25: 3491 | O25: =M25+N25 -> 4647.8 | P25: 3333.3333 | Q25: 7009 | R25: 7016.6667 | S25: =SUM(C25+E25+G25+I25+K25+O25+Q25) -> 19717.3 | T25: =SUM(D25+F25+H25+J25+L25+P25+R25) -> 29016.667 | U25: 0 | V25: 400 | W25: =SUM(S25+U25) -> 19717.3 | X25: =SUM(T25+V25) -> 29416.667 | Y25: bewölkt, Regen | Z25: 20 | AA25: °C | AD25: =C25+E25+G25+I25+K25+M25+U25 -> 9217.3
A26: =SUM(A25+1) -> 19 | B26: Di | C26: 9523.3 | D26: 6666.6667 | E26: 1204.9 | F26: 5333.3333 | G26: 417.9 | H26: 500 | I26: 0 | J26: 500 | K26: 0 | L26: 5666.6667 | M26: 1419.2 | N26: 4947 | O26: =M26+N26 -> 6366.2 | P26: 3333.3333 | Q26: 6463.7 | R26: 7016.6667 | S26: =SUM(C26+E26+G26+I26+K26+O26+Q26) -> 23976 | T26: =SUM(D26+F26+H26+J26+L26+P26+R26) -> 29016.667 | U26: 0 | V26: 400 | W26: =SUM(S26+U26) -> 23976 | X26: =SUM(T26+V26) -> 29416.667 | Y26: bewölkt, sonnig | Z26: 21 | AA26: °C | AD26: =C26+E26+G26+I26+K26+M26+U26 -> 12565.3
A27: =SUM(A26+1) -> 20 | B27: Mi | C27: 700.6 | D27: 6666.6667 | E27: 9683.2 | F27: 5333.3333 | G27: 1275.1 | H27: 500 | I27: 0 | J27: 500 | K27: 0 | L27: 5666.6667 | M27: 2382.8 | N27: 7095 | O27: =M27+N27 -> 9477.8 | P27: 3333.3333 | Q27: 8639 | R27: 7016.6667 | S27: =SUM(C27+E27+G27+I27+K27+O27+Q27) -> 29775.7 | T27: =SUM(D27+F27+H27+J27+L27+P27+R27) -> 29016.667 | U27: 1561.1 | V27: 400 | W27: =SUM(S27+U27) -> 31336.8 | X27: =SUM(T27+V27) -> 29416.667 | Y27: bewölkt, sonnig | Z27: 23 | AA27: °C | AD27: =C27+E27+G27+I27+K27+M27+U27 -> 15602.8
A28: =SUM(A27+1) -> 21 | B28: Do | C28: 3705.3 | D28: 6666.6667 | E28: 4331.3 | F28: 5333.3333 | G28: 336.2 | H28: 500 | I28: 0 | J28: 500 | K28: 1955 | L28: 5666.6667 | M28: 379.7 | N28: 8108 | O28: =M28+N28 -> 8487.7 | P28: 3333.3333 | Q28: 7537.8 | R28: 7016.6667 | S28: =SUM(C28+E28+G28+I28+K28+O28+Q28) -> 26353.3 | T28: =SUM(D28+F28+H28+J28+L28+P28+R28) -> 29016.667 | U28: 828.2 | V28: 400 | W28: =SUM(S28+U28) -> 27181.5 | X28: =SUM(T28+V28) -> 29416.667 | Y28: bedeckt, Regenschauer | Z28: 23 | AA28: °C | AD28: =C28+E28+G28+I28+K28+M28+U28 -> 11535.7
A29: =SUM(A28+1) -> 22 | B29: Fr | C29: 10491.6 | D29: 6666.6667 | E29: 35.2 | F29: 5333.3333 | G29: 233.9 | H29: 500 | I29: 3123 | J29: 500 | K29: =14042.5-I29 -> 10919.5 | L29: 5666.6667 | M29: 303.6 | N29: 3120 | O29: =M29+N29 -> 3423.6 | P29: 3333.3333 | Q29: 12575.2 | R29: 7016.6667 | S29: =SUM(C29+E29+G29+I29+K29+O29+Q29) -> 40802 | T29: =SUM(D29+F29+H29+J29+L29+P29+R29) -> 29016.667 | U29: 0 | V29: 400 | W29: =SUM(S29+U29) -> 40802 | X29: =SUM(T29+V29) -> 29416.667 | Y29: bedeckt, leichter Regen | Z29: 17 | AA29: °C | AD29: =C29+E29+G29+I29+K29+M29+U29 -> 25106.8
A30: =SUM(A29+1) -> 23 | B30: Sa | C30: 13073.5 | D30: 6666.6667 | E30: 1678.1 | F30: 5333.3333 | G30: 231.8 | H30: 500 | I30: 4029 | J30: 500 | K30: =21878.4-I30 -> 17849.4 | L30: 5666.6667 | M30: 0 | N30: 2160 | O30: =M30+N30 -> 2160 | P30: 3333.3333 | Q30: 11772.1 | R30: 7016.6667 | S30: =SUM(C30+E30+G30+I30+K30+O30+Q30) -> 50793.9 | T30: =SUM(D30+F30+H30+J30+L30+P30+R30) -> 29016.667 | U30: 0 | V30: 400 | W30: =SUM(S30+U30) -> 50793.9 | X30: =SUM(T30+V30) -> 29416.667 | Y30: bedeckt, Regenschauer | Z30: 16 | AA30: °C | AD30: =C30+E30+G30+I30+K30+M30+U30 -> 36861.8
A31: =SUM(A30+1) -> 24 | B31: So | C31: 13315 | D31: 6666.6667 | E31: 5600.9 | F31: 5333.3333 | G31: 1013.1 | H31: 500 | I31: 0 | J31: 500 | K31: 0 | L31: 5666.6667 | M31: 878.4 | N31: 0 | O31: =M31+N31 -> 878.4 | P31: 3333.3333 | Q31: 6599.2 | R31: 7016.6667 | S31: =SUM(C31+E31+G31+I31+K31+O31+Q31) -> 27406.6 | T31: =SUM(D31+F31+H31+J31+L31+P31+R31) -> 29016.667 | U31: 796.3 | V31: 400 | W31: =SUM(S31+U31) -> 28202.9 | X31: =SUM(T31+V31) -> 29416.667 | Y31: sonnig | Z31: 19 | AA31: °C | AD31: =C31+E31+G31+I31+K31+M31+U31 -> 21603.7
A32: KW | B32: =SUM(B24+1) -> 39 | C32: =SUM(C25:C31) -> 58821.3 | D32: =SUM(D25:D31) -> 46666.667 | E32: =SUM(E25:E31) -> 22533.6 | F32: =SUM(F25:F31) -> 37333.333 | G32: =SUM(G25:G31) -> 3556.5 | H32: =SUM(H25:H31) -> 3500 | I32: =SUM(I25:I31) -> 7152 | J32: =SUM(J25:J31) -> 3500 | ... X32: =SUM(X25:X31) -> 205916.67 | Y32: Ø Temp | Z32: =SUM(Z25:Z31)/7 -> 19.857143 | AA32: °C
A33: =SUM(A31+1) -> 25 | B33: Mo | C33: 4953.1 | D33: 6666.6667 | E33: 4568.1 | F33: 5333.3333 | G33: 431.3 | H33: 500 | I33: 0 | J33: 500 | K33: 0 | L33: 5666.6667 | M33: 1285.3 | N33: 4182 | O33: =M33+N33 -> 5467.3 | P33: 3333.3333 | Q33: 8353.9 | R33: 7016.6667 | S33: =SUM(C33+E33+G33+I33+K33+O33+Q33) -> 23773.7 | T33: =SUM(D33+F33+H33+J33+L33+P33+R33) -> 29016.667 | U33: 352.9 | V33: 400 | W33: =SUM(S33+U33) -> 24126.6 | X33: =SUM(T33+V33) -> 29416.667 | Y33: sonnig | Z33: 19 | AA33: °C | AD33: =C33+E33+G33+I33+K33+M33+U33 -> 11590.7
A34: =SUM(A33+1) -> 26 | B34: Di | C34: 2721.1 | D34: 6666.6667 | E34: 6661.3 | F34: 5333.3333 | G34: 426 | H34: 500 | I34: 0 | J34: 500 | K34: 0 | L34: 5666.6667 | M34: 1241.3 | N34: 6186 | O34: =M34+N34 -> 7427.3 | P34: 3333.3333 | Q34: 5725.1 | R34: 7016.6667 | S34: =SUM(C34+E34+G34+I34+K34+O34+Q34) -> 22960.8 | T34: =SUM(D34+F34+H34+J34+L34+P34+R34) -> 29016.667 | U34: 750 | V34: 400 | W34: =SUM(S34+U34) -> 23710.8 | X34: =SUM(T34+V34) -> 29416.667 | Y34: sonnig | Z34: 21 | AA34: °C | AD34: =C34+E34+G34+I34+K34+M34+U34 -> 11799.7
A35: =SUM(A34+1) -> 27 | B35: Mi | C35: 2825.3 | D35: 6666.6667 | E35: 8704.7 | F35: 5333.3333 | G35: 366.1 | H35: 500 | I35: 0 | J35: 500 | K35: 1094.3 | L35: 5666.6667 | M35: 683.8 | N35: 7070 | O35: =M35+N35 -> 7753.8 | P35: 3333.3333 | Q35: 7697.7 | R35: 7016.6667 | S35: =SUM(C35+E35+G35+I35+K35+O35+Q35) -> 28441.9 | T35: =SUM(D35+F35+H35+J35+L35+P35+R35) -> 29016.667 | U35: 1026.6 | V35: 400 | W35: =SUM(S35+U35) -> 29468.5 | X35: =SUM(T35+V35) -> 29416.667 | Y35: sonnig | Z35: 21 | AA35: °C | AD35: =C35+E35+G35+I35+K35+M35+U35 -> 14700.8
A36: =SUM(A35+1) -> 28 | B36: Do | C36: 1079.6 | D36: 6666.6667 | E36: 9108.5 | F36: 5333.3333 | G36: 422.3 | H36: 500 | I36: 0 | J36: 500 | K36: 1143.3 | L36: 5666.6667 | M36: 857.9 | N36: 6085 | O36: =M36+N36 -> 6942.9 | P36: 3333.3333 | Q36: 8277.4 | R36: 7016.6667 | S36: =SUM(C36+E36+G36+I36+K36+O36+Q36) -> 26974 | T36: =SUM(D36+F36+H36+J36+L36+P36+R36) -> 29016.667 | U36: 850.7 | V36: 400 | W36: =SUM(S36+U36) -> 27824.7 | X36: =SUM(T36+V36) -> 29416.667 | Y36: sonnig | Z36: 27 | AA36: °C | AD36: =C36+E36+G36+I36+K36+M36+U36 -> 13462.3
A37: =SUM(A36+1) -> 29 | B37: Fr | C37: 6329 | D37: 6666.6667 | E37: 7557.5 | F37: 5333.3333 | G37: 550.1 | H37: 500 | I37: 3459 | J37: 500 | K37: =17426.7-I37 -> 13967.7 | L37: 5666.6667 | M37: 289.1 | N37: 5031 | O37: =M37+N37 -> 5320.1 | P37: 3333.3333 | Q37: 8726.3 | R37: 7016.6667 | S37: =SUM(C37+E37+G37+I37+K37+O37+Q37) -> 45909.7 | T37: =SUM(D37+F37+H37+J37+L37+P37+R37) -> 29016.667 | U37: 1365.3 | V37: 400 | W37: =SUM(S37+U37) -> 47275 | X37: =SUM(T37+V37) -> 29416.667 | Y37: sonnig | Z37: 25 | AD37: =C37+E37+G37+I37+K37+M37+U37 -> 33517.7
A38: =SUM(A37+1) -> 30 | B38: Sa | C38: 9783 | D38: 6666.6667 | E38: 7326.6 | F38: 5333.3333 | G38: 911 | H38: 500 | I38: 0 | J38: 500 | K38: 17052.1 | L38: 5666.6667 | M38: 0 | N38: 560 | O38: =M38+N38 -> 560 | P38: 3333.3333 | Q38: 9317.7 | R38: 7016.6667 | S38: =SUM(C38+E38+G38+I38+K38+O38+Q38) -> 44950.4 | T38: =SUM(D38+F38+H38+J38+L38+P38+R38) -> 29016.667 | U38: 701.9 | V38: 400 | W38: =SUM(S38+U38) -> 45652.3 | X38: =SUM(T38+V38) -> 29416.667 | Y38: Hochnebel | Z38: 22 | AA38: °C | AD38: =C38+E38+G38+I38+K38+M38+U38 -> 35774.6
A39: KW | B39: =SUM(B32+1) -> 40 | C39: =SUM(C33:C38) -> 27691.1 | D39: =SUM(D33:D38) -> 40000 | E39: =SUM(E33:E38) -> 43926.7 | F39: =SUM(F33:F38) -> 32000 | G39: =SUM(G33:G38) -> 3106.8 | H39: =SUM(H33:H38) -> 3000 | I39: =SUM(I33:I38) -> 3459 | J39: =SUM(J33:J38) -> 3000 | ... X39: =SUM(X33:X38) -> 176500 | Y39: Ø Temp | Z39: =SUM(Z33:Z36)/4 -> 22 | AA39: °C | AD39: =SUM(AD5:AD38) -> 768557.6
A40: Umsatz kumuliert | C40: =SUM(C8+C16+C24+C32+C39) -> 130974.7 | D40: =SUM(D8+D16+D24+D32+D39) -> 200000 | E40: =SUM(E8+E16+E24+E32+E39) -> 294369.6 | F40: =SUM(F8+F16+F24+F32+F39) -> 160000 | G40: =SUM(G8+G16+G24+G32+G39) -> 21771.8 | H40: =SUM(H8+H16+H24+H32+H39) -> 15000 | I40: =SUM(I8+I16+I24+I32+I39) -> 27778.5 | J40: =SUM(J8+J16+J24+J32+J39) -> 15000 | ... N40: =SUM(N8+N16+N24+N32+N39) -> 120335 | O40: =M40+N40 -> 139672.1 | P40: =P8+P16+P24+P32+P39 -> 100000 | Q40: =SUM(Q8+Q16+Q24+Q32+Q39) -> 247641.7 | R40: =SUM(R8+R16+R24+R32+R39) -> 210500 | S40: =SUM(S8+S16+S24+S32+S39) -> 1072871.9 | T40: =SUM(T8+T16+T24+T32+T39) -> 870500 | U40: =SUM(U8+U16+U24+U32+U39) -> 63662.4 | V40: =SUM(V8+V16+V24+V32+V39) -> 12000 | W40: =SUM(W8+W16+W24+W32+W39) -> 1136534.3 | X40: =SUM(X8+X16+X24+X32+X39) -> 882500 | Y40: Umsatz kumuliert
A41: Umsatz pro Tag | C41: =C40/30 -> 4365.8233 | D41: =D40/30 -> 6666.6667 | E41: =E40/30 -> 9812.32 | F41: =F40/30 -> 5333.3333 | G41: =G40/30 -> 725.72667 | H41: =H40/30 -> 500 | I41: =I40/30 -> 925.95 | J41: =J40/30 -> 500 | ... L41: =L40/30 -> 5666.6667 | N41: 123 | P41: =SUM(O40-P40) -> 39672.1 | Q41: =Q40/30 -> 8254.7233 | R41: =R40/30 -> 7016.6667 | S41: =S40/30 -> 35762.397 | T41: =T40/30 -> 29016.667 | U41: =U40/30 -> 2122.08 | V41: =V40/30 -> 400 | W41: =W40/30 -> 37884.477 | X41: =X40/30 -> 29416.667 | Y41: Budget pro Tag
A42: Diff. zu Budget | C42: =SUM(C40-D40) -> -69025.3 | E42: =SUM(E40-F40) -> 134369.6 | G42: =SUM(G40-H40) -> 6771.8 | I42: =SUM(I40-J40) -> 12778.5 | K42: =SUM(K40-L40) -> 40663.5 | L42: =SUM(L40-M40) -> 150662.9 | M42: =SUM(M40-N40) -> -100997.9 | N42: =SUM(N40-O40) -> -19337.1 | O42: =SUM(O40-P40) -> 39672.1 | P42: =SUM(P40-Q40) -> -147641.7 | Q42: =SUM(Q40-R40) -> 37141.7 | S42: =SUM(S40-T40) -> 202371.9 | U42: =SUM(U40-V40) -> 51662.4 | W42: =SUM(W40-X40) -> 254034.3
A43: Index | C43: =SUM(100/D40*C40) -> 65.48735 | E43: =SUM(100/F40*E40) -> 183.981 | G43: =SUM(100/H40*G40) -> 145.14533 | I43: =SUM(100/J40*I40) -> 185.19 | K43: =SUM(100/L40*K40) -> 123.91971 | L43: =SUM(100/M40*L40) -> 879.13906 | M43: =SUM(100/N40*M40) -> 16.06939 | N43: =SUM(100/O40*N40) -> 86.15536 | O43: =SUM(100/P40*O40) -> 139.6721 | P43: =SUM(100/Q40*P40) -> 40.380921 | Q43: =SUM(100/R40*Q40) -> 117.64451 | S43: =SUM(100/T40*S40) -> 123.24778 | U43: =SUM(100/V40*U40) -> 530.52 | W43: =SUM(100/X40*W40) -> 128.78576

Sheet 10_23
A1: Tagesumsätze | H1: 45200
C3: Restaurant | E3: Terrasse | G3: Lounge | I3: Pavillon | K3: Bankett | M3: Seminar | Q3: Hotel | S3: TOTAL Gesamtbetrieb ohne Seebad | U3: Seebad | W3: TOTAL Gesamtbetrieb mit Seebad | Y3: Info's | AD3: Gegenkontrolle Gastronovi
C4: IST | D4: Budget | E4: IST | F4: Budget | G4: IST | H4: Budget | I4: IST | J4: Budget | K4: IST | L4: Budget | M4: IST/GN | N4: IST/ET | O4: TOTAL IST | P4: Budget | Q4: IST | R4: Budget | S4: IST | T4: Budget | U4: IST | V4: Budget | W4: IST | X4: Budget | Y4: Wetter | Z4: Temp. | AB4: Bemerkung
A5: 1 | B5: So | C5: 4351.5 | D5: 9354.8387 | E5: 16053.7 | F5: 1935.4839 | G5: 1233 | H5: 322.58065 | I5: 0 | K5: 3311.4 | L5: 4193.5484 | M5: -20 | N5: 0 | O5: =M5+N5 -> -20 | P5: 2258.0645 | Q5: 5403.2 | R5: 5274.1935 | S5: =SUM(C5+E5+G5+I5+K5+O5+Q5) -> 30332.8 | T5: =SUM(D5+F5+H5+P5+J5+L5+R5) -> 23338.71 | U5: 2000.1 | W5: =SUM(S5+U5) -> 32332.9 | X5: =SUM(T5+V5) -> 23338.71 | Y5: sonnig | Z5: 22 | AA5: °C | AD5: =C5+E5+G5+I5+K5+M5+U5 -> 26929.7
A6: KW | B6: 39 | C6: =SUM(C5:C5) -> 4351.5 | D6: =SUM(D5:D5) -> 9354.8387 | E6: =SUM(E5:E5) -> 16053.7 | F6: =SUM(F5:F5) -> 1935.4839 | G6: =SUM(G5:G5) -> 1233 | H6: =SUM(H5:H5) -> 322.58065 | I6: =SUM(I5:I5) -> 0 | J6: =SUM(J5:J5) -> 0 | ... X6: =SUM(X5:X5) -> 23338.71 | Y6: Ø Temp | Z6: =SUM(Z5:Z5)/3 -> 7.3333333 | AA6: °C
A7: =SUM(A5+1) -> 2 | B7: Mo | C7: 1660.8 | D7: 9354.8387 | E7: 12230.4 | F7: 1935.4839 | G7: 643.8 | H7: 322.58065 | I7: 0 | K7: 2379.8 | L7: 4193.5484 | M7: 773.3 | N7: 2010 | O7: =SUM(M7:N7) -> 2783.3 | P7: 2258.0645 | Q7: 4832.7 | R7: 5274.1935 | S7: =SUM(C7+E7+G7+I7+K7+O7+Q7) -> 24530.8 | T7: =SUM(D7+F7+H7+P7+J7+L7+R7) -> 23338.71 | U7: 0 | W7: =SUM(S7+U7) -> 24530.8 | X7: =SUM(T7+V7) -> 23338.71 | Y7: sonnig | Z7: 24 | AA7: °C | AD7: =C7+E7+G7+I7+K7+M7+U7 -> 17688.1
A8: =SUM(A7+1) -> 3 | B8: Di | C8: 6043.6 | D8: 9354.8387 | E8: 6548.2 | F8: 1935.4839 | G8: 409.4 | H8: 322.58065 | I8: 0 | K8: 0 | L8: 4193.5484 | M8: 74 | N8: 775 | O8: =SUM(M8:N8) -> 849 | P8: 2258.0645 | Q8: 5428.35 | R8: 5274.1935 | S8: =SUM(C8+E8+G8+I8+K8+O8+Q8) -> 19278.55 | T8: =SUM(D8+F8+H8+P8+J8+L8+R8) -> 23338.71 | U8: 0 | W8: =SUM(S8+U8) -> 19278.55 | X8: =SUM(T8+V8) -> 23338.71 | Y8: sonnig, leichter Regenschauer | Z8: 22 | AA8: °C | AD8: =C8+E8+G8+I8+K8+M8+U8 -> 13075.2
A9: =SUM(A8+1) -> 4 | B9: Mi | C9: 8251.3 | D9: 9354.8387 | E9: 3239.4 | F9: 1935.4839 | G9: 292.9 | H9: 322.58065 | I9: 0 | K9: 0 | L9: 4193.5484 | M9: 1886.4 | N9: 2777 | O9: =SUM(M9:N9) -> 4663.4 | P9: 2258.0645 | Q9: 7279.2 | R9: 5274.1935 | S9: =SUM(C9+E9+G9+I9+K9+O9+Q9) -> 23726.2 | T9: =SUM(D9+F9+H9+P9+J9+L9+R9) -> 23338.71 | U9: 0 | W9: =SUM(S9+U9) -> 23726.2 | X9: =SUM(T9+V9) -> 23338.71 | Y9: hohe Wolkenfelder | Z9: 17 | AA9: °C | AD9: =C9+E9+G9+I9+K9+M9+U9 -> 13670
A10: =SUM(A9+1) -> 5 | B10: Do | C10: 5981.2 | D10: 9354.8387 | E10: 3087.3 | F10: 1935.4839 | G10: 286.3 | H10: 322.58065 | I10: 0 | K10: 0 | L10: 4193.5484 | M10: 897 | N10: 7912.1 | O10: =SUM(M10:N10) -> 8809.1 | P10: 2258.0645 | Q10: 3201.2 | R10: 5274.1935 | S10: =SUM(C10+E10+G10+I10+K10+O10+Q10) -> 21365.1 | T10: =SUM(D10+F10+H10+P10+J10+L10+R10) -> 23338.71 | U10: 0 | W10: =SUM(S10+U10) -> 21365.1 | X10: =SUM(T10+V10) -> 23338.71 | Y10: hohe Wolkenfelder | Z10: 18 | AA10: °C | AD10: =C10+E10+G10+I10+K10+M10+U10 -> 10251.8
A11: =SUM(A10+1) -> 6 | B11: Fr | C11: 8353.5 | D11: 9354.8387 | E11: 5881.6 | F11: 1935.4839 | G11: 406.1 | H11: 322.58065 | I11: 0 | K11: 2439.9 | L11: 4193.5484 | M11: 850.4 | N11: 782 | O11: =SUM(M11:N11) -> 1632.4 | P11: 2258.0645 | Q11: 5040.1 | R11: 5274.1935 | S11: =SUM(C11,E11,G11,I11,K11,Q11,O11) -> 23753.6 | T11: =SUM(D11+F11+H11+P11+J11+L11+R11) -> 23338.71 | U11: 0 | W11: =SUM(S11+U11) -> 23753.6 | X11: =SUM(T11+V11) -> 23338.71 | Y11: ziemlich sonnig | Z11: 20 | AA11: °C | AD11: =C11+E11+G11+I11+K11+M11+U11 -> 17931.5
A12: =SUM(A11+1) -> 7 | B12: Sa | C12: 8244.6 | D12: 9354.8387 | E12: 5729 | F12: 1935.4839 | G12: 835.4 | H12: 322.58065 | I12: 0 | K12: 18045.6 | L12: 4193.5484 | M12: 0 | N12: 0 | O12: =SUM(M12:N12) -> 0 | P12: 2258.0645 | Q12: 7989.3 | R12: 5274.1935 | S12: =SUM(C12+E12+G12+I12+K12+O12+Q12) -> 40843.9 | T12: =SUM(D12+F12+H12+P12+J12+L12+R12) -> 23338.71 | U12: 0 | W12: =SUM(S12+U12) -> 40843.9 | X12: =SUM(T12+V12) -> 23338.71 | Y12: ziemlich sonnig | Z12: 21 | AA12: °C | AD12: =C12+E12+G12+I12+K12+M12+U12 -> 32854.6
A13: =SUM(A12+1) -> 8 | B13: So | C13: 5467 | D13: 9354.8387 | E13: 14520 | F13: 1935.4839 | G13: 1121.1 | H13: 322.58065 | I13: 0 | K13: 6272.4 | L13: 4193.5484 | M13: 0 | N13: 0 | O13: =SUM(M13:N13) -> 0 | P13: 2258.0645 | Q13: 4079.1 | R13: 5274.1935 | S13: =SUM(C13+E13+G13+I13+K13+O13+Q13) -> 31459.6 | T13: =SUM(D13+F13+H13+P13+J13+L13+R13) -> 23338.71 | U13: 0 | W13: =SUM(S13+U13) -> 31459.6 | X13: =SUM(T13+V13) -> 23338.71 | Y13: sonnig, Wolkenfelder | Z13: 24 | AA13: °C | AD13: =C13+E13+G13+I13+K13+M13+U13 -> 27380.5
A14: KW | B14: =SUM(B6+1) -> 40 | C14: =SUM(C7:C13) -> 44002 | D14: =SUM(D7:D13) -> 65483.871 | E14: =SUM(E7:E13) -> 51235.9 | F14: =SUM(F7:F13) -> 13548.387 | G14: =SUM(G7:G13) -> 3995 | H14: =SUM(H7:H13) -> 2258.0645 | I14: =SUM(I7:I13) -> 0 | J14: =SUM(J7:J13) -> 0 | ... X14: =SUM(X7:X13) -> 163370.97 | Y14: Ø Temp | Z14: =SUM(Z7:Z13)/7 -> 20.857143 | AA14: °C
A15: =SUM(A13+1) -> 9 | B15: Mo | C15: 6295.3 | D15: 9354.8387 | E15: 4161.8 | F15: 1935.4839 | G15: 309.1 | H15: 322.58065 | I15: 0 | K15: 0 | L15: 4193.5484 | M15: 975.5 | N15: 585 | O15: =SUM(M15:N15) -> 1560.5 | P15: 2258.0645 | Q15: 7012.4 | R15: 5274.1935 | S15: =SUM(C15+E15+G15+I15+K15+O15+Q15) -> 19339.1 | T15: =SUM(D15+F15+H15+P15+J15+L15+R15) -> 23338.71 | U15: 0 | W15: =SUM(S15+U15) -> 19339.1 | X15: =SUM(T15+V15) -> 23338.71 | Y15: sonnig, bewölkt | Z15: 25 | AA15: °C | AD15: =C15+E15+G15+I15+K15+M15+U15 -> 11741.7
A16: =SUM(A15+1) -> 10 | B16: Di | C16: 5301.4 | D16: 9354.8387 | E16: 6627.2 | F16: 1935.4839 | G16: 498.1 | H16: 322.58065 | I16: 0 | K16: 0 | L16: 4193.5484 | M16: 101.5 | N16: 2462.5 | O16: =SUM(M16:N16) -> 2564 | P16: 2258.0645 | Q16: 5775.7 | R16: 5274.1935 | S16: =SUM(C16+E16+G16+I16+K16+O16+Q16) -> 20766.4 | T16: =SUM(D16+F16+H16+P16+J16+L16+R16) -> 23338.71 | U16: 0 | W16: =SUM(S16+U16) -> 20766.4 | X16: =SUM(T16+V16) -> 23338.71 | Y16: ziemlich sonnig | Z16: 23 | AA16: °C | AD16: =C16+E16+G16+I16+K16+M16+U16 -> 12528.2
A17: =SUM(A16+1) -> 11 | B17: Mi | C17: =5042.5+87.9 -> 5130.4 | D17: 9354.8387 | E17: 10258.6 | F17: 1935.4839 | G17: 624 | H17: 322.58065 | I17: 0 | K17: 0 | L17: 4193.5484 | M17: 236.2 | N17: 1954 | O17: =SUM(M17:N17) -> 2190.2 | P17: 2258.0645 | Q17: 6500.2 | R17: 5274.1935 | S17: =SUM(C17+E17+G17+I17+K17+O17+Q17) -> 24703.4 | T17: =SUM(D17+F17+H17+P17+J17+L17+R17) -> 23338.71 | U17: 0 | W17: =SUM(S17+U17) -> 24703.4 | X17: =SUM(T17+V17) -> 23338.71 | Y17: sonnig | Z17: 24 | AA17: °C | AD17: =C17+E17+G17+I17+K17+M17+U17 -> 16249.2
A18: =SUM(A17+1) -> 12 | B18: Do | C18: 6335 | D18: 9354.8387 | E18: 7433.8 | F18: 1935.4839 | G18: 639.6 | H18: 322.58065 | I18: 0 | K18: 0 | L18: 4193.5484 | M18: 586.6 | N18: 1780.5 | O18: =SUM(M18:N18) -> 2367.1 | P18: 2258.0645 | Q18: 5246.3 | R18: 5274.1935 | S18: =SUM(C18+E18+G18+I18+K18+O18+Q18) -> 22021.8 | T18: =SUM(D18+F18+H18+P18+J18+L18+R18) -> 23338.71 | U18: 0 | W18: =SUM(S18+U18) -> 22021.8 | X18: =SUM(T18+V18) -> 23338.71 | Y18: sonnig, Wolkenfelder | Z18: 23 | AA18: °C | AD18: =C18+E18+G18+I18+K18+M18+U18 -> 14995
A19: =SUM(A18+1) -> 13 | B19: Fr | C19: 10292.9 | D19: 9354.8387 | E19: 10967.1 | F19: 1935.4839 | G19: 574.6 | H19: 322.58065 | I19: 0 | K19: 10811.6 | L19: 4193.5484 | M19: 0 | N19: 955 | O19: =SUM(M19:N19) -> 955 | P19: 2258.0645 | Q19: 6807.8 | R19: 5274.1935 | S19: =SUM(C19+E19+G19+I19+K19+O19+Q19) -> 40409 | T19: =SUM(D19+F19+H19+P19+J19+L19+R19) -> 23338.71 | U19: 0 | W19: =SUM(S19+U19) -> 40409 | X19: =SUM(T19+V19) -> 23338.71 | Y19: ziemlich sonnig | Z19: 23 | AA19: °C | AD19: =C19+E19+G19+I19+K19+M19+U19 -> 32646.2
A20: =SUM(A19+1) -> 14 | B20: Sa | C20: 11577.9 | D20: 9354.8387 | E20: 236.6 | F20: 1935.4839 | G20: 56 | H20: 322.58065 | I20: 0 | K20: 12837.5 | L20: 4193.5484 | M20: 0 | N20: 0 | O20: =SUM(M20:N20) -> 0 | P20: 2258.0645 | Q20: 7518.8 | R20: 5274.1935 | S20: =SUM(C20+E20+G20+I20+K20+O20+Q20) -> 32226.8 | T20: =SUM(D20+F20+H20+P20+J20+L20+R20) -> 23338.71 | U20: 0 | W20: =SUM(S20+U20) -> 32226.8 | X20: =SUM(T20+V20) -> 23338.71 | Y20: Regen, bedeckt | Z20: 18 | AA20: °C | AD20: =C20+E20+G20+I20+K20+M20+U20 -> 24708
A21: =SUM(A20+1) -> 15 | B21: So | C21: 13236.8 | D21: 9354.8387 | E21: 0 | F21: 1935.4839 | G21: 73.9 | H21: 322.58065 | I21: 0 | K21: 6133.5 | L21: 4193.5484 | M21: 0 | N21: 0 | O21: =SUM(M21:N21) -> 0 | P21: 2258.0645 | Q21: 3025.4 | R21: 5274.1935 | S21: =SUM(C21+E21+G21+I21+K21+O21+Q21) -> 22469.6 | T21: =SUM(D21+F21+H21+P21+J21+L21+R21) -> 23338.71 | U21: 0 | W21: =SUM(S21+U21) -> 22469.6 | X21: =SUM(T21+V21) -> 23338.71 | Y21: leichter Regenschauer | Z21: 12 | AA21: °C | AD21: =C21+E21+G21+I21+K21+M21+U21 -> 19444.2
A22: KW | B22: =SUM(B14+1) -> 41 | C22: =SUM(C15:C21) -> 58169.7 | D22: =SUM(D15:D21) -> 65483.871 | E22: =SUM(E15:E21) -> 39685.1 | F22: =SUM(F15:F21) -> 13548.387 | G22: =SUM(G15:G21) -> 2775.3 | H22: =SUM(H15:H21) -> 2258.0645 | I22: =SUM(I15:I21) -> 0 | J22: =SUM(J15:J21) -> 0 | ... X22: =SUM(X15:X21) -> 163370.97 | Y22: Ø Temp | Z22: =SUM(Z15:Z21)/7 -> 21.142857 | AA22: °C
A23: =SUM(A21+1) -> 16 | B23: Mo | C23: 5951.4 | D23: 9354.8387 | E23: 477.7 | F23: 1935.4839 | G23: 222.3 | H23: 322.58065 | I23: 0 | K23: 0 | L23: 4193.5484 | M23: 730.8 | N23: 2272 | O23: =SUM(M23:N23) -> 3002.8 | P23: 2258.0645 | Q23: 2620.4 | R23: 5274.1935 | S23: =SUM(C23+E23+G23+I23+K23+O23+Q23) -> 12274.6 | T23: =SUM(D23+F23+H23+P23+J23+L23+R23) -> 23338.71 | U23: 0 | W23: =SUM(S23+U23) -> 12274.6 | X23: =SUM(T23+V23) -> 23338.71 | Y23: sonnig, bewölkt | Z23: 14 | AA23: °C | AD23: =C23+E23+G23+I23+K23+M23+U23 -> 7382.2
A24: =SUM(A23+1) -> 17 | B24: Di | C24: 6037.8 | D24: 9354.8387 | E24: 143.7 | F24: 1935.4839 | G24: 154.5 | H24: 322.58065 | I24: 0 | K24: 0 | L24: 4193.5484 | M24: 442 | N24: 4145 | O24: =SUM(M24:N24) -> 4587 | P24: 2258.0645 | Q24: 3313.2 | R24: 5274.1935 | S24: =SUM(C24+E24+G24+I24+K24+O24+Q24) -> 14236.2 | T24: =SUM(D24+F24+H24+P24+J24+L24+R24) -> 23338.71 | U24: 0 | W24: =SUM(S24+U24) -> 14236.2 | X24: =SUM(T24+V24) -> 23338.71 | Y24: hohe Wolkenfelder | Z24: 13 | AA24: °C | AD24: =C24+E24+G24+I24+K24+M24+U24 -> 6778
A25: =SUM(A24+1) -> 18 | B25: Mi | C25: 4958.4 | D25: 9354.8387 | E25: 0 | F25: 1935.4839 | G25: 15.3 | H25: 322.58065 | I25: 0 | K25: 0 | L25: 4193.5484 | M25: 346.6 | N25: 580 | O25: =SUM(M25:N25) -> 926.6 | P25: 2258.0645 | Q25: 3422.8 | R25: 5274.1935 | S25: =SUM(C25+E25+G25+I25+K25+O25+Q25) -> 9323.1 | T25: =SUM(D25+F25+H25+P25+J25+L25+R25) -> 23338.71 | U25: 0 | W25: =SUM(S25+U25) -> 9323.1 | X25: =SUM(T25+V25) -> 23338.71 | Y25: bedeckt, Gewitter | Z25: 12 | AA25: °C | AD25: =C25+E25+G25+I25+K25+M25+U25 -> 5320.3
A26: =SUM(A25+1) -> 19 | B26: Do | C26: 7882.3 | D26: 9354.8387 | E26: 216.2 | F26: 1935.4839 | G26: 77 | H26: 322.58065 | I26: 0 | K26: 807.7 | L26: 4193.5484 | M26: 1645.9 | N26: 7422 | O26: =SUM(M26:N26) -> 9067.9 | P26: 2258.0645 | Q26: 5432.1 | R26: 5274.1935 | S26: =SUM(C26+E26+G26+I26+K26+O26+Q26) -> 23483.2 | T26: =SUM(D26+F26+H26+P26+J26+L26+R26) -> 23338.71 | U26: 0 | W26: =SUM(S26+U26) -> 23483.2 | X26: =SUM(T26+V26) -> 23338.71 | Y26: bedeckt, leichter Regen | Z26: 18 | AA26: °C | AD26: =C26+E26+G26+I26+K26+M26+U26 -> 10629.1
A27: =SUM(A26+1) -> 20 | B27: Fr | C27: 8365.1 | D27: 9354.8387 | E27: 0 | F27: 1935.4839 | G27: 19.6 | H27: 322.58065 | I27: 0 | K27: 14783.1 | L27: 4193.5484 | M27: 207 | N27: 4377 | O27: =SUM(M27:N27) -> 4584 | P27: 2258.0645 | Q27: 7483.3 | R27: 5274.1935 | S27: =SUM(C27+E27+G27+I27+K27+O27+Q27) -> 35235.1 | T27: =SUM(D27+F27+H27+P27+J27+L27+R27) -> 23338.71 | U27: 0 | W27: =SUM(S27+U27) -> 35235.1 | X27: =SUM(T27+V27) -> 23338.71 | Y27: bewölkt, Regenschauer | Z27: 13 | AA27: °C | AD27: =C27+E27+G27+I27+K27+M27+U27 -> 23374.8
A28: =SUM(A27+1) -> 21 | B28: Sa | C28: 13330.2 | D28: 9354.8387 | E28: 0 | F28: 1935.4839 | G28: 170.3 | H28: 322.58065 | I28: 0 | K28: 13113.5 | L28: 4193.5484 | M28: 930 | N28: 3246 | O28: =SUM(M28:N28) -> 4176 | P28: 2258.0645 | Q28: 7636.8 | R28: 5274.1935 | S28: =SUM(C28+E28+G28+I28+K28+O28+Q28) -> 38426.8 | T28: =SUM(D28+F28+H28+P28+J28+L28+R28) -> 23338.71 | U28: 0 | W28: =SUM(S28+U28) -> 38426.8 | X28: =SUM(T28+V28) -> 23338.71 | Y28: leichter Regenschauer | Z28: 15 | AA28: °C | AD28: =C28+E28+G28+I28+K28+M28+U28 -> 27544
A29: =SUM(A28+1) -> 22 | B29: So | C29: 12174.55 | D29: 9354.8387 | E29: 1832 | F29: 1935.4839 | G29: 482.5 | H29: 322.58065 | I29: 0 | K29: 7516.1 | L29: 4193.5484 | M29: 0 | N29: 50 | O29: =SUM(M29:N29) -> 50 | P29: 2258.0645 | Q29: 2847.2 | R29: 5274.1935 | S29: =SUM(C29+E29+G29+I29+K29+O29+Q29) -> 24902.35 | T29: =SUM(D29+F29+H29+P29+J29+L29+R29) -> 23338.71 | U29: 0 | W29: =SUM(S29+U29) -> 24902.35 | X29: =SUM(T29+V29) -> 23338.71 | Y29: teilweise sonnig | Z29: 15 | AA29: °C | AD29: =C29+E29+G29+I29+K29+M29+U29 -> 22005.15
A30: KW | B30: =SUM(B22+1) -> 42 | C30: =SUM(C23:C29) -> 58699.75 | D30: =SUM(D23:D29) -> 65483.871 | E30: =SUM(E23:E29) -> 2669.6 | F30: =SUM(F23:F29) -> 13548.387 | G30: =SUM(G23:G29) -> 1141.5 | H30: =SUM(H23:H29) -> 2258.0645 | I30: =SUM(I23:I29) -> 0 | J30: =SUM(J23:J29) -> 0 | ... X30: =SUM(X23:X29) -> 163370.97 | Y30: Ø Temp | Z30: =SUM(Z23:Z29)/7 -> 14.285714 | AA30: °C
A31: =SUM(A29+1) -> 23 | B31: Mo | C31: 6491.1 | D31: 9354.8387 | E31: 210.9 | F31: 1935.4839 | G31: 96.5 | H31: 322.58065 | I31: 0 | K31: 0 | L31: 4193.5484 | M31: 623 | N31: 2587 | O31: =SUM(M31:N31) -> 3210 | P31: 2258.0645 | Q31: 3266.4 | R31: 5274.1935 | S31: =SUM(C31+E31+G31+I31+K31+O31+Q31) -> 13274.9 | T31: =SUM(D31+F31+H31+P31+J31+L31+R31) -> 23338.71 | U31: 0 | W31: =SUM(S31+U31) -> 13274.9 | X31: =SUM(T31+V31) -> 23338.71 | Y31: bedeckt, leichter Regen | Z31: 14 | AA31: °C | AD31: =C31+E31+G31+I31+K31+M31+U31 -> 7421.5
A32: =SUM(A31+1) -> 24 | B32: Di | C32: 5409 | D32: 9354.8387 | E32: 0 | F32: 1935.4839 | G32: 0 | H32: 322.58065 | I32: 0 | K32: 1646.3 | L32: 4193.5484 | M32: 1501.7 | N32: 5080 | O32: =SUM(M32:N32) -> 6581.7 | P32: 2258.0645 | Q32: 4186.2 | R32: 5274.1935 | S32: =SUM(C32+E32+G32+I32+K32+O32+Q32) -> 17823.2 | T32: =SUM(D32+F32+H32+P32+J32+L32+R32) -> 23338.71 | U32: 0 | W32: =SUM(S32+U32) -> 17823.2 | X32: =SUM(T32+V32) -> 23338.71 | Y32: bedeckt, Regen | Z32: 11 | AA32: °C | AD32: =C32+E32+G32+I32+K32+M32+U32 -> 8557
A33: =SUM(A32+1) -> 25 | B33: Mi | C33: 8458.5 | D33: 9354.8387 | E33: 12 | F33: 1935.4839 | G33: 61.1 | H33: 322.58065 | I33: 0 | K33: 0 | L33: 4193.5484 | M33: 1774.7 | N33: 10099 | O33: =SUM(M33:N33) -> 11873.7 | P33: 2258.0645 | Q33: 2766.7 | R33: 5274.1935 | S33: =SUM(C33+E33+G33+I33+K33+O33+Q33) -> 23172 | T33: =SUM(D33+F33+H33+P33+J33+L33+R33) -> 23338.71 | U33: 0 | W33: =SUM(S33+U33) -> 23172 | X33: =SUM(T33+V33) -> 23338.71 | Y33: leichter Regenschauer | Z33: 14 | AA33: °C | AD33: =C33+E33+G33+I33+K33+M33+U33 -> 10306.3
A34: =SUM(A33+1) -> 26 | B34: Do | C34: 8305 | D34: 9354.8387 | E34: 0 | F34: 1935.4839 | G34: 10.3 | H34: 322.58065 | I34: 0 | K34: 0 | L34: 4193.5484 | M34: 2008 | N34: 6706 | O34: =SUM(M34:N34) -> 8714 | P34: 2258.0645 | Q34: 6816.2 | R34: 5274.1935 | S34: =SUM(C34+E34+G34+I34+K34+O34+Q34) -> 23845.5 | T34: =SUM(D34+F34+H34+P34+J34+L34+R34) -> 23338.71 | U34: 0 | W34: =SUM(S34+U34) -> 23845.5 | X34: =SUM(T34+V34) -> 23338.71 | Y34: trockene Abschnitte, Regenschauer | Z34: 13 | AA34: °C | AD34: =C34+E34+G34+I34+K34+M34+U34 -> 10323.3
A35: =SUM(A34+1) -> 27 | B35: Fr | C35: 8317.1 | D35: 9354.8387 | E35: 21.8 | F35: 1935.4839 | G35: 109.9 | H35: 322.58065 | I35: 0 | K35: 9413.3 | L35: 4193.5484 | M35: 1246.5 | N35: 4576 | O35: =SUM(M35:N35) -> 5822.5 | P35: 2258.0645 | Q35: 6911.6 | R35: 5274.1935 | S35: =SUM(C35+E35+G35+I35+K35+O35+Q35) -> 30596.2 | T35: =SUM(D35+F35+H35+P35+J35+L35+R35) -> 23338.71 | U35: 0 | W35: =SUM(S35+U35) -> 30596.2 | X35: =SUM(T35+V35) -> 23338.71 | Y35: trockene Abschnitte, Regenschauer | Z35: 14 | AA35: °C | AD35: =C35+E35+G35+I35+K35+M35+U35 -> 19108.6
A36: =SUM(A35+1) -> 28 | B36: Sa | C36: 15713.2 | D36: 9354.8387 | E36: 929.6 | F36: 1935.4839 | G36: 997.2 | H36: 322.58065 | I36: 0 | K36: 0 | L36: 4193.5484 | M36: 0 | N36: 0 | O36: =SUM(M36:N36) -> 0 | P36: 2258.0645 | Q36: 6129.9 | R36: 5274.1935 | S36: =SUM(C36+E36+G36+I36+K36+O36+Q36) -> 23769.9 | T36: =SUM(D36+F36+H36+P36+J36+L36+R36) -> 23338.71 | U36: 0 | W36: =SUM(S36+U36) -> 23769.9 | X36: =SUM(T36+V36) -> 23338.71 | Y36: sonnig | Z36: 14 | AA36: °C | AD36: =C36+E36+G36+I36+K36+M36+U36 -> 17640
A37: =SUM(A36+1) -> 29 | B37: So | C37: 12409.1 | D37: 9354.8387 | E37: 1786.9 | F37: 1935.4839 | G37: 505.2 | H37: 322.58065 | I37: 0 | K37: 3925 | L37: 4193.5484 | M37: 0 | N37: 0 | O37: =SUM(M37:N37) -> 0 | P37: 2258.0645 | Q37: 1875.4 | R37: 5274.1935 | S37: =SUM(C37+E37+G37+I37+K37+O37+Q37) -> 20501.6 | T37: =SUM(D37+F37+H37+P37+J37+L37+R37) -> 23338.71 | U37: 0 | W37: =SUM(S37+U37) -> 20501.6 | X37: =SUM(T37+V37) -> 23338.71 | Y37: bewölkt, sonnig | Z37: 16 | AA37: °C | AD37: =C37+E37+G37+I37+K37+M37+U37 -> 18626.2
A38: KW | B38: =SUM(B30+1) -> 43 | C38: =SUM(C31:C37) -> 65103 | D38: =SUM(D31:D37) -> 65483.871 | E38: =SUM(E31:E37) -> 2961.2 | F38: =SUM(F31:F37) -> 13548.387 | G38: =SUM(G31:G37) -> 1780.2 | H38: =SUM(H31:H37) -> 2258.0645 | I38: =SUM(I31:I37) -> 0 | J38: =SUM(J31:J37) -> 0 | ... X38: =SUM(X31:X37) -> 163370.97 | Y38: Ø Temp | Z38: =SUM(Z31:Z37)/7 -> 13.714286 | AA38: °C
A39: 30 | B39: Mo | C39: 5631.8 | D39: 9354.8387 | E39: 0 | F39: 1935.4839 | G39: 24 | H39: 322.58065 | I39: 0 | K39: 0 | L39: 4193.5484 | M39: 0 | N39: 0 | O39: =SUM(M39:N39) -> 0 | P39: 2258.0645 | Q39: 1906.6 | R39: 5274.1935 | S39: =SUM(C39+E39+G39+I39+K39+O39+Q39) -> 7562.4 | T39: =SUM(D39+F39+H39+P39+J39+L39+R39) -> 23338.71 | U39: 0 | W39: =SUM(S39+U39) -> 7562.4 | X39: =SUM(T39+V39) -> 23338.71 | Y39: bedeckt, Regen, Gewitter | Z39: 14 | AD39: =C39+E39+G39+I39+K39+M39+U39 -> 5655.8
A40: 31 | B40: Di | C40: 7072.4 | D40: 9354.8387 | E40: 0 | F40: 1935.4839 | G40: 99 | H40: 322.58065 | I40: 0 | K40: 0 | L40: 4193.5484 | M40: 632.9 | N40: 0 | O40: =SUM(M40:N40) -> 632.9 | P40: 2258.0645 | Q40: 1095.1 | R40: 5274.1935 | S40: =SUM(C40+E40+G40+I40+K40+O40+Q40) -> 8899.4 | T40: =SUM(D40+F40+H40+P40+J40+L40+R40) -> 23338.71 | U40: 0 | W40: =SUM(S40+U40) -> 8899.4 | X40: =SUM(T40+V40) -> 23338.71 | Y40: leichter Regenschauer | Z40: 13 | AA40: °C | AD40: =C40+E40+G40+I40+K40+M40+U40 -> 7804.3
A41: KW | B41: 44 | C41: =SUM(C39:C40) -> 12704.2 | D41: =SUM(D39:D40) -> 18709.677 | E41: =SUM(E39:E40) -> 0 | F41: =SUM(F39:F40) -> 3870.9677 | G41: =SUM(G39:G40) -> 123 | H41: =SUM(H39:H40) -> 645.16129 | I41: =SUM(I39:I40) -> 0 | J41: =SUM(J39:J40) -> 0 | ... X41: =SUM(X39:X40) -> 46677.419 | Y41: Ø Temp | Z41: =SUM(Z33:Z40)/7 -> 15.959184 | AA41: °C | AD41: =C41+E41+G41+I41+K41+M41+U41 -> 13460.1
A42: Umsatz kumuliert | C42: =SUM(C6+C14+C22+C30+C38+C41) -> 243030.15 | D42: =SUM(D6+D14+D22+D30+D38+D41) -> 290000 | E42: =SUM(E6+E14+E22+E30+E38+E41) -> 112605.5 | F42: =SUM(F6+F14+F22+F30+F38+F41) -> 60000 | G42: =SUM(G6+G14+G22+G30+G38+G41) -> 11048 | H42: =SUM(H6+H14+H22+H30+H38+H41) -> 10000 | I42: =SUM(I6+I14+I22+I30+I38+I41) -> 0 | J42: =SUM(J6+J14+J22+J30+J38+J41) -> 0 | ... X42: =SUM(X6+X14+X22+X30+X38+X41) -> 723500 | Y42: Umsatz kumuliert | AD42: =C42+E42+G42+I42+K42+M42+U42 -> 500570.45
A43: Umsatz pro Tag | C43: =C42/31 -> 7839.6823 | D43: =D42/31 -> 9354.8387 | E43: =E42/31 -> 3632.4355 | F43: =F42/31 -> 1935.4839 | G43: =G42/31 -> 356.3871 | H43: =H42/31 -> 322.58065 | I43: =I42/31 -> 0 | J43: =J42/31 -> 0 | ... X43: =X42/31 -> 23338.71 | Y43: Budget pro Tag
A44: Diff. zu Budget | C44: =SUM(C42-D42) -> -46969.85 | E44: =SUM(E42-F42) -> 52605.5 | G44: =SUM(G42-H42) -> 1048 | I44: =SUM(I42-J42) -> 0 | K44: =SUM(K42-L42) -> -16563.3 | O44: =SUM(O42-P42) -> 21583.1 | Q44: =SUM(Q42-R42) -> -10650.35 | S44: =SUM(S42-T42) -> 1053.1006 | U44: =SUM(U42-V42) -> 2000.1 | W44: =SUM(W42-X42) -> 3053.2006
A45: Index | C45: =SUM(100/D42*C42) -> 83.8035 | E45: =SUM(100/F42*E42) -> 187.67583 | G45: =SUM(100/H42*G42) -> 110.48 | I45: =SUM(100/J42*I42) -> #DIV/0! | K45: =SUM(100/L42*K42) -> 87.259 | O45: =SUM(100/P42*O42) -> 130.833 | Q45: =SUM(100/R42*Q42) -> 93.486024 | S45: =SUM(100/T42*S42) -> 100.14556 | U45: =SUM(100/V42*U42) -> #DIV/0! | W45: =SUM(100/X42*W42) -> 100.422

Sheet 11_23
A1: Tagesumsätze | H1: 45231
C3: Restaurant | E3: Terrasse | G3: Lounge | I3: Pavillon | K3: Bankett | M3: Seminar | Q3: Hotel | S3: TOTAL Gesamtbetrieb ohne Seebad | U3: Seebad | W3: TOTAL Gesamtbetrieb mit Seebad | Y3: Info's | AD3: Gegenkontrolle Gastronovi
C4: IST | D4: Budget | E4: IST | F4: Budget | G4: IST | H4: Budget | I4: IST | J4: Budget | K4: IST | L4: Budget | M4: IST/GN | N4: IST/ET | O4: TOTAL IST | P4: Budget | Q4: IST | R4: Budget | S4: IST | T4: Budget | U4: IST | V4: Budget | W4: IST | X4: Budget | Y4: Wetter | Z4: Temp. | AB4: Bemerkung
A5: 1 | B5: Mi | C5: 8670.9 | D5: 8000 | E5: 0 | F5: 116.66666 | G5: 33.2 | H5: 50 | I5: 0 | K5: 1347.5 | L5: 3000 | M5: 1356.1 | N5: 676 | O5: =M5+N5 -> 2032.1 | P5: 3666.6667 | Q5: 3266 | R5: 4680 | S5: =SUM(C5+E5+G5+I5+K5+O5+Q5) -> 15349.7 | T5: =SUM(D5+F5+H5+J5+L5+P5+R5) -> 19513.333 | U5: 0 | W5: =SUM(S5+U5) -> 15349.7 | X5: =SUM(T5+V5) -> 19513.333 | Y5: bewölkt | Z5: 11 | AA5: °C | AD5: =C5+E5+G5+I5+K5+M5+U5 -> 11407.7
A6: =SUM(A5+1) -> 2 | B6: Do | C6: 4152 | D6: 8000 | E6: 0 | F6: 116.66666 | G6: 59 | H6: 50 | I6: 0 | K6: 0 | L6: 3000 | M6: 963.6 | N6: 6155 | O6: =M6+N6 -> 7118.6 | P6: 3666.6667 | Q6: 4315.6 | R6: 4680 | S6: =SUM(C6+E6+G6+I6+K6+O6+Q6) -> 15645.2 | T6: =SUM(D6+F6+H6+J6+L6+P6+R6) -> 19513.333 | U6: 0 | W6: =SUM(S6+U6) -> 15645.2 | X6: =SUM(T6+V6) -> 19513.333 | Y6: Regen | Z6: 10 | AA6: °C | AD6: =C6+E6+G6+I6+K6+M6+U6 -> 5174.6
A7: =SUM(A6+1) -> 3 | B7: Fr | C7: =8070.8-94.6 -> 7976.2 | D7: 8000 | E7: 4.3 | F7: 116.66666 | G7: 28.7 | H7: 50 | I7: 0 | K7: 1400 | L7: 3000 | M7: 707.4 | N7: 3777 | O7: =M7+N7 -> 4484.4 | P7: 3666.6667 | Q7: 2622.4 | R7: 4680 | S7: =SUM(C7+E7+G7+I7+K7+O7+Q7) -> 16516 | T7: =SUM(D7+F7+H7+J7+L7+P7+R7) -> 19513.333 | U7: 0 | W7: =SUM(S7+U7) -> 16516 | X7: =SUM(T7+V7) -> 19513.333 | Y7: bedeckt | Z7: 9 | AA7: °C | AD7: =C7+E7+G7+I7+K7+M7+U7 -> 10116.6
A8: =SUM(A7+1) -> 4 | B8: Sa | C8: 12624.5 | D8: 8000 | E8: 0 | F8: 116.66666 | G8: 15.8 | H8: 50 | I8: 0 | K8: 0 | L8: 3000 | M8: 328.4 | N8: 400 | O8: =M8+N8 -> 728.4 | P8: 3666.6667 | Q8: 6708.3 | R8: 4680 | S8: =SUM(C8+E8+G8+I8+K8+O8+Q8) -> 20077 | T8: =SUM(D8+F8+H8+J8+L8+P8+R8) -> 19513.333 | U8: 0 | W8: =SUM(S8+U8) -> 20077 | X8: =SUM(T8+V8) -> 19513.333 | Y8: bewölkt, trockene Abschnitte | Z8: 10 | AA8: °C | AD8: =C8+E8+G8+I8+K8+M8+U8 -> 12968.7
