Workbook

Sheet 01_24
A1: Tagesumsätze | H1: 45292
C3: Restaurant | E3: Terrasse | G3: Lounge | I3: Pavillon | M3: Bankett | Q3: Seminar | U3: Hotel | W3: TOTAL Gesamtbetrieb ohne Seebad | Y3: Seebad | AA3: TOTAL Gesamtbetrieb mit Seebad | AC3: Info's | AH3: Gegenkontrolle Gastronovi
C4: IST | D4: Budget | E4: IST | F4: Budget | G4: IST | H4: Budget | I4: IST/GN | J4: IST/ET | K4: TOTAL IST | L4: Budget | M4: IST/GN | N4: IST/ET | O4: TOTAL IST | P4: Budget | Q4: IST/GN | R4: IST/ET | S4: TOTAL IST | T4: Budget | U4: TOTAL IST | V4: Budget | W4: IST | X4: Budget | Y4: IST | Z4: Budget | AA4: IST | AB4: Budget | AC4: Wetter | AD4: Temp. | AF4: Bemerkung
A5: 1 | B5: Mo | C5: 9138.9 | D5: 6451.6129 | E5: 0 | F5: 80.64516 | G5: 0 | H5: 32.25806 | I5: 0 | J5: 0 | K5: =I5+J5 -> 0 | M5: =0 -> 0 | N5: 0 | O5: =M5+N5 -> 0 | P5: 1935.4839 | Q5: 0 | R5: 0 | S5: =Q5+R5 -> 0 | T5: 2258.0645 | U5: 3768.51 | V5: 3116.129 | W5: =SUM(C5+E5+G5+K5+O5+S5+U5) -> 12907.41 | X5: =SUM(D5+F5+H5+L5+P5+T5+V5) -> 13874.194 | Y5: 0 | AA5: =SUM(W5+Y5) -> 12907.41 | AB5: =SUM(X5+Z5) -> 13874.194 | AC5: bedeckt, teilweise sonnig | AD5: 8 | AE5: °C | AF5: Neujahr | AH5: =C5+E5+G5+I5+M5+Q5+Y5 -> 9138.9
A6: =SUM(A5+1) -> 2 | B6: Di | C6: 11308.66 | D6: 6451.6129 | E6: 0 | F6: 80.64516 | G6: 0 | H6: 32.25806 | I6: 0 | K6: =I6+J6 -> 0 | M6: 0 | N6: 0 | O6: =M6+N6 -> 0 | P6: 1935.4839 | Q6: 0 | R6: 0 | S6: =Q6+R6 -> 0 | T6: 2258.0645 | U6: 1885.4 | V6: 3116.129 | W6: =SUM(C6+E6+G6+K6+O6+S6+U6) -> 13194.06 | X6: =SUM(D6+F6+H6+L6+P6+T6+V6) -> 13874.194 | Y6: 0 | AA6: =SUM(W6+Y6) -> 13194.06 | AB6: =SUM(X6+Z6) -> 13874.194 | AC6: leichter Regenschauer | AD6: 7 | AE6: °C | AF6: Berchtoldstag | AH6: =C6+E6+G6+I6+M6+Q6+Y6 -> 11308.66
A7: =SUM(A6+1) -> 3 | B7: Mi | C7: 4284.8 | D7: 6451.6129 | E7: 30 | F7: 80.64516 | G7: 77.8 | H7: 32.25806 | I7: 0 | K7: =I7+J7 -> 0 | M7: 0 | N7: 0 | O7: =M7+N7 -> 0 | P7: 1935.4839 | Q7: 0 | R7: 0 | S7: =Q7+R7 -> 0 | T7: 2258.0645 | U7: 1433.8 | V7: 3116.129 | W7: =SUM(C7+E7+G7+K7+O7+S7+U7) -> 5826.4 | X7: =SUM(D7+F7+H7+L7+P7+T7+V7) -> 13874.194 | Y7: 0 | AA7: =SUM(W7+Y7) -> 5826.4 | AB7: =SUM(X7+Z7) -> 13874.194 | AC7: bedeckt, windig | AD7: 12 | AE7: °C | AH7: =C7+E7+G7+I7+M7+Q7+Y7 -> 4392.6
A8: =SUM(A7+1) -> 4 | B8: Do | C8: 6025 | D8: 6451.6129 | E8: 177.9 | F8: 80.64516 | G8: 155.5 | H8: 32.25806 | I8: 0 | K8: =I8+J8 -> 0 | M8: 7642.8 | N8: 0 | O8: =M8+N8 -> 7642.8 | P8: 1935.4839 | Q8: 1095.9 | R8: 1664 | S8: =Q8+R8 -> 2759.9 | T8: 2258.0645 | U8: 2334.5 | V8: 3116.129 | W8: =SUM(C8+E8+G8+K8+O8+S8+U8) -> 19095.6 | X8: =SUM(D8+F8+H8+L8+P8+T8+V8) -> 13874.194 | Y8: 0 | AA8: =SUM(W8+Y8) -> 19095.6 | AB8: =SUM(X8+Z8) -> 13874.194 | AC8: bewölkt, Regenschauer | AD8: 9 | AE8: °C | AH8: =C8+E8+G8+I8+M8+Q8+Y8 -> 15097.1
A9: =SUM(A8+1) -> 5 | B9: Fr | C9: 6459.9 | D9: 6451.6129 | E9: 0 | F9: 80.64516 | G9: 0 | H9: 32.25806 | I9: 0 | K9: =I9+J9 -> 0 | M9: 2093.3 | N9: 0 | O9: =M9+N9 -> 2093.3 | P9: 1935.4839 | Q9: 46.6 | R9: 1140 | S9: =Q9+R9 -> 1186.6 | T9: 2258.0645 | U9: 2787.9 | V9: 3116.129 | W9: =SUM(C9+E9+G9+K9+O9+S9+U9) -> 12527.7 | X9: =SUM(D9+F9+H9+L9+P9+T9+V9) -> 13874.194 | Y9: 0 | AA9: =SUM(W9+Y9) -> 12527.7 | AB9: =SUM(X9+Z9) -> 13874.194 | AC9: leichter Regenschauer | AD9: 6 | AE9: °C | AH9: =C9+E9+G9+I9+M9+Q9+Y9 -> 8599.8
A10: =SUM(A9+1) -> 6 | B10: Sa | C10: 10408.6 | D10: 6451.6129 | E10: 0 | F10: 80.64516 | G10: 0 | H10: 32.25806 | I10: 0 | K10: =I10+J10 -> 0 | M10: 0 | N10: 0 | O10: =M10+N10 -> 0 | P10: 1935.4839 | Q10: 4319.6 | R10: 0 | S10: =Q10+R10 -> 4319.6 | T10: 2258.0645 | U10: 3488.2 | V10: 3116.129 | W10: =SUM(C10+E10+G10+K10+O10+S10+U10) -> 18216.4 | X10: =SUM(D10+F10+H10+L10+P10+T10+V10) -> 13874.194 | Y10: 0 | AA10: =SUM(W10+Y10) -> 18216.4 | AB10: =SUM(X10+Z10) -> 13874.194 | AC10: leichter Regenschauer | AD10: 2 | AE10: °C | AH10: =C10+E10+G10+I10+M10+Q10+Y10 -> 14728.2
A11: =SUM(A10+1) -> 7 | B11: So | C11: 3362 | D11: 6451.6129 | E11: 0 | F11: 80.64516 | G11: 0 | H11: 32.25806 | I11: 0 | K11: =I11+J11 -> 0 | M11: 0 | N11: 0 | O11: =M11+N11 -> 0 | P11: 1935.4839 | Q11: 0 | R11: 0 | S11: =Q11+R11 -> 0 | T11: 2258.0645 | U11: 1239.6 | V11: 3116.129 | W11: =SUM(C11+E11+G11+K11+O11+S11+U11) -> 4601.6 | X11: =SUM(D11+F11+H11+L11+P11+T11+V11) -> 13874.194 | Y11: 0 | AA11: =SUM(W11+Y11) -> 4601.6 | AB11: =SUM(X11+Z11) -> 13874.194 | AC11: Regen | AD11: 1 | AE11: °C | AF11: MA Feier ab 15:00 geschlossen | AH11: =C11+E11+G11+I11+M11+Q11+Y11 -> 3362
A12: KW | B12: 1 | C12: =SUM(C5:C11) -> 50987.86 | D12: =SUM(D5:D11) -> 45161.29 | E12: =SUM(E5:E11) -> 207.9 | F12: =SUM(F5:F11) -> 564.51612 | G12: =SUM(G5:G11) -> 233.3 | H12: =SUM(H5:H11) -> 225.80642 | I12: =SUM(I5:I11) -> 0 | J12: =SUM(J5:J11) -> 0 | K12: =SUM(K5:K11) -> 0 | L12: 0 | M12: =SUM(M5:M11) -> 9736.1 | N12: =SUM(N5:N11) -> 0 | O12: =SUM(O5:O11) -> 9736.1 | P12: =SUM(P5:P11) -> 13548.387 | Q12: =SUM(Q5:Q11) -> 5462.1 | R12: =SUM(R5:R11) -> 2804 | S12: =SUM(S5:S11) -> 8266.1 | T12: =SUM(T5:T11) -> 15806.452 | ... AB12: =SUM(AB5:AB11) -> 97119.355 | AC12: Ø Temp | AD12: =SUM(AD5:AD11)/7 -> 6.4285714 | AE12: °C
A13: =SUM(A11+1) -> 8 | B13: Mo | C13: 2627.5 | D13: 6451.6129 | E13: 0 | F13: 80.64516 | G13: 0 | H13: 32.25806 | I13: 0 | K13: =I13+J13 -> 0 | M13: 1264.8 | N13: 0 | O13: =M13+N13 -> 1264.8 | P13: 1935.4839 | Q13: 10.6 | R13: 1351 | S13: =Q13+R13 -> 1361.6 | T13: 2258.0645 | U13: 1568.85 | V13: 3116.129 | W13: =SUM(C13+E13+G13+K13+O13+S13+U13) -> 6822.75 | X13: =SUM(D13+F13+H13+L13+P13+T13+V13) -> 13874.194 | Y13: 0 | AA13: =SUM(W13+Y13) -> 6822.75 | AB13: =SUM(X13+Z13) -> 13874.194 | AC13: bedeckt | AD13: -3 | AE13: °C | AH13: =C13+E13+G13+I13+M13+Q13+Y13 -> 3902.9
A14: =SUM(A13+1) -> 9 | B14: Di | C14: 4714.4 | D14: 6451.6129 | E14: 0 | F14: 80.64516 | G14: 0 | H14: 32.25806 | I14: 0 | K14: =I14+J14 -> 0 | M14: 3202.6 | N14: 0 | O14: =M14+N14 -> 3202.6 | P14: 1935.4839 | Q14: 279.8 | R14: 2387 | S14: =Q14+R14 -> 2666.8 | T14: 2258.0645 | U14: 6112.1 | V14: 3116.129 | W14: =SUM(C14+E14+G14+K14+O14+S14+U14) -> 16695.9 | X14: =SUM(D14+F14+H14+L14+P14+T14+V14) -> 13874.194 | Y14: 0 | AA14: =SUM(W14+Y14) -> 16695.9 | AB14: =SUM(X14+Z14) -> 13874.194 | AC14: bedeckt, leichter Schneeschauer | AD14: -4 | AE14: °C | AH14: =C14+E14+G14+I14+M14+Q14+Y14 -> 8196.8
A15: =SUM(A14+1) -> 10 | B15: Mi | C15: 1590 | D15: 6451.6129 | E15: 0 | F15: 80.64516 | G15: 0 | H15: 32.25806 | I15: 0 | K15: =I15+J15 -> 0 | M15: 0 | N15: 0 | O15: =M15+N15 -> 0 | P15: 1935.4839 | Q15: 1260.5 | R15: 7157 | S15: =Q15+R15 -> 8417.5 | T15: 2258.0645 | U15: 8677.3 | V15: 3116.129 | W15: =SUM(C15+E15+G15+K15+O15+S15+U15) -> 18684.8 | X15: =SUM(D15+F15+H15+L15+P15+T15+V15) -> 13874.194 | Y15: 0 | AA15: =SUM(W15+Y15) -> 18684.8 | AB15: =SUM(X15+Z15) -> 13874.194 | AC15: bedeckt | AD15: -3 | AE15: °C | AH15: =C15+E15+G15+I15+M15+Q15+Y15 -> 2850.5
A16: =SUM(A15+1) -> 11 | B16: Do | C16: 2525 | D16: 6451.6129 | E16: 0 | F16: 80.64516 | G16: 0 | H16: 32.25806 | I16: 0 | K16: =I16+J16 -> 0 | M16: 0 | N16: 0 | O16: =M16+N16 -> 0 | P16: 1935.4839 | Q16: 394.1 | R16: 10945 | S16: =Q16+R16 -> 11339.1 | T16: 2258.0645 | U16: 10778.3 | V16: 3116.129 | W16: =SUM(C16+E16+G16+K16+O16+S16+U16) -> 24642.4 | X16: =SUM(D16+F16+H16+L16+P16+T16+V16) -> 13874.194 | Y16: 0 | AA16: =SUM(W16+Y16) -> 24642.4 | AB16: =SUM(X16+Z16) -> 13874.194 | AC16: Hochnebel | AD16: -2 | AE16: °C | AH16: =C16+E16+G16+I16+M16+Q16+Y16 -> 2919.1
A17: =SUM(A16+1) -> 12 | B17: Fr | C17: 7664.2 | D17: 6451.6129 | E17: 0 | F17: 80.64516 | G17: 0 | H17: 32.25806 | I17: 0 | K17: =I17+J17 -> 0 | M17: 0 | N17: 0 | O17: =M17+N17 -> 0 | P17: 1935.4839 | Q17: 36 | R17: 8690 | S17: =Q17+R17 -> 8726 | T17: 2258.0645 | U17: 3417.1 | V17: 3116.129 | W17: =SUM(C17+E17+G17+K17+O17+S17+U17) -> 19807.3 | X17: =SUM(D17+F17+H17+L17+P17+T17+V17) -> 13874.194 | Y17: 0 | AA17: =SUM(W17+Y17) -> 19807.3 | AB17: =SUM(X17+Z17) -> 13874.194 | AC17: bedeckt, ziemlich sonnig | AD17: -3 | AE17: °C | AH17: =C17+E17+G17+I17+M17+Q17+Y17 -> 7700.2
A18: =SUM(A17+1) -> 13 | B18: Sa | C18: 9747.5 | D18: 6451.6129 | E18: 0 | F18: 80.64516 | G18: 0 | H18: 32.25806 | I18: 0 | K18: =I18+J18 -> 0 | M18: 1946.2 | N18: 0 | O18: =M18+N18 -> 1946.2 | P18: 1935.4839 | Q18: 2829 | R18: 12367 | S18: =Q18+R18 -> 15196 | T18: 2258.0645 | U18: 3456.2 | V18: 3116.129 | W18: =SUM(C18+E18+G18+K18+O18+S18+U18) -> 30345.9 | X18: =SUM(D18+F18+H18+L18+P18+T18+V18) -> 13874.194 | Y18: 0 | AA18: =SUM(W18+Y18) -> 30345.9 | AB18: =SUM(X18+Z18) -> 13874.194 | AC18: bedeckt, hochnebel | AD18: -3.5 | AE18: °C | AH18: =C18+E18+G18+I18+M18+Q18+Y18 -> 14522.7
A19: =SUM(A18+1) -> 14 | B19: So | C19: 11725.2 | D19: 6451.6129 | E19: 0 | F19: 80.64516 | G19: 214.4 | H19: 32.25806 | I19: 0 | K19: =I19+J19 -> 0 | M19: 8649.7 | N19: 0 | O19: =M19+N19 -> 8649.7 | P19: 1935.4839 | Q19: 0 | R19: 0 | S19: =Q19+R19 -> 0 | T19: 2258.0645 | U19: 1913.3 | V19: 3116.129 | W19: =SUM(C19+E19+G19+K19+O19+S19+U19) -> 22502.6 | X19: =SUM(D19+F19+H19+L19+P19+T19+V19) -> 13874.194 | Y19: 0 | AA19: =SUM(W19+Y19) -> 22502.6 | AB19: =SUM(X19+Z19) -> 13874.194 | AC19: bedeckt, hochnebel | AD19: -5 | AE19: °C | AH19: =C19+E19+G19+I19+M19+Q19+Y19 -> 20589.3
A20: KW | B20: =SUM(B12+1) -> 2 | C20: =SUM(C13:C19) -> 40593.8 | D20: =SUM(D13:D19) -> 45161.29 | E20: =SUM(E13:E19) -> 0 | F20: =SUM(F13:F19) -> 564.51612 | G20: =SUM(G13:G19) -> 214.4 | H20: =SUM(H13:H19) -> 225.80642 | I20: =SUM(I13:I19) -> 0 | J20: =SUM(J13:J19) -> 0 | K20: =SUM(K13:K19) -> 0 | L20: 0 | M20: =SUM(M13:M19) -> 15063.3 | N20: =SUM(N13:N19) -> 0 | O20: =SUM(O13:O19) -> 15063.3 | P20: =SUM(P13:P19) -> 13548.387 | Q20: =SUM(Q13:Q19) -> 4810 | R20: =SUM(R13:R19) -> 42897 | S20: =SUM(S13:S19) -> 47707 | T20: =SUM(T13:T19) -> 15806.452 | ... AB20: =SUM(AB13:AB19) -> 97119.355 | AC20: Ø Temp | AD20: =SUM(AD13:AD19)/7 -> -3.3571429 | AE20: °C
A21: =SUM(A19+1) -> 15 | B21: Mo | C21: 3748.1 | D21: 6451.6129 | E21: 0 | F21: 80.64516 | G21: 0 | H21: 32.25806 | I21: 0 | K21: =I21+J21 -> 0 | M21: 0 | N21: 0 | O21: =M21+N21 -> 0 | P21: 1935.4839 | Q21: 1114.9 | R21: 4231.8 | S21: =Q21+R21 -> 5346.7 | T21: 2258.0645 | U21: 3253.6 | V21: 3116.129 | W21: =SUM(C21+E21+G21+K21+O21+S21+U21) -> 12348.4 | X21: =SUM(D21+F21+H21+L21+P21+T21+V21) -> 13874.194 | Y21: 0 | AA21: =SUM(W21+Y21) -> 12348.4 | AB21: =SUM(X21+Z21) -> 13874.194 | AC21: leichter Regen- oder Schneeschauer | AD21: -2 | AE21: °C | AH21: =C21+E21+G21+I21+M21+Q21+Y21 -> 4863
A22: =SUM(A21+1) -> 16 | B22: Di | C22: 2709.1 | D22: 6451.6129 | E22: 0 | F22: 80.64516 | G22: 0 | H22: 32.25806 | I22: 0 | K22: =I22+J22 -> 0 | M22: 2326 | N22: 0 | O22: =M22+N22 -> 2326 | P22: 1935.4839 | Q22: 1224.2 | R22: 2962 | S22: =Q22+R22 -> 4186.2 | T22: 2258.0645 | U22: 3537.8 | V22: 3116.129 | W22: =SUM(C22+E22+G22+K22+O22+S22+U22) -> 12759.1 | X22: =SUM(D22+F22+H22+L22+P22+T22+V22) -> 13874.194 | Y22: 0 | AA22: =SUM(W22+Y22) -> 12759.1 | AB22: =SUM(X22+Z22) -> 13874.194 | AC22: bewölkt | AD22: -4 | AE22: °C | AH22: =C22+E22+G22+I22+M22+Q22+Y22 -> 6259.3
A23: =SUM(A22+1) -> 17 | B23: Mi | C23: 3009 | D23: 6451.6129 | E23: 0 | F23: 80.64516 | G23: 0 | H23: 32.25806 | I23: 0 | K23: =I23+J23 -> 0 | M23: 1842.1 | N23: 0 | O23: =M23+N23 -> 1842.1 | P23: 1935.4839 | Q23: 972 | R23: 4182 | S23: =Q23+R23 -> 5154 | T23: 2258.0645 | U23: 3292.3 | V23: 3116.129 | W23: =SUM(C23+E23+G23+K23+O23+S23+U23) -> 13297.4 | X23: =SUM(D23+F23+H23+L23+P23+T23+V23) -> 13874.194 | Y23: 0 | AA23: =SUM(W23+Y23) -> 13297.4 | AB23: =SUM(X23+Z23) -> 13874.194 | AC23: Regenschauer | AD23: 4 | AE23: °C | AH23: =C23+E23+G23+I23+M23+Q23+Y23 -> 5823.1
A24: =SUM(A23+1) -> 18 | B24: Do | C24: 4199 | D24: 6451.6129 | E24: 0 | F24: 80.64516 | G24: 0 | H24: 32.25806 | I24: 0 | K24: =I24+J24 -> 0 | M24: 0 | N24: 0 | O24: =M24+N24 -> 0 | P24: 1935.4839 | Q24: 930.5 | R24: 5481 | S24: =Q24+R24 -> 6411.5 | T24: 2258.0645 | U24: 7615.1 | V24: 3116.129 | W24: =SUM(C24+E24+G24+K24+O24+S24+U24) -> 18225.6 | X24: =SUM(D24+F24+H24+L24+P24+T24+V24) -> 13874.194 | Y24: 0 | AA24: =SUM(W24+Y24) -> 18225.6 | AB24: =SUM(X24+Z24) -> 13874.194 | AC24: bedeckt, Regenschauer | AD24: 6 | AE24: °C | AH24: =C24+E24+G24+I24+M24+Q24+Y24 -> 5129.5
A25: =SUM(A24+1) -> 19 | B25: Fr | C25: 5441.1 | D25: 6451.6129 | E25: 71 | F25: 80.64516 | G25: 128.2 | H25: 32.25806 | I25: 0 | K25: =I25+J25 -> 0 | M25: 5362.9 | N25: 0 | O25: =M25+N25 -> 5362.9 | P25: 1935.4839 | Q25: 45.2 | R25: 3627 | S25: =Q25+R25 -> 3672.2 | T25: 2258.0645 | U25: 2413 | V25: 3116.129 | W25: =SUM(C25+E25+G25+K25+O25+S25+U25) -> 17088.4 | X25: =SUM(D25+F25+H25+L25+P25+T25+V25) -> 13874.194 | Y25: 0 | AA25: =SUM(W25+Y25) -> 17088.4 | AB25: =SUM(X25+Z25) -> 13874.194 | AC25: sonnig | AD25: -5 | AE25: °C | AH25: =C25+E25+G25+I25+M25+Q25+Y25 -> 11048.4
A26: =SUM(A25+1) -> 20 | B26: Sa | C26: 9412.1 | D26: 6451.6129 | E26: 67 | F26: 80.64516 | G26: 261.6 | H26: 32.25806 | I26: 0 | K26: =I26+J26 -> 0 | M26: 6224.9 | N26: 0 | O26: =M26+N26 -> 6224.9 | P26: 1935.4839 | Q26: 3374.7 | R26: 0 | S26: =Q26+R26 -> 3374.7 | T26: 2258.0645 | U26: 2807.7 | V26: 3116.129 | W26: =SUM(C26+E26+G26+K26+O26+S26+U26) -> 22148 | X26: =SUM(D26+F26+H26+L26+P26+T26+V26) -> 13874.194 | Y26: 0 | AA26: =SUM(W26+Y26) -> 22148 | AB26: =SUM(X26+Z26) -> 13874.194 | AC26: sonnig | AD26: -10 | AE26: °C | AH26: =C26+E26+G26+I26+M26+Q26+Y26 -> 19340.3
A27: =SUM(A26+1) -> 21 | B27: So | C27: 9349.3 | D27: 6451.6129 | E27: 238.3 | F27: 80.64516 | G27: 99.8 | H27: 32.25806 | I27: 0 | K27: =I27+J27 -> 0 | M27: 7437.1 | N27: 0 | O27: =M27+N27 -> 7437.1 | P27: 1935.4839 | Q27: 0 | R27: 0 | S27: =Q27+R27 -> 0 | T27: 2258.0645 | U27: 1085.6 | V27: 3116.129 | W27: =SUM(C27+E27+G27+K27+O27+S27+U27) -> 18210.1 | X27: =SUM(D27+F27+H27+L27+P27+T27+V27) -> 13874.194 | Y27: 0 | AA27: =SUM(W27+Y27) -> 18210.1 | AB27: =SUM(X27+Z27) -> 13874.194 | AC27: sonnig | AD27: 2 | AE27: °C | AH27: =C27+E27+G27+I27+M27+Q27+Y27 -> 17124.5
A28: KW | B28: =SUM(B20+1) -> 3 | C28: =SUM(C21:C27) -> 37867.7 | D28: =SUM(D21:D27) -> 45161.29 | E28: =SUM(E21:E27) -> 376.3 | F28: =SUM(F21:F27) -> 564.51612 | G28: =SUM(G21:G27) -> 489.6 | H28: =SUM(H21:H27) -> 225.80642 | I28: =SUM(I21:I27) -> 0 | J28: =SUM(J21:J27) -> 0 | ... AB28: =SUM(AB21:AB27) -> 97119.355 | AC28: Ø Temp | AD28: =SUM(AD21:AD27)/7 -> -1.2857143 | AE28: °C
A29: =SUM(A27+1) -> 22 | B29: Mo | C29: 4548.3 | D29: 6451.6129 | E29: 0 | F29: 80.64516 | G29: 0 | H29: 32.25806 | I29: 0 | K29: =I29+J29 -> 0 | M29: 0 | N29: 0 | O29: =M29+N29 -> 0 | P29: 1935.4839 | Q29: 152.3 | R29: 1283 | S29: =Q29+R29 -> 1435.3 | T29: 2258.0645 | U29: 4028.1 | V29: 3116.129 | W29: =SUM(C29+E29+G29+K29+O29+S29+U29) -> 10011.7 | X29: =SUM(D29+F29+H29+L29+P29+T29+V29) -> 13874.194 | Y29: 0 | AA29: =SUM(W29+Y29) -> 10011.7 | AB29: =SUM(X29+Z29) -> 13874.194 | AC29: bedeckt, Regenschauer | AD29: 5 | AE29: °C | AH29: =C29+E29+G29+I29+M29+Q29+Y29 -> 4700.6
A30: =SUM(A29+1) -> 23 | B30: Di | C30: 5567.5 | D30: 6451.6129 | E30: 0 | F30: 80.64516 | G30: 0 | H30: 32.25806 | I30: 0 | K30: =I30+J30 -> 0 | M30: 1329.1 | N30: 0 | O30: =M30+N30 -> 1329.1 | P30: 1935.4839 | Q30: 1339.9 | R30: 1277.5 | S30: =Q30+R30 -> 2617.4 | T30: 2258.0645 | U30: 5306.9 | V30: 3116.129 | W30: =SUM(C30+E30+G30+K30+O30+S30+U30) -> 14820.9 | X30: =SUM(D30+F30+H30+L30+P30+T30+V30) -> 13874.194 | Y30: 0 | AA30: =SUM(W30+Y30) -> 14820.9 | AB30: =SUM(X30+Z30) -> 13874.194 | AC30: bedeckt, Regenschauer | AD30: 10 | AE30: °C | AH30: =C30+E30+G30+I30+M30+Q30+Y30 -> 8236.5
A31: =SUM(A30+1) -> 24 | B31: Mi | C31: 4937.9 | D31: 6451.6129 | E31: 0 | F31: 80.64516 | G31: 0 | H31: 32.25806 | I31: 0 | K31: =I31+J31 -> 0 | M31: 0 | N31: 0 | O31: =M31+N31 -> 0 | P31: 1935.4839 | Q31: 596.2 | R31: 6604.6 | S31: =Q31+R31 -> 7200.8 | T31: 2258.0645 | U31: 5428.4 | V31: 3116.129 | W31: =SUM(C31+E31+G31+K31+O31+S31+U31) -> 17567.1 | X31: =SUM(D31+F31+H31+L31+P31+T31+V31) -> 13874.194 | Y31: 0 | AA31: =SUM(W31+Y31) -> 17567.1 | AB31: =SUM(X31+Z31) -> 13874.194 | AC31: leicht Regenschauer | AD31: 13 | AE31: °C | AH31: =C31+E31+G31+I31+M31+Q31+Y31 -> 5534.1
A32: =SUM(A31+1) -> 25 | B32: Do | C32: 5924.2 | D32: 6451.6129 | E32: 0 | F32: 80.64516 | G32: 0 | H32: 32.25806 | I32: 0 | K32: =I32+J32 -> 0 | M32: 3547.7 | N32: 0 | O32: =M32+N32 -> 3547.7 | P32: 1935.4839 | Q32: 1712.1 | R32: 5577 | S32: =Q32+R32 -> 7289.1 | T32: 2258.0645 | U32: 4583.9 | V32: 3116.129 | W32: =SUM(C32+E32+G32+K32+O32+S32+U32) -> 21344.9 | X32: =SUM(D32+F32+H32+L32+P32+T32+V32) -> 13874.194 | Y32: 0 | AA32: =SUM(W32+Y32) -> 21344.9 | AB32: =SUM(X32+Z32) -> 13874.194 | AC32: bedeckt, Regenschauer | AD32: 10 | AE32: °C | AH32: =C32+E32+G32+I32+M32+Q32+Y32 -> 11184
A33: =SUM(A32+1) -> 26 | B33: Fr | C33: 8017.6 | D33: 6451.6129 | E33: 0 | F33: 80.64516 | G33: 0 | H33: 32.25806 | I33: 0 | K33: =I33+J33 -> 0 | M33: 8158.8 | N33: 0 | O33: =M33+N33 -> 8158.8 | P33: 1935.4839 | Q33: 18 | R33: 888 | S33: =Q33+R33 -> 906 | T33: 2258.0645 | U33: 4716.3 | V33: 3116.129 | W33: =SUM(C33+E33+G33+K33+O33+S33+U33) -> 21798.7 | X33: =SUM(D33+F33+H33+L33+P33+T33+V33) -> 13874.194 | Y33: 0 | AA33: =SUM(W33+Y33) -> 21798.7 | AB33: =SUM(X33+Z33) -> 13874.194 | AC33: Regenschauer mit trockenen Abschnitten | AD33: 10 | AE33: °C | AH33: =C33+E33+G33+I33+M33+Q33+Y33 -> 16194.4
A34: =SUM(A33+1) -> 27 | B34: Sa | C34: 13013.6 | D34: 6451.6129 | E34: 543.9 | F34: 80.64516 | G34: 290.8 | H34: 32.25806 | I34: 0 | K34: =I34+J34 -> 0 | M34: 0 | N34: 0 | O34: =M34+N34 -> 0 | P34: 1935.4839 | Q34: 25.5 | R34: 0 | S34: =Q34+R34 -> 25.5 | T34: 2258.0645 | U34: 8339.1 | V34: 3116.129 | W34: =SUM(C34+E34+G34+K34+O34+S34+U34) -> 22212.9 | X34: =SUM(D34+F34+H34+L34+P34+T34+V34) -> 13874.194 | Y34: 0 | AA34: =SUM(W34+Y34) -> 22212.9 | AB34: =SUM(X34+Z34) -> 13874.194 | AC34: leicht bewölkt | AD34: 7 | AE34: °C | AH34: =C34+E34+G34+I34+M34+Q34+Y34 -> 13873.8
A35: =SUM(A34+1) -> 28 | B35: So | C35: 7672.1 | D35: 6451.6129 | E35: 757.5 | F35: 80.64516 | G35: 522.6 | H35: 32.25806 | I35: 0 | K35: =I35+J35 -> 0 | M35: 1350 | N35: 0 | O35: =M35+N35 -> 1350 | P35: 1935.4839 | Q35: 0 | R35: 0 | S35: =Q35+R35 -> 0 | T35: 2258.0645 | U35: 2884.8 | V35: 3116.129 | W35: =SUM(C35+E35+G35+K35+O35+S35+U35) -> 13187 | X35: =SUM(D35+F35+H35+L35+P35+T35+V35) -> 13874.194 | Y35: 0 | AA35: =SUM(W35+Y35) -> 13187 | AB35: =SUM(X35+Z35) -> 13874.194 | AC35: sonnig, bedeckt | AD35: 10 | AE35: °C | AH35: =C35+E35+G35+I35+M35+Q35+Y35 -> 10302.2
A36: KW | B36: =SUM(B28+1) -> 4 | C36: =SUM(C29:C35) -> 49681.2 | D36: =SUM(D29:D35) -> 45161.29 | E36: =SUM(E29:E35) -> 1301.4 | F36: =SUM(F29:F35) -> 564.51612 | G36: =SUM(G29:G35) -> 813.4 | H36: =SUM(H29:H35) -> 225.80642 | I36: =SUM(I29:I35) -> 0 | J36: =SUM(J29:J35) -> 0 | ... AB36: =SUM(AB29:AB35) -> 97119.355 | AC36: Ø Temp | AD36: =SUM(AD29:AD35)/7 -> 9.2857143 | AE36: °C
A37: 29 | B37: Mo | C37: 6192.5 | D37: 6451.6129 | E37: 140.4 | F37: 80.64516 | G37: 164.6 | H37: 32.25806 | I37: 0 | K37: =I37+J37 -> 0 | M37: 0 | N37: 0 | O37: =M37+N37 -> 0 | P37: 1935.4839 | Q37: 1432.8 | R37: 3641 | S37: =Q37+R37 -> 5073.8 | T37: 2258.0645 | U37: 4459.5 | V37: 3116.129 | W37: =SUM(C37+E37+G37+K37+O37+S37+U37) -> 16030.8 | X37: =SUM(D37+F37+H37+L37+P37+T37+V37) -> 13874.194 | Y37: 0 | AA37: =SUM(W37+Y37) -> 16030.8 | AB37: =SUM(X37+Z37) -> 13874.194 | AC37: sonnig, bedeckt | AD37: 8 | AE37: °C | AH37: =C37+E37+G37+I37+M37+Q37+Y37 -> 7930.3
A38: 30 | B38: Di | C38: 5645.1 | D38: 6451.6129 | E38: 20 | F38: 80.64516 | G38: 115.7 | H38: 32.25806 | I38: 0 | K38: =I38+J38 -> 0 | M38: 50 | N38: 0 | O38: =M38+N38 -> 50 | P38: 1935.4839 | Q38: 143.1 | R38: 3180 | S38: =Q38+R38 -> 3323.1 | T38: 2258.0645 | U38: 5839.2 | V38: 3116.129 | W38: =SUM(C38+E38+G38+K38+O38+S38+U38) -> 14993.1 | X38: =SUM(D38+F38+H38+L38+P38+T38+V38) -> 13874.194 | Y38: 0 | AA38: =SUM(W38+Y38) -> 14993.1 | AB38: =SUM(X38+Z38) -> 13874.194 | AC38: sonnig, bedeckt | AD38: 7 | AE38: °C | AH38: =C38+E38+G38+I38+M38+Q38+Y38 -> 5973.9
A39: 31 | B39: Mi | C39: 5460.4 | D39: 6451.6129 | E39: 120.9 | F39: 80.64516 | G39: 270.4 | H39: 32.25806 | I39: 0 | K39: =I39+J39 -> 0 | M39: 1077.4 | N39: 0 | O39: =M39+N39 -> 1077.4 | P39: 1935.4839 | Q39: 847.7 | R39: 3082 | S39: =Q39+R39 -> 3929.7 | T39: 2258.0645 | U39: 2143.3 | V39: 3116.129 | W39: =SUM(C39+E39+G39+K39+O39+S39+U39) -> 13002.1 | X39: =SUM(D39+F39+H39+L39+P39+T39+V39) -> 13874.194 | Y39: 0 | AA39: =SUM(W39+Y39) -> 13002.1 | AB39: =SUM(X39+Z39) -> 13874.194 | AC39: teilweise sonnig | AD39: 8 | AE39: °C | AH39: =C39+E39+G39+I39+M39+Q39+Y39 -> 7776.8
A40: KW | B40: 5 | C40: =SUM(C37:C39) -> 17298 | D40: =SUM(D37:D39) -> 19354.839 | E40: =SUM(E37:E39) -> 281.3 | F40: =SUM(F37:F39) -> 241.93548 | G40: =SUM(G37:G39) -> 550.7 | H40: =SUM(H37:H39) -> 96.77418 | I40: =SUM(I37:I39) -> 0 | J40: =SUM(J37:J39) -> 0 | ... AB40: =SUM(AB37:AB39) -> 41622.581 | AC40: Ø Temp | AD40: =SUM(AD29:AD35)/7 -> 9.2857143 | AE40: °C
A41: Umsatz kumuliert | C41: =SUM(C12+C20+C28+C40+C36) -> 196428.56 | D41: =SUM(D12+D20+D28+D36+D40) -> 200000 | E41: =SUM(E12+E20+E28+E40+E36) -> 2166.9 | F41: =SUM(F12+F20+F28+F40+F36) -> 2500 | G41: =SUM(G12+G20+G28+G40+G36) -> 2301.4 | H41: =SUM(H12+H20+H28+H40+H36) -> 999.99986 | I41: =SUM(I12+I20+I28+I40+I36) -> 0 | J41: =SUM(J12+J20+J28+J40+J36) -> 0 | K41: =SUM(K12+K20+K28+K40+K36) -> 0 | L41: =SUM(L12+L20+L28+L40+L36) -> 0 | ... AB41: =SUM(AB12+AB20+AB28+AB40+AB36) -> 430100 | AC41: Umsatz kumuliert
A42: Umsatz pro Tag | C42: =C41/31 -> 6336.4052 | D42: =D41/31 -> 6451.6129 | E42: =E41/31 -> 69.9 | F42: =F41/31 -> 80.64516 | G42: =G41/31 -> 74.23871 | H42: =H41/31 -> 32.25806 | I42: =I41/30 -> 0 | L42: =L41/31 -> 0 | M42: =M41/30 -> 2116.8467 | P42: =P41/30 -> 2000 | Q42: =Q41/30 -> 806.70667 | T42: =T41/30 -> 2333.3333 | U42: =U41/31 -> 4019.2148 | V42: =V41/31 -> 3116.129 | W42: =W41/31 -> 16287.646 | X42: =X41/31 -> 13874.194 | Y42: =Y41/31 -> 0 | Z42: =Z41/31 -> 0 | AA42: =AA41/31 -> 16287.646 | AB42: =AB41/31 -> 13874.194 | AC42: Budget pro Tag
A43: Diff. zu Budget | C43: =SUM(C41-D41) -> -3571.4399 | E43: =SUM(E41-F41) -> -333.09996 | G43: =SUM(G41-H41) -> 1301.4001 | I43: =SUM(100/#REF!*I41) -> #REF! | M43: =SUM(100/P41*M41) -> 105.84233 | P43: =SUM(O41-P41) -> 3505.4 | Q43: =SUM(100/T41*Q41) -> 34.573143 | T43: =SUM(S41-T41) -> 45919.1 | U43: =SUM(U41-V41) -> 27995.66 | W43: =SUM(W41-X41) -> 74817.02 | Y43: =SUM(Y41-Z41) -> 0 | AA43: =SUM(AA41-AB41) -> 74817.02 | AH43: =SUM(AH5:AH39) -> 288603.46
A44: Index | C44: =SUM(100/D41*C41) -> 98.21428 | E44: =SUM(100/F41*E41) -> 86.676001 | G44: =SUM(100/H41*G41) -> 230.14003 | K44: =SUM(100/#REF!*K41) -> #REF! | O44: =SUM(100/P41*O41) -> 105.84233 | S44: =SUM(100/T41*S41) -> 165.59871 | U44: =SUM(100/V41*U41) -> 128.98101 | W44: =SUM(100/AB41*AA41) -> 117.39526 | AA44: =SUM(100/AB41*AA41) -> 117.39526

Sheet 02_24
A1: Tagesumsätze | H1: 45323
C3: Restaurant | E3: Terrasse | G3: Lounge | I3: Pavillon | K3: Bankett | O3: Seminar | S3: Hotel | U3: TOTAL Gesamtbetrieb ohne Seebad | W3: Seebad | Y3: TOTAL Gesamtbetrieb mit Seebad | AA3: Info's | AF3: Gegenkontrolle Gastronovi
C4: IST | D4: Budget | E4: IST | F4: Budget | G4: IST | H4: Budget | I4: IST | J4: Budget | K4: IST/GN | L4: IST/ET | M4: TOTAL IST | N4: Budget | O4: IST/GN | P4: IST/ET | Q4: TOTAL IST | R4: Budget | S4: IST | T4: Budget | U4: IST | V4: Budget | W4: IST | X4: Budget | Y4: IST | Z4: Budget | AA4: Wetter | AB4: Temp. | AD4: Bemerkung
A5: 1 | B5: Do | C5: 3848.2 | D5: 7655.1724 | E5: 0 | F5: 344.82759 | G5: 0 | H5: 172.41379 | I5: 0 | K5: 0 | M5: =K5+L5 -> 0 | N5: 1379.3103 | O5: 1485.7 | P5: 2336 | Q5: =SUM(O5:P5) -> 3821.7 | R5: 1034.4828 | S5: 2985.4 | T5: 2827.5862 | U5: =C5+E5+G5+I5+M5+Q5+S5 -> 10655.3 | V5: =D5+F5+H5+J5+N5+R5+T5 -> 13413.793 | W5: 0 | Y5: =SUM(U5+W5) -> 10655.3 | Z5: =SUM(V5+X5) -> 13413.793 | AA5: leicht Regenschauer | AB5: 5 | AC5: °C | AF5: =+C5+E5+G5+K5+O5+W5 -> 5333.9
A6: =SUM(A5+1) -> 2 | B6: Fr | C6: 6229 | D6: 7655.1724 | E6: 0 | F6: 344.82759 | G6: 18 | H6: 172.41379 | I6: 0 | K6: 0 | M6: 0 | N6: 1379.3103 | O6: 1004.9 | P6: 4460 | Q6: =SUM(O6:P6) -> 5464.9 | R6: 1034.4828 | S6: 3728.5 | T6: 2827.5862 | U6: =C6+E6+G6+I6+M6+Q6+S6 -> 15440.4 | V6: =D6+F6+H6+J6+N6+R6+T6 -> 13413.793 | W6: 0 | Y6: =SUM(U6+W6) -> 15440.4 | Z6: =SUM(V6+X6) -> 13413.793 | AA6: bedeckt, Regenschauer | AB6: 5 | AC6: °C | AF6: =+C6+E6+G6+K6+O6+W6 -> 7251.9
A7: =SUM(A6+1) -> 3 | B7: Sa | C7: 10263.2 | D7: 7655.1724 | E7: 1810.9 | F7: 344.82759 | G7: 673.3 | H7: 172.41379 | I7: 0 | K7: 0 | M7: 0 | N7: 1379.3103 | O7: 0 | P7: 1498 | Q7: =SUM(O7:P7) -> 1498 | R7: 1034.4828 | S7: 2515.2 | T7: 2827.5862 | U7: =C7+E7+G7+I7+M7+Q7+S7 -> 16760.6 | V7: =D7+F7+H7+J7+N7+R7+T7 -> 13413.793 | W7: 0 | Y7: =SUM(U7+W7) -> 16760.6 | Z7: =SUM(V7+X7) -> 13413.793 | AA7: sonnig | AB7: 9 | AC7: °C | AF7: =+C7+E7+G7+K7+O7+W7 -> 12747.4
A8: =SUM(A7+1) -> 4 | B8: So | C8: 9293.1 | D8: 7655.1724 | E8: 606.2 | F8: 344.82759 | G8: 380.4 | H8: 172.41379 | I8: 0 | K8: 0 | M8: 0 | N8: 1379.3103 | O8: 64.6 | P8: 0 | Q8: =SUM(O8:P8) -> 64.6 | R8: 1034.4828 | S8: 1009.3 | T8: 2827.5862 | U8: =C8+E8+G8+I8+M8+Q8+S8 -> 11353.6 | V8: =D8+F8+H8+J8+N8+R8+T8 -> 13413.793 | W8: 0 | Y8: =SUM(U8+W8) -> 11353.6 | Z8: =SUM(V8+X8) -> 13413.793 | AA8: Tageshälfte sonnig | AB8: 9 | AC8: °C | AF8: =+C8+E8+G8+K8+O8+W8 -> 10344.3
A9: KW | B9: 5 | C9: =SUM(C5:C8) -> 29633.5 | D9: =SUM(D5:D8) -> 30620.69 | E9: =SUM(E5:E8) -> 2417.1 | F9: =SUM(F5:F8) -> 1379.3103 | G9: =SUM(G5:G8) -> 1071.7 | H9: =SUM(H5:H8) -> 689.65517 | I9: =SUM(I5:I8) -> 0 | J9: =SUM(J5:J8) -> 0 | ... Z9: =SUM(Z5:Z8) -> 53655.172 | AA9: Ø Temp | AB9: =SUM(AB5:AB8)/7 -> 4 | AC9: °C
A10: =SUM(A8+1) -> 5 | B10: Mo | C10: 4527.1 | D10: 7655.1724 | E10: 349.9 | F10: 344.82759 | G10: 159 | H10: 172.41379 | I10: 0 | K10: 0 | M10: =K10+L10 -> 0 | N10: 1379.3103 | O10: 944.2 | P10: 3402 | Q10: =SUM(O10:P10) -> 4346.2 | R10: 1034.4828 | S10: 3724.3 | T10: 2827.5862 | U10: =C10+E10+G10+I10+M10+Q10+S10 -> 13106.5 | V10: =D10+F10+H10+J10+N10+R10+T10 -> 13413.793 | W10: 0 | Y10: =SUM(U10+W10) -> 13106.5 | Z10: =SUM(V10+X10) -> 13413.793 | AA10: hohe Wolkenfelder | AB10: 8 | AC10: °C | AF10: =+C10+E10+G10+K10+O10+W10 -> 5980.2
A11: =SUM(A10+1) -> 6 | B11: Di | C11: 7518.95 | D11: 7655.1724 | E11: 765.7 | F11: 344.82759 | G11: 609.9 | H11: 172.41379 | I11: 0 | K11: 0 | M11: =K11+L11 -> 0 | N11: 1379.3103 | O11: 176.7 | P11: 4017 | Q11: =SUM(O11:P11) -> 4193.7 | R11: 1034.4828 | S11: 2270.8 | T11: 2827.5862 | U11: =C11+E11+G11+I11+M11+Q11+S11 -> 15359.05 | V11: =D11+F11+H11+J11+N11+R11+T11 -> 13413.793 | W11: 0 | Y11: =SUM(U11+W11) -> 15359.05 | Z11: =SUM(V11+X11) -> 13413.793 | AA11: Wolkenfelder | AB11: 8 | AC11: °C | AF11: =+C11+E11+G11+K11+O11+W11 -> 9071.25
A12: =SUM(A11+1) -> 7 | B12: Mi | C12: 6631 | D12: 7655.1724 | E12: 154.3 | F12: 344.82759 | G12: 49.1 | H12: 172.41379 | I12: 0 | K12: 0 | M12: =K12+L12 -> 0 | N12: 1379.3103 | O12: 33 | P12: 1440 | Q12: =SUM(O12:P12) -> 1473 | R12: 1034.4828 | S12: 2146.8 | T12: 2827.5862 | U12: =C12+E12+G12+I12+M12+Q12+S12 -> 10454.2 | V12: =D12+F12+H12+J12+N12+R12+T12 -> 13413.793 | W12: 0 | Y12: =SUM(U12+W12) -> 10454.2 | Z12: =SUM(V12+X12) -> 13413.793 | AA12: bedeckt | AB12: 8 | AC12: °C | AF12: =+C12+E12+G12+K12+O12+W12 -> 6867.4
A13: =SUM(A12+1) -> 8 | B13: Do | C13: 6494.3 | D13: 7655.1724 | E13: 0 | F13: 344.82759 | G13: 54 | H13: 172.41379 | I13: 0 | K13: 0 | M13: =K13+L13 -> 0 | N13: 1379.3103 | O13: 0 | P13: 0 | Q13: =SUM(O13:P13) -> 0 | R13: 1034.4828 | S13: 2057 | T13: 2827.5862 | U13: =C13+E13+G13+I13+M13+Q13+S13 -> 8605.3 | V13: =D13+F13+H13+J13+N13+R13+T13 -> 13413.793 | W13: 0 | Y13: =SUM(U13+W13) -> 8605.3 | Z13: =SUM(V13+X13) -> 13413.793 | AA13: bedeckt, Regenschauer | AB13: 9 | AC13: °C | AF13: =+C13+E13+G13+K13+O13+W13 -> 6548.3
A14: =SUM(A13+1) -> 9 | B14: Fr | C14: 8614.8 | D14: 7655.1724 | E14: 7 | F14: 344.82759 | G14: 24.8 | H14: 172.41379 | I14: 0 | K14: 0 | M14: =K14+L14 -> 0 | N14: 1379.3103 | O14: 0 | P14: 0 | Q14: =SUM(O14:P14) -> 0 | R14: 1034.4828 | S14: 1246 | T14: 2827.5862 | U14: =C14+E14+G14+I14+M14+Q14+S14 -> 9892.6 | V14: =D14+F14+H14+J14+N14+R14+T14 -> 13413.793 | W14: 0 | Y14: =SUM(U14+W14) -> 9892.6 | Z14: =SUM(V14+X14) -> 13413.793 | AA14: Regenschauer | AB14: 10 | AC14: °C | AF14: =+C14+E14+G14+K14+O14+W14 -> 8646.6
A15: =SUM(A14+1) -> 10 | B15: Sa | C15: 10635.1 | D15: 7655.1724 | E15: 0 | F15: 344.82759 | G15: 159.8 | H15: 172.41379 | I15: 0 | K15: 4689.6 | M15: =K15+L15 -> 4689.6 | N15: 1379.3103 | O15: 0 | P15: 0 | Q15: =SUM(O15:P15) -> 0 | R15: 1034.4828 | S15: 2969 | T15: 2827.5862 | U15: =C15+E15+G15+I15+M15+Q15+S15 -> 18453.5 | V15: =D15+F15+H15+J15+N15+R15+T15 -> 13413.793 | W15: 0 | Y15: =SUM(U15+W15) -> 18453.5 | Z15: =SUM(V15+X15) -> 13413.793 | AA15: bedeckt, Regenschauer | AB15: 8 | AC15: °C | AF15: =+C15+E15+G15+K15+O15+W15 -> 15484.5
A16: =SUM(A15+1) -> 11 | B16: So | C16: 8745.9 | D16: 7655.1724 | E16: 0 | F16: 344.82759 | G16: 23.4 | H16: 172.41379 | I16: 0 | K16: 2544 | M16: =K16+L16 -> 2544 | N16: 1379.3103 | O16: 0 | P16: 0 | Q16: =SUM(O16:P16) -> 0 | R16: 1034.4828 | S16: 1641.9 | T16: 2827.5862 | U16: =C16+E16+G16+I16+M16+Q16+S16 -> 12955.2 | V16: =D16+F16+H16+J16+N16+R16+T16 -> 13413.793 | W16: 0 | Y16: =SUM(U16+W16) -> 12955.2 | Z16: =SUM(V16+X16) -> 13413.793 | AA16: Regenschauer | AB16: 8 | AC16: °C | AF16: =+C16+E16+G16+K16+O16+W16 -> 11313.3
A17: KW | B17: =SUM(B9+1) -> 6 | C17: =SUM(C10:C16) -> 53167.15 | D17: =SUM(D10:D16) -> 53586.207 | E17: =SUM(E10:E16) -> 1276.9 | F17: =SUM(F10:F16) -> 2413.7931 | G17: =SUM(G10:G16) -> 1080 | H17: =SUM(H10:H16) -> 1206.8966 | I17: =SUM(I10:I16) -> 0 | J17: =SUM(J10:J16) -> 0 | ... Z17: =SUM(Z10:Z16) -> 93896.552 | AA17: Ø Temp | AB17: =SUM(AB10:AB16)/7 -> 8.4285714 | AC17: °C
A18: =SUM(A16+1) -> 12 | B18: Mo | C18: 6132.1 | D18: 7655.1724 | E18: 9.5 | F18: 344.82759 | G18: 0 | H18: 172.41379 | I18: 0 | K18: 0 | M18: =K18+L18 -> 0 | N18: 1379.3103 | O18: 0 | P18: 1344 | Q18: =SUM(O18:P18) -> 1344 | R18: 1034.4828 | S18: 2322.1 | T18: 2827.5862 | U18: =C18+E18+G18+I18+M18+Q18+S18 -> 9807.7 | V18: =D18+F18+H18+J18+N18+R18+T18 -> 13413.793 | W18: 0 | Y18: =SUM(U18+W18) -> 9807.7 | Z18: =SUM(V18+X18) -> 13413.793 | AA18: bewölkt | AB18: 9 | AC18: °C | AF18: =+C18+E18+G18+K18+O18+W18 -> 6141.6
A19: =SUM(A18+1) -> 13 | B19: Di | C19: 10156.5 | D19: 7655.1724 | E19: 1018.8 | F19: 344.82759 | G19: 356.8 | H19: 172.41379 | I19: 0 | K19: 0 | M19: =K19+L19 -> 0 | N19: 1379.3103 | O19: 1292.2 | P19: 2372 | Q19: =SUM(O19:P19) -> 3664.2 | R19: 1034.4828 | S19: 5211.1 | T19: 2827.5862 | U19: =C19+E19+G19+I19+M19+Q19+S19 -> 20407.4 | V19: =D19+F19+H19+J19+N19+R19+T19 -> 13413.793 | W19: 0 | Y19: =SUM(U19+W19) -> 20407.4 | Z19: =SUM(V19+X19) -> 13413.793 | AA19: bewölkt | AB19: 9 | AC19: °C | AF19: =+C19+E19+G19+K19+O19+W19 -> 12824.3
A20: =SUM(A19+1) -> 14 | B20: Mi | C20: 15532.7 | D20: 7655.1724 | E20: 29 | F20: 344.82759 | G20: 160.3 | H20: 172.41379 | I20: 0 | K20: 670 | M20: =K20+L20 -> 670 | N20: 1379.3103 | O20: 828.9 | P20: 1948 | Q20: =SUM(O20:P20) -> 2776.9 | R20: 1034.4828 | S20: 3285.2 | T20: 2827.5862 | U20: =C20+E20+G20+I20+M20+Q20+S20 -> 22454.1 | V20: =D20+F20+H20+J20+N20+R20+T20 -> 13413.793 | W20: 0 | Y20: =SUM(U20+W20) -> 22454.1 | Z20: =SUM(V20+X20) -> 13413.793 | AA20: Tageshälfte bewölkt | AB20: 11 | AC20: °C | AD20: Valentinstag | AF20: =+C20+E20+G20+K20+O20+W20 -> 17220.9
A21: =SUM(A20+1) -> 15 | B21: Do | C21: 8861 | D21: 7655.1724 | E21: 0 | F21: 344.82759 | G21: 105.5 | H21: 172.41379 | I21: 0 | K21: 0 | M21: =K21+L21 -> 0 | N21: 1379.3103 | O21: 0 | P21: 999 | Q21: =SUM(O21:P21) -> 999 | R21: 1034.4828 | S21: 1059 | T21: 2827.5862 | U21: =C21+E21+G21+I21+M21+Q21+S21 -> 11024.5 | V21: =D21+F21+H21+J21+N21+R21+T21 -> 13413.793 | W21: 0 | Y21: =SUM(U21+W21) -> 11024.5 | Z21: =SUM(V21+X21) -> 13413.793 | AA21: bedeckt, Regenschauer | AB21: 9 | AC21: °C | AF21: =+C21+E21+G21+K21+O21+W21 -> 8966.5
A22: =SUM(A21+1) -> 16 | B22: Fr | C22: 11537.95 | D22: 7655.1724 | E22: 159.4 | F22: 344.82759 | G22: 196.3 | H22: 172.41379 | I22: 0 | K22: 0 | M22: =K22+L22 -> 0 | N22: 1379.3103 | O22: 0 | P22: 0 | Q22: =SUM(O22:P22) -> 0 | R22: 1034.4828 | S22: 1156.2 | T22: 2827.5862 | U22: =C22+E22+G22+I22+M22+Q22+S22 -> 13049.85 | V22: =D22+F22+H22+J22+N22+R22+T22 -> 13413.793 | W22: 0 | Y22: =SUM(U22+W22) -> 13049.85 | Z22: =SUM(V22+X22) -> 13413.793 | AA22: bedeckt | AB22: 13 | AC22: °C | AF22: =+C22+E22+G22+K22+O22+W22 -> 11893.65
A23: =SUM(A22+1) -> 17 | B23: Sa | C23: 14138.5 | D23: 7655.1724 | E23: 0 | F23: 344.82759 | G23: 198.6 | H23: 172.41379 | I23: 0 | K23: 3249.5 | M23: =K23+L23 -> 3249.5 | N23: 1379.3103 | O23: 0 | P23: 0 | Q23: =SUM(O23:P23) -> 0 | R23: 1034.4828 | S23: 3418.6 | T23: 2827.5862 | U23: =C23+E23+G23+I23+M23+Q23+S23 -> 21005.2 | V23: =D23+F23+H23+J23+N23+R23+T23 -> 13413.793 | W23: 0 | Y23: =SUM(U23+W23) -> 21005.2 | Z23: =SUM(V23+X23) -> 13413.793 | AA23: bedeckt, Regenschauer | AB23: 9 | AC23: °C | AF23: =+C23+E23+G23+K23+O23+W23 -> 17586.6
A24: =SUM(A23+1) -> 18 | B24: So | C24: 14312 | D24: 7655.1724 | E24: 280.1 | F24: 344.82759 | G24: 356.3 | H24: 172.41379 | I24: 0 | K24: 5182 | M24: =K24+L24 -> 5182 | N24: 1379.3103 | O24: 0 | P24: 0 | Q24: =SUM(O24:P24) -> 0 | R24: 1034.4828 | S24: 775.4 | T24: 2827.5862 | U24: =C24+E24+G24+I24+M24+Q24+S24 -> 20905.8 | V24: =D24+F24+H24+J24+N24+R24+T24 -> 13413.793 | W24: 0 | Y24: =SUM(U24+W24) -> 20905.8 | Z24: =SUM(V24+X24) -> 13413.793 | AA24: bedeckt, Regenschauer | AB24: 12 | AC24: °C | AF24: =+C24+E24+G24+K24+O24+W24 -> 20130.4
A25: KW | B25: =SUM(B17+1) -> 7 | C25: =SUM(C18:C24) -> 80670.75 | D25: =SUM(D18:D24) -> 53586.207 | E25: =SUM(E18:E24) -> 1496.8 | F25: =SUM(F18:F24) -> 2413.7931 | G25: =SUM(G18:G24) -> 1373.8 | H25: =SUM(H18:H24) -> 1206.8966 | I25: =SUM(I18:I24) -> 0 | J25: =SUM(J18:J24) -> 0 | ... Z25: =SUM(Z18:Z24) -> 93896.552 | AA25: Ø Temp | AB25: =SUM(AB18:AB24)/7 -> 10.285714 | AC25: °C
A26: =SUM(A24+1) -> 19 | B26: Mo | C26: 7152.1 | D26: 7655.1724 | E26: 0 | F26: 344.82759 | G26: 19.5 | H26: 172.41379 | I26: 0 | K26: 0 | M26: =K26+L26 -> 0 | N26: 1379.3103 | O26: 0 | P26: 0 | Q26: =SUM(O26:P26) -> 0 | R26: 1034.4828 | S26: 2130.6 | T26: 2827.5862 | U26: =C26+E26+G26+I26+M26+Q26+S26 -> 9302.2 | V26: =D26+F26+H26+J26+N26+R26+T26 -> 13413.793 | W26: 0 | Y26: =SUM(U26+W26) -> 9302.2 | Z26: =SUM(V26+X26) -> 13413.793 | AA26: trocken, Regenschauer | AB26: 11 | AC26: °C | AF26: =+C26+E26+G26+K26+O26+W26 -> 7171.6
A27: =SUM(A26+1) -> 20 | B27: Di | C27: 4628.9 | D27: 7655.1724 | E27: 29.5 | F27: 344.82759 | G27: 39.7 | H27: 172.41379 | I27: 0 | K27: 0 | M27: =K27+L27 -> 0 | N27: 1379.3103 | O27: 393.8 | P27: 1728 | Q27: =SUM(O27:P27) -> 2121.8 | R27: 1034.4828 | S27: 3270.7 | T27: 2827.5862 | U27: =C27+E27+G27+I27+M27+Q27+S27 -> 10090.6 | V27: =D27+F27+H27+J27+N27+R27+T27 -> 13413.793 | W27: 0 | Y27: =SUM(U27+W27) -> 10090.6 | Z27: =SUM(V27+X27) -> 13413.793 | AA27: bedeckt | AB27: 9 | AC27: °C | AF27: =+C27+E27+G27+K27+O27+W27 -> 5091.9
A28: =SUM(A27+1) -> 21 | B28: Mi | C28: 4970.6 | D28: 7655.1724 | E28: 12 | F28: 344.82759 | G28: 165.8 | H28: 172.41379 | I28: 0 | K28: 0 | M28: =K28+L28 -> 0 | N28: 1379.3103 | O28: 0 | P28: 3413 | Q28: =SUM(O28:P28) -> 3413 | R28: 1034.4828 | S28: 1990.5 | T28: 2827.5862 | U28: =C28+E28+G28+I28+M28+Q28+S28 -> 10551.9 | V28: =D28+F28+H28+J28+N28+R28+T28 -> 13413.793 | W28: 0 | Y28: =SUM(U28+W28) -> 10551.9 | Z28: =SUM(V28+X28) -> 13413.793 | AA28: bedeckt, Regenschauer | AB28: 10 | AC28: °C | AF28: =+C28+E28+G28+K28+O28+W28 -> 5148.4
A29: =SUM(A28+1) -> 22 | B29: Do | C29: 7805.2 | D29: 7655.1724 | E29: 0 | F29: 344.82759 | G29: 0 | H29: 172.41379 | I29: 0 | K29: 0 | M29: =K29+L29 -> 0 | N29: 1379.3103 | O29: 0 | P29: 0 | Q29: =SUM(O29:P29) -> 0 | R29: 1034.4828 | S29: 868.5 | T29: 2827.5862 | U29: =C29+E29+G29+I29+M29+Q29+S29 -> 8673.7 | V29: =D29+F29+H29+J29+N29+R29+T29 -> 13413.793 | W29: 0 | Y29: =SUM(U29+W29) -> 8673.7 | Z29: =SUM(V29+X29) -> 13413.793 | AA29: Regen, Gewitter | AB29: 11 | AC29: °C | AF29: =+C29+E29+G29+K29+O29+W29 -> 7805.2
A30: =SUM(A29+1) -> 23 | B30: Fr | C30: 9963.3 | D30: 7655.1724 | E30: 73.5 | F30: 344.82759 | G30: 172.3 | H30: 172.41379 | I30: 0 | K30: 0 | M30: =K30+L30 -> 0 | N30: 1379.3103 | O30: 492.7 | P30: 3743 | Q30: =SUM(O30:P30) -> 4235.7 | R30: 1034.4828 | S30: 3133.9 | T30: 2827.5862 | U30: =C30+E30+G30+I30+M30+Q30+S30 -> 17578.7 | V30: =D30+F30+H30+J30+N30+R30+T30 -> 13413.793 | W30: 0 | Y30: =SUM(U30+W30) -> 17578.7 | Z30: =SUM(V30+X30) -> 13413.793 | AA30: sonnig, leichter Regenschauer | AB30: 8 | AC30: °C | AF30: =+C30+E30+G30+K30+O30+W30 -> 10701.8
A31: =SUM(A30+1) -> 24 | B31: Sa | C31: 12923.6 | D31: 7655.1724 | E31: 48.1 | F31: 344.82759 | G31: 368.5 | H31: 172.41379 | I31: 0 | K31: 3530.7 | M31: =K31+L31 -> 3530.7 | N31: 1379.3103 | O31: 111 | P31: 1560 | Q31: =SUM(O31:P31) -> 1671 | R31: 1034.4828 | S31: 3472.4 | T31: 2827.5862 | U31: =C31+E31+G31+I31+M31+Q31+S31 -> 22014.3 | V31: =D31+F31+H31+J31+N31+R31+T31 -> 13413.793 | W31: 0 | Y31: =SUM(U31+W31) -> 22014.3 | Z31: =SUM(V31+X31) -> 13413.793 | AA31: bedeckt, Regenschauer | AB31: 8 | AC31: °C | AF31: =+C31+E31+G31+K31+O31+W31 -> 16981.9
A32: =SUM(A31+1) -> 25 | B32: So | C32: 10113.6 | D32: 7655.1724 | E32: 3458.7 | F32: 344.82759 | G32: 823.3 | H32: 172.41379 | I32: 0 | K32: 4098.5 | M32: =K32+L32 -> 4098.5 | N32: 1379.3103 | O32: 0 | P32: 0 | Q32: =SUM(O32:P32) -> 0 | R32: 1034.4828 | S32: 2600 | T32: 2827.5862 | U32: =C32+E32+G32+I32+M32+Q32+S32 -> 21094.1 | V32: =D32+F32+H32+J32+N32+R32+T32 -> 13413.793 | W32: 0 | Y32: =SUM(U32+W32) -> 21094.1 | Z32: =SUM(V32+X32) -> 13413.793 | AA32: sonnig | AB32: 9 | AC32: °C | AF32: =+C32+E32+G32+K32+O32+W32 -> 18494.1
A33: KW | B33: =SUM(B25+1) -> 8 | C33: =SUM(C26:C32) -> 57557.3 | D33: =SUM(D26:D32) -> 53586.207 | E33: =SUM(E26:E32) -> 3621.8 | F33: =SUM(F26:F32) -> 2413.7931 | G33: =SUM(G26:G32) -> 1589.1 | H33: =SUM(H26:H32) -> 1206.8966 | I33: =SUM(I26:I32) -> 0 | J33: =SUM(J26:J32) -> 0 | ... Z33: =SUM(Z26:Z32) -> 93896.552 | AA33: Ø Temp | AB33: =SUM(AB26:AB32)/7 -> 9.4285714 | AC33: °C
A34: =SUM(A32+1) -> 26 | B34: Mo | C34: 4841.7 | D34: 7655.1724 | E34: 0 | F34: 344.82759 | G34: 5.1 | H34: 172.41379 | I34: 0 | K34: 533 | M34: =K34+L34 -> 533 | N34: 1379.3103 | O34: 31.6 | P34: 2749 | Q34: =SUM(O34:P34) -> 2780.6 | R34: 1034.4828 | S34: 3556.2 | T34: 2827.5862 | U34: =C34+E34+G34+I34+M34+Q34+S34 -> 11716.6 | V34: =D34+F34+H34+J34+N34+R34+T34 -> 13413.793 | W34: 0 | Y34: =SUM(U34+W34) -> 11716.6 | Z34: =SUM(V34+X34) -> 13413.793 | AA34: bedeckt, sonnig | AB34: 10 | AC34: °C | AF34: =+C34+E34+G34+K34+O34+W34 -> 5411.4
A35: =SUM(A34+1) -> 27 | B35: Di. | C35: 4364.3 | D35: 7655.1724 | E35: 0 | F35: 344.82759 | G35: 20.9 | H35: 172.41379 | I35: 0 | K35: 207.7 | M35: =K35+L35 -> 207.7 | N35: 1379.3103 | O35: 79 | P35: 3316 | Q35: =SUM(O35:P35) -> 3395 | R35: 1034.4828 | S35: 4156.7 | T35: 2827.5862 | U35: =C35+E35+G35+I35+M35+Q35+S35 -> 12144.6 | V35: =D35+F35+H35+J35+N35+R35+T35 -> 13413.793 | W35: 0 | Y35: =SUM(U35+W35) -> 12144.6 | Z35: =SUM(V35+X35) -> 13413.793 | AA35: bedeckt, sonnig | AB35: 8 | AC35: °C | AF35: =+C35+E35+G35+K35+O35+W35 -> 4671.9
A36: =SUM(A35+1) -> 28 | B36: Mi. | C36: 3779.7 | D36: 7655.1724 | E36: 0 | F36: 344.82759 | G36: 0 | H36: 172.41379 | I36: 0 | K36: 0 | M36: =K36+L36 -> 0 | N36: 1379.3103 | O36: 564.6 | P36: 4794 | Q36: =SUM(O36:P36) -> 5358.6 | R36: 1034.4828 | S36: 4194.3 | T36: 2827.5862 | U36: =C36+E36+G36+I36+M36+Q36+S36 -> 13332.6 | V36: =D36+F36+H36+J36+N36+R36+T36 -> 13413.793 | W36: 0 | Y36: =SUM(U36+W36) -> 13332.6 | Z36: =SUM(V36+X36) -> 13413.793 | AA36: Hochnebel | AB36: 7 | AC36: °C | AF36: =+C36+E36+G36+K36+O36+W36 -> 4344.3
A37: =SUM(A36+1) -> 29 | B37: Do. | C37: 5340 | D37: 7655.1724 | E37: 24.5 | F37: 344.82759 | G37: 146.6 | H37: 172.41379 | I37: 0 | K37: -740.7 | M37: =K37+L37 -> -740.7 | N37: 1379.3103 | O37: 959.5 | P37: 4798 | Q37: =SUM(O37:P37) -> 5757.5 | R37: 1034.4828 | S37: 3193.5 | T37: 2827.5862 | U37: =C37+E37+G37+I37+M37+Q37+S37 -> 13721.4 | V37: =D37+F37+H37+J37+N37+R37+T37 -> 13413.793 | W37: 0 | Y37: =SUM(U37+W37) -> 13721.4 | Z37: =SUM(V37+X37) -> 13413.793 | AA37: teilweise sonnig | AB37: 11 | AC37: °C | AF37: =+C37+E37+G37+K37+O37+W37 -> 5729.9
A38: KW | B38: =SUM(B33+1) -> 9 | C38: =SUM(C34:C37) -> 18325.7 | D38: =SUM(D34:D37) -> 30620.69 | E38: =SUM(E34:E37) -> 24.5 | F38: =SUM(F34:F37) -> 1379.3103 | G38: =SUM(G34:G37) -> 172.6 | H38: =SUM(H34:H37) -> 689.65517 | I38: =SUM(I34:I37) -> 0 | J38: =SUM(J34:J37) -> 0 | ... Z38: =SUM(Z34:Z37) -> 53655.172 | AA38: Ø Temp | AB38: =SUM(AB26:AB32)/7 -> 9.4285714 | AC38: °C
A39: Umsatz kumuliert | C39: =SUM(C9+C17+C25+C33+C38) -> 239354.4 | D39: =SUM(D9+D17+D25+D33+D38) -> 222000 | E39: =SUM(E9+E17+E25+E33+E38) -> 8837.1 | F39: =SUM(F9+F17+F25+F33+F38) -> 10000 | G39: =SUM(G9+G17+G25+G33+G38) -> 5287.2 | H39: =SUM(H9+H17+H25+H33+H38) -> 5000 | I39: =SUM(I9+I17+I25+I33+I38) -> 0 | J39: =SUM(J9+J17+J25+J33+J38) -> 0 | ... Z39: =SUM(Z9+Z17+Z25+Z33+Z38) -> 389000 | AA39: Umsatz kumuliert | AF39: =SUM(AF5:AF38) -> 285905.4
A40: Umsatz pro Tag | C40: =C39/28 -> 8548.3714 | D40: =D39/28 -> 7928.5714 | E40: =E39/28 -> 315.61071 | F40: =F39/28 -> 357.14286 | G40: =G39/28 -> 188.82857 | H40: =H39/28 -> 178.57143 | I40: =I39/28 -> 0 | J40: =J39/28 -> 0 | K40: =K39/28 -> 855.86786 | N40: =N39/28 -> 1428.5714 | O40: =O39/30 -> 282.08 | R40: =R39/30 -> 1000 | S40: =S39/28 -> 2717.4679 | T40: =T39/28 -> 2928.5714 | U40: =U39/28 -> 14711.125 | V40: =V39/28 -> 13892.857 | W40: =W39/28 -> 0 | X40: =X39/28 -> 0 | Y40: =Y39/28 -> 14711.125 | Z40: =Z39/28 -> 13892.857 | AA40: Budget pro Tag
A41: Diff. zu Budget | C41: =SUM(C39-D39) -> 17354.4 | E41: =SUM(E39-F39) -> -1162.9 | G41: =SUM(G39-H39) -> 287.2 | I41: =SUM(I39-J39) -> 0 | K41: =SUM(K39-N39) -> -16035.7 | R41: =SUM(Q39-R39) -> 28379.4 | S41: =SUM(S39-T39) -> -5910.9 | U41: =SUM(U39-V39) -> 22911.5 | W41: =SUM(W39-X39) -> 0 | Y41: =SUM(Y39-Z39) -> 22911.5
A42: Index | C42: =SUM(100/D39*C39) -> 107.8173 | E42: =SUM(100/F39*E39) -> 88.371 | G42: =SUM(100/H39*G39) -> 105.744 | I42: =SUM(100/J39*I39) -> #DIV/0! | K42: =SUM(100/N39*K39) -> 59.91075 | Q42: =SUM(100/R39*Q39) -> 194.598 | S42: =SUM(100/T39*S39) -> 92.791585 | U42: =SUM(100/V39*U39) -> 105.88985 | W42: =SUM(100/X39*W39) -> #DIV/0! | Y42: =SUM(100/Z39*Y39) -> 105.88985

Sheet 03_24
A1: Tagesumsätze | H1: 45352
C3: Restaurant | E3: Terrasse | G3: Lounge | I3: Pavillon | K3: Bankett | O3: Seminar | S3: Hotel | U3: TOTAL Gesamtbetrieb ohne Seebad | W3: Seebad | Y3: TOTAL Gesamtbetrieb mit Seebad | AA3: Info's | AF3: Gegenkontrolle Gastronovi
C4: IST | D4: Budget | E4: IST | F4: Budget | G4: IST | H4: Budget | I4: IST | J4: Budget | K4: IST/GN | L4: IST/ET | M4: TOTAL IST | N4: Budget | O4: IST/GN | P4: IST/ET | Q4: TOTAL IST | R4: Budget | S4: IST | T4: Budget | U4: IST | V4: Budget | W4: IST | X4: Budget | Y4: IST | Z4: Budget | AA4: Wetter | AB4: Temp. | AD4: Bemerkung
A5: 1 | B5: Fr | C5: 9673.9 | D5: 8064.5161 | E5: 0 | F5: 645.16129 | G5: 0 | H5: 161.29032 | I5: 0 | J5: 0 | K5: 4219 | M5: =K5+L5 -> 4219 | N5: 1935.4839 | O5: -3 | P5: 0 | Q5: =SUM(O5:P5) -> -3 | R5: 3225.8065 | S5: 2780.1 | T5: 3735.4839 | U5: =SUM(C5+E5+G5+I5+M5+Q5+S5) -> 16670 | V5: =SUM(D5+F5+H5+J5+N5+R5+T5) -> 17767.742 | W5: 0 | Y5: =SUM(U5+W5) -> 16670 | Z5: =SUM(V5+X5) -> 17767.742 | AA5: Regenschauer, trockene Abschnitte | AB5: 9 | AC5: °C | AE5: OK/SN | AF5: =C5+E5+G5+K5+O5+W5 -> 13889.9
A6: =SUM(A5+1) -> 2 | B6: Sa | C6: 11755.6 | D6: 8064.5161 | E6: 1211.2 | F6: 645.16129 | G6: 912.7 | H6: 161.29032 | I6: 0 | J6: 0 | K6: 0 | M6: =K6+L6 -> 0 | N6: 1935.4839 | O6: 0 | P6: 0 | Q6: =SUM(O6:P6) -> 0 | R6: 3225.8065 | S6: 5473 | T6: 3735.4839 | U6: =SUM(C6+E6+G6+I6+K6+Q6+S6) -> 19352.5 | V6: =SUM(D6+F6+H6+J6+N6+R6+T6) -> 17767.742 | W6: 0 | Y6: =SUM(U6+W6) -> 19352.5 | Z6: =SUM(V6+X6) -> 17767.742 | AA6: bewölkt, sonnig | AB6: 11 | AC6: °C | AE6: OK/SN | AF6: =C6+E6+G6+K6+O6+W6 -> 13879.5
A7: =SUM(A6+1) -> 3 | B7: So | C7: 9719.7 | D7: 8064.5161 | E7: 1746.2 | F7: 645.16129 | G7: 463.5 | H7: 161.29032 | I7: 0 | J7: 0 | K7: 5500 | M7: =K7+L7 -> 5500 | N7: 1935.4839 | O7: 0 | P7: 0 | Q7: =SUM(O7:P7) -> 0 | R7: 3225.8065 | S7: 1323.3 | T7: 3735.4839 | U7: =SUM(C7+E7+G7+I7+K7+Q7+S7) -> 18752.7 | V7: =SUM(D7+F7+H7+J7+N7+R7+T7) -> 17767.742 | W7: 0 | Y7: =SUM(U7+W7) -> 18752.7 | Z7: =SUM(V7+X7) -> 17767.742 | AA7: ziemlich sonnig | AB7: 14 | AC7: °C | AE7: OK/SN | AF7: =C7+E7+G7+K7+O7+W7 -> 17429.4
A8: KW | B8: 9 | C8: =SUM(C5:C7) -> 31149.2 | D8: =SUM(D5:D7) -> 24193.548 | E8: =SUM(E5:E7) -> 2957.4 | F8: =SUM(F5:F7) -> 1935.4839 | G8: =SUM(G5:G7) -> 1376.2 | H8: =SUM(H5:H7) -> 483.87097 | I8: =SUM(I5:I7) -> 0 | J8: =SUM(J5:J7) -> 0 | ... Z8: =SUM(Z5:Z7) -> 53303.226 | AA8: Ø Temp | AB8: =SUM(AB5:AB7)/7 -> 4.8571429 | AC8: °C
A9: =SUM(A7+1) -> 4 | B9: Mo | C9: 3732.3 | D9: 8064.5161 | E9: 0 | F9: 645.16129 | G9: 334 | H9: 161.29032 | I9: 0 | J9: 0 | K9: 0 | M9: =K9+L9 -> 0 | N9: 1935.4839 | O9: 580.7 | P9: 3090 | Q9: =SUM(O9:P9) -> 3670.7 | R9: 3225.8065 | S9: 1328.7 | T9: 3735.4839 | U9: =SUM(C9+E9+G9+I9+K9+Q9+S9) -> 9065.7 | V9: =SUM(D9+F9+H9+J9+N9+R9+T9) -> 17767.742 | W9: 0 | Y9: =SUM(U9+W9) -> 9065.7 | Z9: =SUM(V9+X9) -> 17767.742 | AA9: bedeckt | AB9: 8 | AC9: °C | AE9: OK/SN | AF9: =C9+E9+G9+K9+O9+W9 -> 4647
A10: =SUM(A9+1) -> 5 | B10: Di | C10: 6198.5 | D10: 8064.5161 | E10: 0 | F10: 645.16129 | G10: 0 | H10: 161.29032 | I10: 0 | J10: 0 | K10: 1000 | M10: =K10+L10 -> 1000 | N10: 1935.4839 | O10: 0 | P10: 2266 | Q10: =SUM(O10:P10) -> 2266 | R10: 3225.8065 | S10: 1370.5 | T10: 3735.4839 | U10: =SUM(C10+E10+G10+I10+K10+Q10+S10) -> 10835 | V10: =SUM(D10+F10+H10+J10+N10+R10+T10) -> 17767.742 | W10: 0 | Y10: =SUM(U10+W10) -> 10835 | Z10: =SUM(V10+X10) -> 17767.742 | AA10: regenschauer, bedeckt | AB10: 6 | AC10: °C | AE10: OK/SN | AF10: =C10+E10+G10+K10+O10+W10 -> 7198.5
A11: =SUM(A10+1) -> 6 | B11: Mi | C11: 3697.2 | D11: 8064.5161 | E11: 0 | F11: 645.16129 | G11: 0 | H11: 161.29032 | I11: 0 | J11: 0 | K11: 0 | M11: =K11+L11 -> 0 | N11: 1935.4839 | O11: 891.7 | P11: 896 | Q11: =SUM(O11:P11) -> 1787.7 | R11: 3225.8065 | S11: 3995 | T11: 3735.4839 | U11: =SUM(C11+E11+G11+I11+K11+Q11+S11) -> 9479.9 | V11: =SUM(D11+F11+H11+J11+N11+R11+T11) -> 17767.742 | W11: 0 | Y11: =SUM(U11+W11) -> 9479.9 | Z11: =SUM(V11+X11) -> 17767.742 | AA11: Schnee, Regen | AB11: 4 | AC11: °C | AE11: OK/SN | AF11: =C11+E11+G11+K11+O11+W11 -> 4588.9
A12: =SUM(A11+1) -> 7 | B12: Do | C12: 6109.6 | D12: 8064.5161 | E12: 0 | F12: 645.16129 | G12: 0 | H12: 161.29032 | I12: 0 | J12: 0 | K12: 2325.3 | M12: =K12+L12 -> 2325.3 | N12: 1935.4839 | O12: 60 | P12: 2251 | Q12: =SUM(O12:P12) -> 2311 | R12: 3225.8065 | S12: 1688.6 | T12: 3735.4839 | U12: =SUM(C12+E12+G12+I12+K12+Q12+S12) -> 12434.5 | V12: =SUM(D12+F12+H12+J12+N12+R12+T12) -> 17767.742 | W12: 0 | Y12: =SUM(U12+W12) -> 12434.5 | Z12: =SUM(V12+X12) -> 17767.742 | AA12: ziemlich sonnig | AB12: 8 | AC12: °C | AF12: =C12+E12+G12+K12+O12+W12 -> 8494.9
A13: =SUM(A12+1) -> 8 | B13: Fr | C13: 9738.3 | D13: 8064.5161 | E13: 0 | F13: 645.16129 | G13: 192.8 | H13: 161.29032 | I13: 0 | J13: 0 | K13: 1111.7 | M13: =K13+L13 -> 1111.7 | N13: 1935.4839 | O13: 0 | P13: 0 | Q13: =SUM(O13:P13) -> 0 | R13: 3225.8065 | S13: 2551.3 | T13: 3735.4839 | U13: =SUM(C13+E13+G13+I13+K13+Q13+S13) -> 13594.1 | V13: =SUM(D13+F13+H13+J13+N13+R13+T13) -> 17767.742 | W13: 0 | Y13: =SUM(U13+W13) -> 13594.1 | Z13: =SUM(V13+X13) -> 17767.742 | AA13: bedeckt, teilweise sonnig | AB13: 10 | AC13: °C | AF13: =C13+E13+G13+K13+O13+W13 -> 11042.8
A14: =SUM(A13+1) -> 9 | B14: Sa | C14: 10815.2 | D14: 8064.5161 | E14: 556.9 | F14: 645.16129 | G14: 464.4 | H14: 161.29032 | I14: 0 | J14: 0 | K14: 8866.1 | M14: =K14+L14 -> 8866.1 | N14: 1935.4839 | O14: 0 | P14: 0 | Q14: =SUM(O14:P14) -> 0 | R14: 3225.8065 | S14: 5314.8 | T14: 3735.4839 | U14: =SUM(C14+E14+G14+I14+K14+Q14+S14) -> 26017.4 | V14: =SUM(D14+F14+H14+J14+N14+R14+T14) -> 17767.742 | W14: 0 | Y14: =SUM(U14+W14) -> 26017.4 | Z14: =SUM(V14+X14) -> 17767.742 | AA14: bewölkt, sonnig | AB14: 13 | AC14: °C | AF14: =C14+E14+G14+K14+O14+W14 -> 20702.6
A15: =SUM(A14+1) -> 10 | B15: So | C15: 12581.2 | D15: 8064.5161 | E15: 0 | F15: 645.16129 | G15: 23 | H15: 161.29032 | I15: 0 | J15: 0 | K15: 7885.6 | M15: =K15+L15 -> 7885.6 | N15: 1935.4839 | O15: 2009.8 | P15: 0 | Q15: =SUM(O15:P15) -> 2009.8 | R15: 3225.8065 | S15: 3651 | T15: 3735.4839 | U15: =SUM(C15+E15+G15+I15+K15+Q15+S15) -> 26150.6 | V15: =SUM(D15+F15+H15+J15+N15+R15+T15) -> 17767.742 | W15: 0 | Y15: =SUM(U15+W15) -> 26150.6 | Z15: =SUM(V15+X15) -> 17767.742 | AA15: Zunächst bedeckt | AB15: 12 | AC15: °C | AF15: =C15+E15+G15+K15+O15+W15 -> 22499.6
A16: KW | B16: =SUM(B8+1) -> 10 | C16: =SUM(C9:C15) -> 52872.3 | D16: =SUM(D9:D15) -> 56451.613 | E16: =SUM(E9:E15) -> 556.9 | F16: =SUM(F9:F15) -> 4516.129 | G16: =SUM(G9:G15) -> 1014.2 | H16: =SUM(H9:H15) -> 1129.0323 | I16: =SUM(I9:I15) -> 0 | J16: =SUM(J9:J15) -> 0 | ... Z16: =SUM(Z9:Z15) -> 124374.19 | AA16: Ø Temp | AB16: =SUM(AB9:AB15)/7 -> 8.7142857 | AC16: °C
A17: =SUM(A15+1) -> 11 | B17: Mo | C17: 7727.6 | D17: 8064.5161 | E17: 24 | F17: 645.16129 | G17: 97.8 | H17: 161.29032 | I17: 0 | J17: 0 | K17: 0 | M17: =K17+L17 -> 0 | N17: 1935.4839 | O17: 1115.9 | P17: 1177 | Q17: =SUM(O17:P17) -> 2292.9 | R17: 3225.8065 | S17: 5667.4 | T17: 3735.4839 | U17: =SUM(C17+E17+G17+I17+K17+Q17+S17) -> 15809.7 | V17: =SUM(D17+F17+H17+J17+N17+R17+T17) -> 17767.742 | W17: 0 | Y17: =SUM(U17+W17) -> 15809.7 | Z17: =SUM(V17+X17) -> 17767.742 | AA17: Tageshälfte bewölkt | AB17: 10 | AC17: °C | AF17: =C17+E17+G17+K17+O17+W17 -> 8965.3
A18: =SUM(A17+1) -> 12 | B18: Di | C18: 2757.8 | D18: 8064.5161 | E18: 0 | F18: 645.16129 | G18: 9.5 | H18: 161.29032 | I18: 0 | J18: 0 | K18: 1668.8 | M18: =K18+L18 -> 1668.8 | N18: 1935.4839 | O18: 1361 | P18: 7456 | Q18: =SUM(O18:P18) -> 8817 | R18: 3225.8065 | S18: 6985.7 | T18: 3735.4839 | U18: =SUM(C18+E18+G18+I18+K18+Q18+S18) -> 20238.8 | V18: =SUM(D18+F18+H18+J18+N18+R18+T18) -> 17767.742 | W18: 0 | Y18: =SUM(U18+W18) -> 20238.8 | Z18: =SUM(V18+X18) -> 17767.742 | AA18: bedeckt, Regenschauer | AB18: 9 | AC18: °C | AF18: =C18+E18+G18+K18+O18+W18 -> 5797.1
A19: =SUM(A18+1) -> 13 | B19: Mi | C19: 5438.8 | D19: 8064.5161 | E19: 0 | F19: 645.16129 | G19: 0 | H19: 161.29032 | I19: 0 | J19: 0 | K19: 0 | M19: =K19+L19 -> 0 | N19: 1935.4839 | O19: 1085.2 | P19: 4503 | Q19: =SUM(O19:P19) -> 5588.2 | R19: 3225.8065 | S19: 6786.4 | T19: 3735.4839 | U19: =SUM(C19+E19+G19+I19+K19+Q19+S19) -> 17813.4 | V19: =SUM(D19+F19+H19+J19+N19+R19+T19) -> 17767.742 | W19: 0 | Y19: =SUM(U19+W19) -> 17813.4 | Z19: =SUM(V19+X19) -> 17767.742 | AA19: teilweise sonnig | AB19: 9 | AC19: °C | AF19: =C19+E19+G19+K19+O19+W19 -> 6524
A20: =SUM(A19+1) -> 14 | B20: Do | C20: 8425.9 | D20: 8064.5161 | E20: 1019.2 | F20: 645.16129 | G20: 374.1 | H20: 161.29032 | I20: 0 | J20: 0 | K20: 175.5 | M20: =K20+L20 -> 175.5 | N20: 1935.4839 | O20: 1967.8 | P20: 2953 | Q20: =SUM(O20:P20) -> 4920.8 | R20: 3225.8065 | S20: 6778.5 | T20: 3735.4839 | U20: =SUM(C20+E20+G20+I20+K20+Q20+S20) -> 21694 | V20: =SUM(D20+F20+H20+J20+N20+R20+T20) -> 17767.742 | W20: 0 | Y20: =SUM(U20+W20) -> 21694 | Z20: =SUM(V20+X20) -> 17767.742 | AA20: neblig, bedeckt | AB20: 15 | AC20: °C | AF20: =C20+E20+G20+K20+O20+W20 -> 11962.5
A21: =SUM(A20+1) -> 15 | B21: Fr | C21: 8266 | D21: 8064.5161 | E21: 0 | F21: 645.16129 | G21: 249.5 | H21: 161.29032 | I21: 0 | J21: 0 | K21: 0 | M21: =K21+L21 -> 0 | N21: 1935.4839 | O21: 1228.9 | P21: 7423 | Q21: =SUM(O21:P21) -> 8651.9 | R21: 3225.8065 | S21: 4334.1 | T21: 3735.4839 | U21: =SUM(C21+E21+G21+I21+K21+Q21+S21) -> 21501.5 | V21: =SUM(D21+F21+H21+J21+N21+R21+T21) -> 17767.742 | W21: 0 | Y21: =SUM(U21+W21) -> 21501.5 | Z21: =SUM(V21+X21) -> 17767.742 | AA21: bedeckt, Regenschauer | AB21: 16 | AC21: °C | AF21: =C21+E21+G21+K21+O21+W21 -> 9744.4
A22: =SUM(A21+1) -> 16 | B22: Sa | C22: 14353.6 | D22: 8064.5161 | E22: 24 | F22: 645.16129 | G22: 184.6 | H22: 161.29032 | I22: 0 | J22: 0 | K22: 0 | M22: =K22+L22 -> 0 | N22: 1935.4839 | O22: 8 | P22: 1494 | Q22: =SUM(O22:P22) -> 1502 | R22: 3225.8065 | S22: 4017.6 | T22: 3735.4839 | U22: =SUM(C22+E22+G22+I22+K22+Q22+S22) -> 20081.8 | V22: =SUM(D22+F22+H22+J22+N22+R22+T22) -> 17767.742 | W22: 0 | Y22: =SUM(U22+W22) -> 20081.8 | Z22: =SUM(V22+X22) -> 17767.742 | AA22: bedeckt, Regenschauer | AB22: 11 | AC22: °C | AF22: =C22+E22+G22+K22+O22+W22 -> 14570.2
A23: =SUM(A22+1) -> 17 | B23: So | C23: 12780.6 | D23: 8064.5161 | E23: 0 | F23: 645.16129 | G23: 0 | H23: 161.29032 | I23: 0 | J23: 0 | K23: 9436.5 | M23: =K23+L23 -> 9436.5 | N23: 1935.4839 | O23: 0 | P23: 0 | Q23: =SUM(O23:P23) -> 0 | R23: 3225.8065 | S23: 2084.2 | T23: 3735.4839 | U23: =SUM(C23+E23+G23+I23+K23+Q23+S23) -> 24301.3 | V23: =SUM(D23+F23+H23+J23+N23+R23+T23) -> 17767.742 | W23: 0 | Y23: =SUM(U23+W23) -> 24301.3 | Z23: =SUM(V23+X23) -> 17767.742 | AA23: trockene Abschnitte, Regenschauer | AB23: 11 | AC23: °C | AF23: =C23+E23+G23+K23+O23+W23 -> 22217.1
A24: KW | B24: =SUM(B16+1) -> 11 | C24: =SUM(C17:C23) -> 59750.3 | D24: =SUM(D17:D23) -> 56451.613 | E24: =SUM(E17:E23) -> 1067.2 | F24: =SUM(F17:F23) -> 4516.129 | G24: =SUM(G17:G23) -> 915.5 | H24: =SUM(H17:H23) -> 1129.0323 | I24: =SUM(I17:I23) -> 0 | J24: =SUM(J17:J23) -> 0 | ... Z24: =SUM(Z17:Z23) -> 124374.19 | AA24: Ø Temp | AB24: =SUM(AB17:AB23)/7 -> 11.571429 | AC24: °C
A25: =SUM(A23+1) -> 18 | B25: Mo | C25: 5532.6 | D25: 8064.5161 | E25: 0 | F25: 645.16129 | G25: 0 | H25: 161.29032 | I25: 0 | J25: 0 | K25: 0 | M25: =K25+L25 -> 0 | N25: 1935.4839 | O25: 0 | P25: 0 | Q25: =SUM(O25:P25) -> 0 | R25: 3225.8065 | S25: 2000.3 | T25: 3735.4839 | U25: =SUM(C25+E25+G25+I25+K25+Q25+S25) -> 7532.9 | V25: =SUM(D25+F25+H25+J25+N25+R25+T25) -> 17767.742 | W25: 0 | Y25: =SUM(U25+W25) -> 7532.9 | Z25: =SUM(V25+X25) -> 17767.742 | AA25: Regen, Gewitter | AB25: 10 | AC25: °C | AF25: =C25+E25+G25+K25+O25+W25 -> 5532.6
A26: =SUM(A25+1) -> 19 | B26: Di | C26: 5510.2 | D26: 8064.5161 | E26: 520 | F26: 645.16129 | G26: 538.6 | H26: 161.29032 | I26: 0 | J26: 0 | K26: 760 | M26: =K26+L26 -> 760 | N26: 1935.4839 | O26: 692 | P26: 4374 | Q26: =SUM(O26:P26) -> 5066 | R26: 3225.8065 | S26: 5557.3 | T26: 3735.4839 | U26: =SUM(C26+E26+G26+I26+K26+Q26+S26) -> 17952.1 | V26: =SUM(D26+F26+H26+J26+N26+R26+T26) -> 17767.742 | W26: 0 | Y26: =SUM(U26+W26) -> 17952.1 | Z26: =SUM(V26+X26) -> 17767.742 | AA26: hohe Wolkenfelder | AB26: 15 | AC26: °C | AF26: =C26+E26+G26+K26+O26+W26 -> 8020.8
A27: =SUM(A26+1) -> 20 | B27: Mi | C27: 5881.2 | D27: 8064.5161 | E27: 1955.1 | F27: 645.16129 | G27: 684.3 | H27: 161.29032 | I27: 0 | J27: 0 | K27: 0 | M27: =K27+L27 -> 0 | N27: 1935.4839 | O27: 1471.1 | P27: 4400 | Q27: =SUM(O27:P27) -> 5871.1 | R27: 3225.8065 | S27: 6574.1 | T27: 3735.4839 | U27: =SUM(C27+E27+G27+I27+K27+Q27+S27) -> 20965.8 | V27: =SUM(D27+F27+H27+J27+N27+R27+T27) -> 17767.742 | W27: 0 | Y27: =SUM(U27+W27) -> 20965.8 | Z27: =SUM(V27+X27) -> 17767.742 | AA27: Sonnig | AB27: 17 | AC27: °C | AF27: =C27+E27+G27+K27+O27+W27 -> 9991.7
A28: =SUM(A27+1) -> 21 | B28: Do | C28: 6205.1 | D28: 8064.5161 | E28: 200.5 | F28: 645.16129 | G28: 173.8 | H28: 161.29032 | I28: 0 | J28: 0 | K28: 2014.4 | M28: =K28+L28 -> 2014.4 | N28: 1935.4839 | O28: 1557.3 | P28: 5633 | Q28: =SUM(O28:P28) -> 7190.3 | R28: 3225.8065 | S28: 6598.3 | T28: 3735.4839 | U28: =SUM(C28+E28+G28+I28+K28+Q28+S28) -> 22382.4 | V28: =SUM(D28+F28+H28+J28+N28+R28+T28) -> 17767.742 | W28: 0 | Y28: =SUM(U28+W28) -> 22382.4 | Z28: =SUM(V28+X28) -> 17767.742 | AA28: Regenschauer | AB28: 12 | AC28: °C | AF28: =C28+E28+G28+K28+O28+W28 -> 10151.1
A29: =SUM(A28+1) -> 22 | B29: Fr | C29: 9918.2 | D29: 8064.5161 | E29: 3193.6 | F29: 645.16129 | G29: 294.5 | H29: 161.29032 | I29: 0 | J29: 0 | K29: 5898.7 | M29: =K29+L29 -> 5898.7 | N29: 1935.4839 | O29: 124.6 | P29: 6275 | Q29: =SUM(O29:P29) -> 6399.6 | R29: 3225.8065 | S29: 3930.7 | T29: 3735.4839 | U29: =SUM(C29+E29+G29+I29+K29+Q29+S29) -> 29635.3 | V29: =SUM(D29+F29+H29+J29+N29+R29+T29) -> 17767.742 | W29: 0 | Y29: =SUM(U29+W29) -> 29635.3 | Z29: =SUM(V29+X29) -> 17767.742 | AA29: Sonnig | AB29: 18 | AC29: °C | AF29: =C29+E29+G29+K29+O29+W29 -> 19429.6
A30: =SUM(A29+1) -> 23 | B30: Sa | C30: 10442.7 | D30: 8064.5161 | E30: 0 | F30: 645.16129 | G30: 40.7 | H30: 161.29032 | I30: 0 | J30: 0 | K30: 15255.6 | M30: =K30+L30 -> 15255.6 | N30: 1935.4839 | O30: 0 | P30: 1452 | Q30: =SUM(O30:P30) -> 1452 | R30: 3225.8065 | S30: 5632.5 | T30: 3735.4839 | U30: =SUM(C30+E30+G30+I30+K30+Q30+S30) -> 32823.5 | V30: =SUM(D30+F30+H30+J30+N30+R30+T30) -> 17767.742 | W30: 0 | Y30: =SUM(U30+W30) -> 32823.5 | Z30: =SUM(V30+X30) -> 17767.742 | AA30: Regenschauer, trockene Abschnitte | AB30: 12 | AC30: °C | AF30: =C30+E30+G30+K30+O30+W30 -> 25739
A31: =SUM(A30+1) -> 24 | B31: So | C31: 12537.6 | D31: 8064.5161 | E31: 0 | F31: 645.16129 | G31: 10.4 | H31: 161.29032 | I31: 0 | J31: 0 | K31: 8561.2 | M31: =K31+L31 -> 8561.2 | N31: 1935.4839 | O31: 1531.2 | P31: 400 | Q31: =SUM(O31:P31) -> 1931.2 | R31: 3225.8065 | S31: 3376.3 | T31: 3735.4839 | U31: =SUM(C31+E31+G31+I31+K31+Q31+S31) -> 26416.7 | V31: =SUM(D31+F31+H31+J31+N31+R31+T31) -> 17767.742 | W31: 0 | Y31: =SUM(U31+W31) -> 26416.7 | Z31: =SUM(V31+X31) -> 17767.742 | AA31: Regenschauer, Wind | AB31: 5 | AC31: °C | AF31: =C31+E31+G31+K31+O31+W31 -> 22640.4
A32: KW | B32: =SUM(B24+1) -> 12 | C32: =SUM(C25:C31) -> 56027.6 | D32: =SUM(D25:D31) -> 56451.613 | E32: =SUM(E25:E31) -> 5869.2 | F32: =SUM(F25:F31) -> 4516.129 | G32: =SUM(G25:G31) -> 1742.3 | H32: =SUM(H25:H31) -> 1129.0323 | I32: =SUM(I25:I31) -> 0 | J32: =SUM(J25:J31) -> 0 | ... Z32: =SUM(Z25:Z31) -> 124374.19 | AA32: Ø Temp | AB32: =SUM(AB25:AB31)/7 -> 12.714286 | AC32: °C
A33: =SUM(A31+1) -> 25 | B33: Mo | C33: 5773.4 | D33: 8064.5161 | E33: 509.7 | F33: 645.16129 | G33: 352.5 | H33: 161.29032 | I33: 0 | J33: 0 | K33: 0 | M33: =K33+L33 -> 0 | N33: 1935.4839 | O33: 1541.6 | P33: 3679.5 | Q33: =SUM(O33:P33) -> 5221.1 | R33: 3225.8065 | S33: 5861.4 | T33: 3735.4839 | U33: =SUM(C33+E33+G33+I33+K33+Q33+S33) -> 17718.1 | V33: =SUM(D33+F33+H33+J33+N33+R33+T33) -> 17767.742 | W33: 0 | Y33: =SUM(U33+W33) -> 17718.1 | Z33: =SUM(V33+X33) -> 17767.742 | AA33: sonnig | AB33: 11 | AC33: °C | AF33: =C33+E33+G33+K33+O33+W33 -> 8177.2
A34: =SUM(A33+1) -> 26 | B34: Di | C34: 5609.3 | D34: 8064.5161 | E34: 926.9 | F34: 645.16129 | G34: 502.3 | H34: 161.29032 | I34: 0 | J34: 0 | K34: 4230.2 | M34: =K34+L34 -> 4230.2 | N34: 1935.4839 | O34: 1010.4 | P34: 4878 | Q34: =SUM(O34:P34) -> 5888.4 | R34: 3225.8065 | S34: 6279.5 | T34: 3735.4839 | U34: =SUM(C34+E34+G34+I34+K34+Q34+S34) -> 23436.6 | V34: =SUM(D34+F34+H34+J34+N34+R34+T34) -> 17767.742 | W34: 0 | Y34: =SUM(U34+W34) -> 23436.6 | Z34: =SUM(V34+X34) -> 17767.742 | AA34: bedeckt | AB34: 15 | AC34: °C | AF34: =C34+E34+G34+K34+O34+W34 -> 12279.1
A35: =SUM(A34+1) -> 27 | B35: Mi | C35: 4074.2 | D35: 8064.5161 | E35: 0 | F35: 645.16129 | G35: 54.1 | H35: 161.29032 | I35: 0 | J35: 0 | K35: 0 | M35: =K35+L35 -> 0 | N35: 1935.4839 | O35: 3919.2 | P35: 9876 | Q35: =SUM(O35:P35) -> 13795.2 | R35: 3225.8065 | S35: 7729.8 | T35: 3735.4839 | U35: =SUM(C35+E35+G35+I35+K35+Q35+S35) -> 25653.3 | V35: =SUM(D35+F35+H35+J35+N35+R35+T35) -> 17767.742 | W35: 0 | Y35: =SUM(U35+W35) -> 25653.3 | Z35: =SUM(V35+X35) -> 17767.742 | AA35: wechselhaft | AB35: 7 | AC35: °C | AF35: =C35+E35+G35+K35+O35+W35 -> 8047.5
A36: =SUM(A35+1) -> 28 | B36: Do | C36: 8647.3 | D36: 8064.5161 | E36: 0 | F36: 645.16129 | G36: 56.5 | H36: 161.29032 | I36: 0 | J36: 0 | K36: 300 | M36: =K36+L36 -> 300 | N36: 1935.4839 | O36: 95.1 | P36: 4475 | Q36: =SUM(O36:P36) -> 4570.1 | R36: 3225.8065 | S36: 3256.7 | T36: 3735.4839 | U36: =SUM(C36+E36+G36+I36+K36+Q36+S36) -> 16830.6 | V36: =SUM(D36+F36+H36+J36+N36+R36+T36) -> 17767.742 | W36: 0 | Y36: =SUM(U36+W36) -> 16830.6 | Z36: =SUM(V36+X36) -> 17767.742 | AA36: Regenschauner, sonnig | AB36: 11 | AC36: °C | AF36: =C36+E36+G36+K36+O36+W36 -> 9098.9
A37: =SUM(A36+1) -> 29 | B37: Fr | C37: 26778.2 | D37: 8064.5161 | E37: 1555.3 | F37: 645.16129 | G37: 779.6 | H37: 161.29032 | I37: 0 | J37: 0 | K37: 0 | M37: =K37+L37 -> 0 | N37: 1935.4839 | O37: 0 | P37: 0 | Q37: =SUM(O37:P37) -> 0 | R37: 3225.8065 | S37: 7998.6 | T37: 3735.4839 | U37: =SUM(C37+E37+G37+I37+K37+Q37+S37) -> 37111.7 | V37: =SUM(D37+F37+H37+J37+N37+R37+T37) -> 17767.742 | W37: 0 | Y37: =SUM(U37+W37) -> 37111.7 | Z37: =SUM(V37+X37) -> 17767.742 | AA37: Sonnig, hohe Wolkenfelder | AB37: 18 | AC37: °C | AD37: Karfreitag | AF37: =C37+E37+G37+K37+O37+W37 -> 29113.1
A38: =SUM(A37+1) -> 30 | B38: Sa | C38: 15624 | D38: 8064.5161 | E38: 284.7 | F38: 645.16129 | G38: 572.4 | H38: 161.29032 | I38: 0 | J38: 0 | K38: 0 | M38: =K38+L38 -> 0 | N38: 1935.4839 | O38: 0 | P38: 0 | Q38: =SUM(O38:P38) -> 0 | R38: 3225.8065 | S38: 10294.9 | T38: 3735.4839 | U38: =SUM(C38+E38+G38+I38+K38+Q38+S38) -> 26776 | V38: =SUM(D38+F38+H38+J38+N38+R38+T38) -> 17767.742 | W38: 0 | Y38: =SUM(U38+W38) -> 26776 | Z38: =SUM(V38+X38) -> 17767.742 | AA38: bedeckt, straker Regen | AB38: 18 | AC38: °C | AD38: Ostersamstag | AF38: =C38+E38+G38+K38+O38+W38 -> 16481.1
A39: =SUM(A38+1) -> 31 | B39: So | C39: 24421.6 | D39: 8064.5161 | E39: 1299.4 | F39: 645.16129 | G39: 771.1 | H39: 161.29032 | I39: 0 | J39: 0 | K39: 4293.1 | M39: =K39+L39 -> 4293.1 | N39: 1935.4839 | O39: 0 | P39: 0 | Q39: =SUM(O39:P39) -> 0 | R39: 3225.8065 | S39: 5238.6 | T39: 3735.4839 | U39: =SUM(C39+E39+G39+I39+K39+Q39+S39) -> 36023.8 | V39: =SUM(D39+F39+H39+J39+N39+R39+T39) -> 17767.742 | W39: 0 | Y39: =SUM(U39+W39) -> 36023.8 | Z39: =SUM(V39+X39) -> 17767.742 | AA39: bedeckt, Regenschauer | AB39: 16 | AC39: °C | AD39: Ostersonntag | AF39: =C39+E39+G39+K39+O39+W39 -> 30785.2
A40: KW | B40: =SUM(B32+1) -> 13 | C40: =SUM(C33:C39) -> 90928 | D40: =SUM(D33:D39) -> 56451.613 | E40: =SUM(E33:E39) -> 4576 | F40: =SUM(F33:F39) -> 4516.129 | G40: =SUM(G33:G39) -> 3088.5 | H40: =SUM(H33:H39) -> 1129.0323 | I40: =SUM(I33:I39) -> 0 | J40: =SUM(J33:J39) -> 0 | ... Z40: =SUM(Z33:Z39) -> 124374.19 | AA40: Ø Temp | AB40: =SUM(AB33:AB37)/4 -> 15.5 | AC40: °C | AF40: =SUM(AF5:AF39) -> 419641
A41: Umsatz kumuliert | C41: =SUM(C8+C16+C24+C32+C40) -> 290727.4 | D41: =SUM(D8+D16+D24+D32+D40) -> 250000 | E41: =SUM(E8+E16+E24+E32+E40) -> 15026.7 | F41: =SUM(F8+F16+F24+F32+F40) -> 20000 | G41: =SUM(G8+G16+G24+G32+G40) -> 8136.7 | H41: =SUM(H8+H16+H24+H32+H40) -> 5000 | I41: =SUM(I8+I16+I24+I40) -> 0 | J41: =SUM(J8+J16+J24+J40) -> 0 | K41: =SUM(K8+K16+K24+K32+K40) -> 83501.7 | L41: =SUM(L8+L16+L24+L32+L40) -> 0 | M41: =SUM(M8+M16+M24+M32+M40) -> 83501.7 | N41: =SUM(N8+N16+N24+N32+N40) -> 60000 | O41: =SUM(O8+O16+O24+O32+O40) -> 22248.5 | P41: =SUM(P8+P16+P24+P32+P40) -> 78951.5 | Q41: =SUM(Q8+Q16+Q24+Q32+Q40) -> 101200 | R41: =R8+R16+R24+R32+R40 -> 100000 | S41: =SUM(S8+S16+S24+S32+S40) -> 146459.2 | T41: =SUM(T8+T16+T24+T32+T40) -> 115800 | U41: =SUM(U8+U16+U24+U32+U40) -> 645051.7 | V41: =SUM(V8+V16+V24+V32+V40) -> 550800 | W41: =SUM(W8+W16+W24+W32+W40) -> 0 | X41: =SUM(X8+X16+X24+X32+X40) -> 0 | Y41: =SUM(Y8+Y16+Y24+Y32+Y40) -> 645051.7 | Z41: =SUM(Z8+Z16+Z24+Z32+Z40) -> 550800 | AA41: Umsatz kumuliert
A42: Umsatz pro Tag | C42: =C41/31 -> 9378.3032 | D42: =D41/31 -> 8064.5161 | E42: =E41/31 -> 484.73226 | F42: =F41/31 -> 645.16129 | G42: =G41/31 -> 262.47419 | H42: =H41/31 -> 161.29032 | I42: =I41/31 -> 0 | J42: =J41/31 -> 0 | K42: =K41/31 -> 2693.6032 | N42: =N41/31 -> 1935.4839 | O42: =O41/30 -> 741.61667 | P42: =P41/31 -> 2546.8226 | R42: =R41/30 -> 3333.3333 | S42: =S41/31 -> 4724.4903 | T42: =T41/31 -> 3735.4839 | U42: =U41/31 -> 20808.119 | V42: =V41/31 -> 17767.742 | W42: =W41/31 -> 0 | X42: =X41/31 -> 0 | Y42: =Y41/31 -> 20808.119 | Z42: =Z41/31 -> 17767.742 | AA42: Budget pro Tag
A43: Diff. zu Budget | C43: =SUM(C41-D41) -> 40727.4 | E43: =SUM(E41-F41) -> -4973.3 | G43: =SUM(G41-H41) -> 3136.7 | I43: =SUM(I41-J41) -> 0 | K43: =SUM(K41-N41) -> 23501.7 | Q43: =SUM(Q41-R41) -> 1200.0001 | S43: =SUM(S41-T41) -> 30659.2 | U43: =SUM(U41-V41) -> 94251.7 | W43: =SUM(W41-X41) -> 0 | Y43: =SUM(Y41-Z41) -> 94251.7
A44: Index | C44: =SUM(100/D41*C41) -> 116.29096 | E44: =SUM(100/F41*E41) -> 75.1335 | G44: =SUM(100/H41*G41) -> 162.734 | I44: =SUM(100/J41*I41) -> #DIV/0! | K44: =SUM(100/N41*K41) -> 139.1695 | Q44: =SUM(100/R41*Q41) -> 101.2 | S44: =SUM(100/T41*S41) -> 126.47599 | U44: =SUM(100/V41*U41) -> 117.11178 | W44: =SUM(100/X41*W41) -> #DIV/0! | Y44: =SUM(100/Z41*Y41) -> 117.11178

Sheet 04_24
A1: Tagesumsätze | H1: 45383
C3: Restaurant | E3: Terrasse | G3: Lounge | I3: Pavillon | K3: Bankett | O3: Seminar | S3: Hotel | U3: TOTAL Gesamtbetrieb ohne Seebad | W3: Seebad | Y3: TOTAL Gesamtbetrieb mit Seebad | AA3: Info's
C4: IST | D4: Budget | E4: IST | F4: Budget | G4: IST | H4: Budget | I4: IST | J4: Budget | K4: IST/GN | L4: IST/ET | M4: TOTAL IST | N4: Budget | O4: IST/GN | P4: IST/ET | Q4: TOTAL IST | R4: Budget | S4: IST | T4: Budget | U4: IST | V4: Budget | W4: IST | X4: Budget | Y4: IST | Z4: Budget | AA4: Wetter | AB4: Temp. | AD4: Bemerkung
A5: =SUM(A3+1) -> 1 | B5: Mo | C5: 13236.15 | D5: 9666.6667 | E5: 0 | F5: 1333.3333 | G5: 0 | H5: 333.33333 | K5: 0 | M5: =K5+L5 -> 0 | N5: 3333.3333 | O5: 0 | P5: 0 | Q5: =O5+P5 -> 0 | R5: 2000 | S5: 1659.1 | T5: 5433.3333 | U5: =C5+E5+G5+I5+M5+Q5+S5 -> 14895.25 | V5: =D5+F5+H5+J5+N5+R5+T5 -> 22100 | X5: 66.66666 | Y5: =SUM(U5+W5) -> 14895.25 | Z5: =SUM(V5+X5) -> 22166.667 | AA5: bewölkt, Regenschauer | AB5: 10 | AC5: °C | AD5: Ostermontag
A6: =SUM(A5+1) -> 2 | B6: Di | C6: 5509.7 | D6: 9666.6667 | E6: 64.1 | F6: 1333.3333 | G6: 354.9 | H6: 333.33333 | I6: 0 | K6: 70.3 | M6: =K6+L6 -> 70.3 | N6: 3333.3333 | O6: 0 | P6: 0 | Q6: =O6+P6 -> 0 | R6: 2000 | S6: 2439.1 | T6: 5433.3333 | U6: =C6+E6+G6+I6+M6+Q6+S6 -> 8438.1 | V6: =D6+F6+H6+J6+N6+R6+T6 -> 22100 | X6: 66.66666 | Y6: =SUM(U6+W6) -> 8438.1 | Z6: =SUM(V6+X6) -> 22166.667 | AA6: regenschauer, sonnig | AB6: 13 | AC6: °C
A7: =SUM(A6+1) -> 3 | B7: Mi | C7: 5206.5 | D7: 9666.6667 | E7: 9.5 | F7: 1333.3333 | G7: 18.6 | H7: 333.33333 | I7: 0 | K7: 0 | M7: =K7+L7 -> 0 | N7: 3333.3333 | O7: 0 | P7: 0 | Q7: =O7+P7 -> 0 | R7: 2000 | S7: 2799.9 | T7: 5433.3333 | U7: =C7+E7+G7+I7+M7+Q7+S7 -> 8034.5 | V7: =D7+F7+H7+J7+N7+R7+T7 -> 22100 | X7: 66.66666 | Y7: =SUM(U7+W7) -> 8034.5 | Z7: =SUM(V7+X7) -> 22166.667 | AA7: leichter Regenschauer | AB7: 7 | AC7: °C
A8: =SUM(A7+1) -> 4 | B8: Do | C8: 6812.1 | D8: 9666.6667 | E8: 7.5 | F8: 1333.3333 | G8: 26 | H8: 333.33333 | I8: 0 | K8: 1363.3 | M8: =K8+L8 -> 1363.3 | N8: 3333.3333 | O8: 515.7 | P8: 4692 | Q8: =O8+P8 -> 5207.7 | R8: 2000 | S8: 7486.4 | T8: 5433.3333 | U8: =C8+E8+G8+I8+M8+Q8+S8 -> 20903 | V8: =D8+F8+H8+J8+N8+R8+T8 -> 22100 | X8: 66.66666 | Y8: =SUM(U8+W8) -> 20903 | Z8: =SUM(V8+X8) -> 22166.667 | AA8: trocken, etwas Regenschauer | AB8: 13 | AC8: °C
A9: =SUM(A8+1) -> 5 | B9: Fr | C9: 11358.3 | D9: 9666.6667 | E9: 3702.2 | F9: 1333.3333 | G9: 745.1 | H9: 333.33333 | I9: 0 | K9: 0 | M9: =K9+L9 -> 0 | N9: 3333.3333 | O9: 400 | P9: 2454 | Q9: =O9+P9 -> 2854 | R9: 2000 | S9: 7520.8 | T9: 5433.3333 | U9: =C9+E9+G9+I9+M9+Q9+S9 -> 26180.4 | V9: =D9+F9+H9+J9+N9+R9+T9 -> 22100 | X9: 66.66666 | Y9: =SUM(U9+W9) -> 26180.4 | Z9: =SUM(V9+X9) -> 22166.667 | AA9: sonnig | AB9: 21 | AC9: °C
A10: =SUM(A9+1) -> 6 | B10: Sa | C10: 7388.3 | D10: 9666.6667 | E10: 12281.9 | F10: 1333.3333 | G10: 1616.8 | H10: 333.33333 | I10: 0 | K10: 28002 | M10: =K10+L10 -> 28002 | N10: 3333.3333 | O10: 2429.7 | P10: 0 | Q10: =O10+P10 -> 2429.7 | R10: 2000 | S10: 10950.2 | T10: 5433.3333 | U10: =C10+E10+G10+I10+M10+Q10+S10 -> 62668.9 | V10: =D10+F10+H10+J10+N10+R10+T10 -> 22100 | X10: 66.66666 | Y10: =SUM(U10+W10) -> 62668.9 | Z10: =SUM(V10+X10) -> 22166.667 | AA10: sonnig | AB10: 22 | AC10: °C
A11: =SUM(A10+1) -> 7 | B11: So | C11: 8195.3 | D11: 9666.6667 | E11: 7862.1 | F11: 1333.3333 | G11: 845.8 | H11: 333.33333 | I11: 0 | K11: 23515.7 | M11: =K11+L11 -> 23515.7 | N11: 3333.3333 | O11: 0 | P11: 0 | Q11: =O11+P11 -> 0 | R11: 2000 | S11: 3612.4 | T11: 5433.3333 | U11: =C11+E11+G11+I11+M11+Q11+S11 -> 44031.3 | V11: =D11+F11+H11+J11+N11+R11+T11 -> 22100 | X11: 66.66666 | Y11: =SUM(U11+W11) -> 44031.3 | Z11: =SUM(V11+X11) -> 22166.667 | AA11: hohe Wolkenfelder | AB11: 23 | AC11: °C | AD11: Weisser Sonntag
A12: KW | B12: 14 | C12: =SUM(C5:C11) -> 57706.35 | D12: =SUM(D5:D11) -> 67666.667 | E12: =SUM(E5:E11) -> 23927.3 | F12: =SUM(F5:F11) -> 9333.3333 | G12: =SUM(G5:G11) -> 3607.2 | H12: =SUM(H5:H11) -> 2333.3333 | I12: =SUM(I5:I11) -> 0 | J12: =SUM(J5:J11) -> 0 | ... Z12: =SUM(Z5:Z11) -> 155166.67 | AA12: Ø Temp | AB12: =SUM(AB5:AB11)/7 -> 15.571429 | AC12: °C
A13: =SUM(A11+1) -> 8 | B13: Mo | C13: 3041 | D13: 9666.6667 | E13: 4745.3 | F13: 1333.3333 | G13: 571.7 | H13: 333.33333 | I13: 0 | K13: 0 | M13: =K13+L13 -> 0 | N13: 3333.3333 | O13: 34 | P13: 1339 | Q13: =O13+P13 -> 1373 | R13: 2000 | S13: 2935.8 | T13: 5433.3333 | U13: =C13+E13+G13+I13+M13+Q13+S13 -> 12666.8 | V13: =D13+F13+H13+J13+N13+R13+T13 -> 22100 | X13: 66.66666 | Y13: =SUM(U13+W13) -> 12666.8 | Z13: =SUM(V13+X13) -> 22166.667 | AA13: bedeckt | AB13: 21 | AC13: °C
A14: =SUM(A13+1) -> 9 | B14: Di | C14: 5740.1 | D14: 9666.6667 | E14: 0 | F14: 1333.3333 | G14: 11.1 | H14: 333.33333 | I14: 0 | K14: 2980.2 | M14: =K14+L14 -> 2980.2 | N14: 3333.3333 | O14: -1758.7 | P14: 1640 | Q14: =O14+P14 -> -118.7 | R14: 2000 | S14: 5467 | T14: 5433.3333 | U14: =C14+E14+G14+I14+M14+Q14+S14 -> 14079.7 | V14: =D14+F14+H14+J14+N14+R14+T14 -> 22100 | W14: 0 | X14: 66.66666 | Y14: =SUM(U14+W14) -> 14079.7 | Z14: =SUM(V14+X14) -> 22166.667 | AA14: bedeckt, windig, regen | AB14: 5 | AC14: °C
A15: =SUM(A14+1) -> 10 | B15: Mi | C15: 10145 | D15: 9666.6667 | E15: 0 | F15: 1333.3333 | G15: 0 | H15: 333.33333 | I15: 0 | K15: -16 | M15: =K15+L15 -> -16 | N15: 3333.3333 | O15: 1524.7 | P15: 2671 | Q15: =O15+P15 -> 4195.7 | R15: 2000 | S15: 7588.9 | T15: 5433.3333 | U15: =C15+E15+G15+I15+M15+Q15+S15 -> 21913.6 | V15: =D15+F15+H15+J15+N15+R15+T15 -> 22100 | W15: 0 | X15: 66.66666 | Y15: =SUM(U15+W15) -> 21913.6 | Z15: =SUM(V15+X15) -> 22166.667 | AA15: bewölkt, Regenschauer | AB15: 10 | AC15: °C
A16: =SUM(A15+1) -> 11 | B16: Do | C16: 9262.6 | D16: 9666.6667 | E16: 3583.2 | F16: 1333.3333 | G16: 328.8 | H16: 333.33333 | I16: 0 | K16: 0 | M16: =K16+L16 -> 0 | N16: 3333.3333 | O16: 1325.9 | P16: 2032 | Q16: =O16+P16 -> 3357.9 | R16: 2000 | S16: 5714.4 | T16: 5433.3333 | U16: =C16+E16+G16+I16+M16+Q16+S16 -> 22246.9 | V16: =D16+F16+H16+J16+N16+R16+T16 -> 22100 | W16: 0 | X16: 66.66666 | Y16: =SUM(U16+W16) -> 22246.9 | Z16: =SUM(V16+X16) -> 22166.667 | AA16: sonnig | AB16: 16 | AC16: °C
A17: =SUM(A16+1) -> 12 | B17: Fr | C17: 8276.3 | D17: 9666.6667 | E17: 9564.1 | F17: 1333.3333 | G17: 729.8 | H17: 333.33333 | I17: 0 | K17: 6106.2 | M17: =K17+L17 -> 6106.2 | N17: 3333.3333 | O17: 1504.3 | P17: 2021 | Q17: =O17+P17 -> 3525.3 | R17: 2000 | S17: 3869.5 | T17: 5433.3333 | U17: =C17+E17+G17+I17+M17+Q17+S17 -> 32071.2 | V17: =D17+F17+H17+J17+N17+R17+T17 -> 22100 | W17: 0 | X17: 66.66666 | Y17: =SUM(U17+W17) -> 32071.2 | Z17: =SUM(V17+X17) -> 22166.667 | AA17: sonnig | AB17: 20 | AC17: °C
A18: =SUM(A17+1) -> 13 | B18: Sa | C18: 8200.4 | D18: 9666.6667 | E18: 12053 | F18: 1333.3333 | G18: 1421.3 | H18: 333.33333 | I18: 0 | K18: 11409 | M18: =K18+L18 -> 11409 | N18: 3333.3333 | O18: 0 | P18: 0 | Q18: =O18+P18 -> 0 | R18: 2000 | S18: 7665.4 | T18: 5433.3333 | U18: =C18+E18+G18+I18+M18+Q18+S18 -> 40749.1 | V18: =D18+F18+H18+J18+N18+R18+T18 -> 22100 | W18: 0 | X18: 66.66666 | Y18: =SUM(U18+W18) -> 40749.1 | Z18: =SUM(V18+X18) -> 22166.667 | AA18: sonnig | AB18: 24 | AC18: °C
A19: =SUM(A18+1) -> 14 | B19: So | C19: 2104.2 | D19: 9666.6667 | E19: 22289 | F19: 1333.3333 | G19: 1923.3 | H19: 333.33333 | I19: 0 | K19: 13775.6 | M19: =K19+L19 -> 13775.6 | N19: 3333.3333 | O19: 0 | P19: 0 | Q19: =O19+P19 -> 0 | R19: 2000 | S19: 3026 | T19: 5433.3333 | U19: =C19+E19+G19+I19+M19+Q19+S19 -> 43118.1 | V19: =D19+F19+H19+J19+N19+R19+T19 -> 22100 | W19: 0 | X19: 66.66666 | Y19: =SUM(U19+W19) -> 43118.1 | Z19: =SUM(V19+X19) -> 22166.667 | AA19: sonnig | AB19: 26 | AC19: °C
A20: KW | B20: =SUM(B12+1) -> 15 | C20: =SUM(C13:C19) -> 46769.6 | D20: =SUM(D13:D19) -> 67666.667 | E20: =SUM(E13:E19) -> 52234.6 | F20: =SUM(F13:F19) -> 9333.3333 | G20: =SUM(G13:G19) -> 4986 | H20: =SUM(H13:H19) -> 2333.3333 | I20: =SUM(I13:I19) -> 0 | J20: =SUM(J13:J19) -> 0 | ... Z20: =SUM(Z13:Z19) -> 155166.67 | AA20: Ø Temp | AB20: =SUM(AB13:AB19)/7 -> 17.428571 | AC20: °C
A21: =SUM(A19+1) -> 15 | B21: Mo | C21: 6701.7 | D21: 9666.6667 | E21: 0 | F21: 1333.3333 | G21: 74 | H21: 333.33333 | I21: 0 | K21: 0 | M21: =K21+L21 -> 0 | N21: 3333.3333 | O21: 375 | P21: 1785.25 | Q21: =O21+P21 -> 2160.25 | R21: 2000 | S21: 5155.4 | T21: 5433.3333 | U21: =C21+E21+G21+I21+M21+Q21+S21 -> 14091.35 | V21: =D21+F21+H21+J21+N21+R21+T21 -> 22100 | W21: 0 | X21: 66.66666 | Y21: =SUM(U21+W21) -> 14091.35 | Z21: =SUM(V21+X21) -> 22166.667 | AA21: Regen, bedeckt | AB21: 18 | AC21: °C
A22: =SUM(A21+1) -> 16 | B22: Di | C22: 6397.2 | D22: 9666.6667 | E22: 0 | F22: 1333.3333 | G22: 19 | H22: 333.33333 | I22: 0 | K22: 836 | M22: =K22+L22 -> 836 | N22: 3333.3333 | O22: 1310.3 | P22: 5317.25 | Q22: =O22+P22 -> 6627.55 | R22: 2000 | S22: 7522.6 | T22: 5433.3333 | U22: =C22+E22+G22+I22+M22+Q22+S22 -> 21402.35 | V22: =D22+F22+H22+J22+N22+R22+T22 -> 22100 | W22: 0 | X22: 66.66666 | Y22: =SUM(U22+W22) -> 21402.35 | Z22: =SUM(V22+X22) -> 22166.667 | AA22: bewölkt, Regenschauer | AB22: 11 | AC22: °C
A23: =SUM(A22+1) -> 17 | B23: Mi | C23: 5245.1 | D23: 9666.6667 | E23: 0 | F23: 1333.3333 | G23: 0 | H23: 333.33333 | I23: 0 | K23: 0 | M23: =K23+L23 -> 0 | N23: 3333.3333 | O23: 2811 | P23: 8259 | Q23: =O23+P23 -> 11070 | R23: 2000 | S23: 7523.2 | T23: 5433.3333 | U23: =C23+E23+G23+I23+M23+Q23+S23 -> 23838.3 | V23: =D23+F23+H23+J23+N23+R23+T23 -> 22100 | W23: 0 | X23: 66.66666 | Y23: =SUM(U23+W23) -> 23838.3 | Z23: =SUM(V23+X23) -> 22166.667 | AA23: Regenschauer, bedeckt | AB23: 8 | AC23: °C
A24: =SUM(A23+1) -> 18 | B24: Do | C24: 5984.3 | D24: 9666.6667 | E24: 0 | F24: 1333.3333 | G24: 0 | H24: 333.33333 | I24: 0 | K24: 455 | M24: =K24+L24 -> 455 | N24: 3333.3333 | O24: 2221.6 | P24: 6958 | Q24: =O24+P24 -> 9179.6 | R24: 2000 | S24: 5042.7 | T24: 5433.3333 | U24: =C24+E24+G24+I24+M24+Q24+S24 -> 20661.6 | V24: =D24+F24+H24+J24+N24+R24+T24 -> 22100 | W24: 0 | X24: 66.66666 | Y24: =SUM(U24+W24) -> 20661.6 | Z24: =SUM(V24+X24) -> 22166.667 | AA24: Schnee, Regenschauer | AB24: 5 | AC24: °C
A25: =SUM(A24+1) -> 19 | B25: Fr | C25: 10494.3 | D25: 9666.6667 | E25: 0 | F25: 1333.3333 | G25: 0 | H25: 333.33333 | I25: 0 | K25: 12863.7 | M25: =K25+L25 -> 12863.7 | N25: 3333.3333 | O25: -183 | P25: 2484 | Q25: =O25+P25 -> 2301 | R25: 2000 | S25: 5837.8 | T25: 5433.3333 | U25: =C25+E25+G25+I25+M25+Q25+S25 -> 31496.8 | V25: =D25+F25+H25+J25+N25+R25+T25 -> 22100 | W25: 0 | X25: 66.66666 | Y25: =SUM(U25+W25) -> 31496.8 | Z25: =SUM(V25+X25) -> 22166.667 | AA25: Regenschauer, trockene Abschnitte | AB25: 7 | AC25: °C
A26: =SUM(A25+1) -> 20 | B26: Sa | C26: 14499.3 | D26: 9666.6667 | E26: 0 | F26: 1333.3333 | G26: 23.6 | H26: 333.33333 | I26: 0 | K26: 12735 | M26: =K26+L26 -> 12735 | N26: 3333.3333 | O26: 128 | P26: 0 | Q26: =O26+P26 -> 128 | R26: 2000 | S26: 8498.4 | T26: 5433.3333 | U26: =C26+E26+G26+I26+M26+Q26+S26 -> 35884.3 | V26: =D26+F26+H26+J26+N26+R26+T26 -> 22100 | W26: 0 | X26: 66.66666 | Y26: =SUM(U26+W26) -> 35884.3 | Z26: =SUM(V26+X26) -> 22166.667 | AA26: leichter Regenschauer | AB26: 5 | AC26: °C
A27: =SUM(A26+1) -> 21 | B27: So | C27: 16232.2 | D27: 9666.6667 | E27: 0 | F27: 1333.3333 | G27: 0 | H27: 333.33333 | I27: 0 | K27: 6367 | M27: =K27+L27 -> 6367 | N27: 3333.3333 | O27: 370 | P27: 0 | Q27: =O27+P27 -> 370 | R27: 2000 | S27: 6232.1 | T27: 5433.3333 | U27: =C27+E27+G27+I27+M27+Q27+S27 -> 29201.3 | V27: =D27+F27+H27+J27+N27+R27+T27 -> 22100 | W27: 0 | X27: 66.66666 | Y27: =SUM(U27+W27) -> 29201.3 | Z27: =SUM(V27+X27) -> 22166.667 | AA27: Schnee, Regenschauer | AB27: 4 | AC27: °C
A28: KW | B28: =SUM(B20+1) -> 16 | C28: =SUM(C21:C27) -> 65554.1 | D28: =SUM(D21:D27) -> 67666.667 | E28: =SUM(E21:E27) -> 0 | F28: =SUM(F21:F27) -> 9333.3333 | G28: =SUM(G21:G27) -> 116.6 | H28: =SUM(H21:H27) -> 2333.3333 | I28: =SUM(I21:I27) -> 0 | J28: =SUM(J21:J27) -> 0 | ... Z28: =SUM(Z21:Z27) -> 155166.67 | AA28: Ø Temp | AB28: =SUM(AB21:AB27)/7 -> 8.2857143 | AC28: °C
A29: =SUM(A27+1) -> 22 | B29: Mo | C29: 5031 | D29: 9666.6667 | E29: 0 | F29: 1333.3333 | G29: 0 | H29: 333.33333 | I29: 0 | K29: 660 | M29: =K29+L29 -> 660 | N29: 3333.3333 | O29: 2344.6 | P29: 5326 | Q29: =O29+P29 -> 7670.6 | R29: 2000 | S29: 5664.6 | T29: 5433.3333 | U29: =C29+E29+G29+I29+M29+Q29+S29 -> 19026.2 | V29: =D29+F29+H29+J29+N29+R29+T29 -> 22100 | W29: 0 | X29: 66.66666 | Y29: =SUM(U29+W29) -> 19026.2 | Z29: =SUM(V29+X29) -> 22166.667 | AA29: Regen-oder Schneeschauer | AB29: 4 | AC29: °C
A30: =SUM(A29+1) -> 23 | B30: Di | C30: 7178.9 | D30: 9666.6667 | E30: 0 | F30: 1333.3333 | G30: 0 | H30: 333.33333 | I30: 0 | K30: 0 | M30: =K30+L30 -> 0 | N30: 3333.3333 | O30: 571.3 | P30: 6098 | Q30: =O30+P30 -> 6669.3 | R30: 2000 | S30: 5418.6 | T30: 5433.3333 | U30: =C30+E30+G30+I30+M30+Q30+S30 -> 19266.8 | V30: =D30+F30+H30+J30+N30+R30+T30 -> 22100 | W30: 0 | X30: 66.66666 | Y30: =SUM(U30+W30) -> 19266.8 | Z30: =SUM(V30+X30) -> 22166.667 | AA30: starker Regen- oder Schneeschauer mit trockenen Abschnitten | AB30: 5 | AC30: °C
A31: =SUM(A30+1) -> 24 | B31: Mi | C31: 6169.9 | D31: 9666.6667 | E31: 0 | F31: 1333.3333 | G31: 0 | H31: 333.33333 | I31: 0 | K31: 0 | M31: =K31+L31 -> 0 | N31: 3333.3333 | O31: 737 | P31: 8100 | Q31: =O31+P31 -> 8837 | R31: 2000 | S31: 4776.1 | T31: 5433.3333 | U31: =C31+E31+G31+I31+M31+Q31+S31 -> 19783 | V31: =D31+F31+H31+J31+N31+R31+T31 -> 22100 | W31: 0 | X31: 66.66666 | Y31: =SUM(U31+W31) -> 19783 | Z31: =SUM(V31+X31) -> 22166.667 | AA31: Regenschauer, sonnig | AB31: 7 | AC31: °C
A32: =SUM(A31+1) -> 25 | B32: Do | C32: 7551.6 | D32: 9666.6667 | E32: 0 | F32: 1333.3333 | G32: 0 | H32: 333.33333 | I32: 0 | K32: 0 | M32: =K32+L32 -> 0 | N32: 3333.3333 | O32: 2501 | P32: 4003 | Q32: =O32+P32 -> 6504 | R32: 2000 | S32: 3366.9 | T32: 5433.3333 | U32: =C32+E32+G32+I32+M32+Q32+S32 -> 17422.5 | V32: =D32+F32+H32+J32+N32+R32+T32 -> 22100 | W32: 0 | X32: 66.66666 | Y32: =SUM(U32+W32) -> 17422.5 | Z32: =SUM(V32+X32) -> 22166.667 | AA32: bedeckt, Regenschauer | AB32: 10 | AC32: °C
A33: =SUM(A32+1) -> 26 | B33: Fr | C33: 9580 | D33: 9666.6667 | E33: 320.3 | F33: 1333.3333 | G33: 248 | H33: 333.33333 | I33: 0 | K33: 4304.9 | M33: =K33+L33 -> 4304.9 | N33: 3333.3333 | O33: 390.9 | P33: 580 | Q33: =O33+P33 -> 970.9 | R33: 2000 | S33: 3831.8 | T33: 5433.3333 | U33: =C33+E33+G33+I33+M33+Q33+S33 -> 19255.9 | V33: =D33+F33+H33+J33+N33+R33+T33 -> 22100 | W33: 0 | X33: 66.66666 | Y33: =SUM(U33+W33) -> 19255.9 | Z33: =SUM(V33+X33) -> 22166.667 | AA33: bedeckt, Regenschauer | AB33: 13 | AC33: °C
A34: =SUM(A33+1) -> 27 | B34: Sa | C34: 17342.3 | D34: 9666.6667 | E34: 4762.1 | F34: 1333.3333 | G34: 947.2 | H34: 333.33333 | I34: 0 | K34: 17155.3 | M34: =K34+L34 -> 17155.3 | N34: 3333.3333 | O34: 0 | P34: 0 | Q34: =O34+P34 -> 0 | R34: 2000 | S34: 8322.4 | T34: 5433.3333 | U34: =C34+E34+G34+I34+M34+Q34+S34 -> 48529.3 | V34: =D34+F34+H34+J34+N34+R34+T34 -> 22100 | W34: 0 | X34: 66.66666 | Y34: =SUM(U34+W34) -> 48529.3 | Z34: =SUM(V34+X34) -> 22166.667 | AA34: sonnig | AB34: 18 | AC34: °C
A35: =SUM(A34+1) -> 28 | B35: So | C35: 18598 | D35: 9666.6667 | E35: 1272.3 | F35: 1333.3333 | G35: 580.1 | H35: 333.33333 | I35: 0 | K35: 5597.2 | M35: =K35+L35 -> 5597.2 | N35: 3333.3333 | O35: 1900 | P35: 0 | Q35: =O35+P35 -> 1900 | R35: 2000 | S35: 2214.1 | T35: 5433.3333 | U35: =C35+E35+G35+I35+M35+Q35+S35 -> 30161.7 | V35: =D35+F35+H35+J35+N35+R35+T35 -> 22100 | W35: 0 | X35: 66.66666 | Y35: =SUM(U35+W35) -> 30161.7 | Z35: =SUM(V35+X35) -> 22166.667 | AA35: bedeckt | AB35: 13 | AC35: °C
A36: KW | B36: =SUM(B28+1) -> 17 | C36: =SUM(C29:C35) -> 71451.7 | D36: =SUM(D29:D35) -> 67666.667 | E36: =SUM(E29:E35) -> 6354.7 | F36: =SUM(F29:F35) -> 9333.3333 | G36: =SUM(G29:G35) -> 1775.3 | H36: =SUM(H29:H35) -> 2333.3333 | I36: =SUM(I29:I35) -> 0 | J36: =SUM(J29:J35) -> 0 | ... Z36: =SUM(Z29:Z35) -> 155166.67 | AA36: Ø Temp | AB36: =SUM(AB29:AB35)/7 -> 10 | AC36: °C
A37: =SUM(A35+1) -> 29 | B37: Mo | C37: 4812 | D37: 9666.6667 | E37: 3127.5 | F37: 1333.3333 | G37: 930.5 | H37: 333.33333 | I37: 0 | K37: 0 | M37: =K37+L37 -> 0 | N37: 3333.3333 | O37: 608.8 | P37: 2495 | Q37: =O37+P37 -> 3103.8 | R37: 2000 | S37: 3264.3 | T37: 5433.3333 | U37: =C37+E37+G37+I37+M37+Q37+S37 -> 15238.1 | V37: =D37+F37+H37+J37+N37+R37+T37 -> 22100 | W37: 0 | X37: 66.66666 | Y37: =SUM(U37+W37) -> 15238.1 | Z37: =SUM(V37+X37) -> 22166.667 | AA37: bewölkt | AB37: 19 | AC37: °C
A38: =SUM(A37+1) -> 30 | B38: Di | C38: 4486.3 | D38: 9666.6667 | E38: 7472 | F38: 1333.3333 | G38: 773 | H38: 333.33333 | I38: 0 | K38: 3772 | M38: =K38+L38 -> 3772 | N38: 3333.3333 | O38: -1810 | P38: 2504 | Q38: =O38+P38 -> 694 | R38: 2000 | S38: 4207.9 | T38: 5433.3333 | U38: =C38+E38+G38+I38+M38+Q38+S38 -> 21405.2 | V38: =D38+F38+H38+J38+N38+R38+T38 -> 22100 | W38: 0 | X38: 66.66666 | Y38: =SUM(U38+W38) -> 21405.2 | Z38: =SUM(V38+X38) -> 22166.667 | AA38: hohe Wolkenfelder | AB38: 23 | AC38: °C
A39: KW | B39: =SUM(B36+1) -> 18 | C39: =SUM(C37:C38) -> 9298.3 | D39: =SUM(D37:D38) -> 19333.333 | E39: =SUM(E37:E38) -> 10599.5 | F39: =SUM(F37:F38) -> 2666.6667 | G39: =SUM(G37:G38) -> 1703.5 | H39: =SUM(H37:H38) -> 666.66667 | I39: =SUM(I37:I38) -> 0 | J39: =SUM(J37:J38) -> 0 | ... Z39: =SUM(Z37:Z38) -> 44333.333 | AA39: Ø Temp | AB39: =SUM(AB37:AB38)/5 -> 8.4 | AC39: °C
A40: Umsatz kumuliert | C40: =SUM(C12+C20+C28+C36+C39) -> 250780.05 | D40: =SUM(D12+D20+D28+D36+D39) -> 290000 | E40: =SUM(E12+E20+E28+E36+E39) -> 93116.1 | F40: =SUM(F12+F20+F28+F36+F39) -> 40000 | G40: =SUM(G12+G20+G28+G36+G39) -> 12188.6 | H40: =SUM(H12+H20+H28+H36+H39) -> 10000 | I40: =SUM(I12+I20+I28+I36+I39) -> 0 | J40: =SUM(J12+J20+J28+J36+J39) -> 0 | ... Z40: =SUM(Z12+Z20+Z28+Z36+Z39) -> 665000 | AA40: Umsatz kumuliert
A41: Umsatz pro Tag | C41: =C40/30 -> 8359.335 | D41: =D40/30 -> 9666.6667 | E41: =E40/30 -> 3103.87 | F41: =F40/30 -> 1333.3333 | G41: =G40/30 -> 406.28667 | H41: =H40/30 -> 333.33333 | I41: =I40/30 -> 0 | J41: =J40/30 -> 0 | ... O41: =O40/30 -> 675.07 | R41: =R40/30 -> 2000 | S41: =S40/30 -> 5320.46 | T41: =T40/30 -> 5433.3333 | U41: =U40/30 -> 25288.718 | V41: =V40/30 -> 22100 | W41: =W40/30 -> 0 | X41: =X40/30 -> 66.66666 | Y41: =Y40/30 -> 25288.718 | Z41: =Z40/30 -> 22166.667 | AA41: Budget pro Tag
A42: Diff. zu Budget | C42: =SUM(C40-D40) -> -39219.95 | E42: =SUM(E40-F40) -> 53116.1 | G42: =SUM(G40-H40) -> 2188.6 | I42: =SUM(I40-J40) -> 0 | M42: =SUM(M40-N40) -> 51952.4 | Q42: =SUM(Q40-R40) -> 31010.6 | S42: =SUM(S40-T40) -> -3386.2 | U42: =SUM(U40-V40) -> 95661.55 | W42: =SUM(W40-X40) -> -1999.9998 | Y42: =SUM(Y40-Z40) -> 93661.551
A43: Index | C43: =SUM(100/D40*C40) -> 86.475879 | E43: =SUM(100/F40*E40) -> 232.79025 | G43: =SUM(100/H40*G40) -> 121.886 | I43: =SUM(100/J40*I40) -> #DIV/0! | M43: =SUM(100/N40*M40) -> 151.9524 | Q43: =SUM(100/R40*Q40) -> 151.68433 | S43: =SUM(100/T40*S40) -> 97.922577 | U43: =SUM(100/V40*U40) -> 114.42859 | W43: =SUM(100/X40*W40) -> 0 | Y43: =SUM(100/Z40*Y40) -> 114.08444

Sheet 05_24
A1: Tagesumsätze | H1: 45413
C3: Restaurant | E3: Terrasse | G3: Lounge | I3: Pavillon | K3: Bankett | O3: Seminar | S3: Hotel | U3: TOTAL Gesamtbetrieb ohne Seebad | W3: Seebad | Y3: TOTAL Gesamtbetrieb mit Seebad | AA3: Info's
C4: IST | D4: Budget | E4: IST | F4: Budget | G4: IST | H4: Budget | I4: IST | J4: Budget | K4: IST/GN | L4: IST/ET | M4: TOTAL IST | N4: Budget | O4: IST/GN | P4: IST/ET | Q4: TOTAL IST | R4: Budget | S4: IST | T4: Budget | U4: IST | V4: Budget | W4: IST | X4: Budget | Y4: IST | Z4: Budget | AA4: Wetter | AB4: Temp. | AD4: Bemerkung
A5: 1 | B5: Mi | C5: 8746.1 | D5: 8064.5161 | E5: 9649.2 | F5: 6451.6129 | G5: 1016.5 | H5: 548.3871 | I5: 0 | J5: 483.87097 | K5: 1399.3 | M5: =K5+L5 -> 1399.3 | N5: 5483.871 | O5: 81.9 | P5: 0 | Q5: =O5+P5 -> 81.9 | R5: 3548.3871 | S5: 3748.9 | T5: 6361.2903 | U5: =SUM(C5+E5+G5+I5+M5+Q5+S5) -> 24641.9 | V5: =SUM(D5+F5+H5+J5+N5+R5+T5) -> 30941.935 | X5: 645.16129 | Y5: =SUM(U5+W5) -> 24641.9 | Z5: =SUM(V5+X5) -> 31587.097 | AA5: sonnig | AB5: 18 | AC5: °C
A6: =SUM(A5+1) -> 2 | B6: Do | C6: 10320.8 | D6: 8064.5161 | E6: 687.9 | F6: 6451.6129 | G6: 133.4 | H6: 548.3871 | J6: 483.87097 | K6: 2760.2 | M6: =K6+L6 -> 2760.2 | N6: 5483.871 | O6: 6 | P6: 1619 | Q6: =O6+P6 -> 1625 | R6: 3548.3871 | S6: 6161.3 | T6: 6361.2903 | U6: =SUM(C6+E6+G6+I6+M6+Q6+S6) -> 21688.6 | V6: =SUM(D6+F6+H6+J6+N6+R6+T6) -> 30941.935 | X6: 645.16129 | Y6: =SUM(U6+W6) -> 21688.6 | Z6: =SUM(V6+X6) -> 31587.097 | AA6: bedeckt | AB6: 15 | AC6: °C
A7: =SUM(A6+1) -> 3 | B7: Fr | C7: 9698.2 | D7: 8064.5161 | E7: -98.4 | F7: 6451.6129 | G7: 84.1 | H7: 548.3871 | I7: 0 | J7: 483.87097 | K7: -560.2 | M7: =K7+L7 -> -560.2 | N7: 5483.871 | O7: 2809.1 | P7: 1112 | Q7: =O7+P7 -> 3921.1 | R7: 3548.3871 | S7: 3762.7 | T7: 6361.2903 | U7: =SUM(C7+E7+G7+I7+M7+Q7+S7) -> 16807.5 | V7: =SUM(D7+F7+H7+J7+N7+R7+T7) -> 30941.935 | X7: 645.16129 | Y7: =SUM(U7+W7) -> 16807.5 | Z7: =SUM(V7+X7) -> 31587.097 | AA7: bedeckt | AB7: 11 | AC7: °C
A8: =SUM(A7+1) -> 4 | B8: Sa | C8: 13803 | D8: 8064.5161 | E8: 4218.9 | F8: 6451.6129 | G8: 560.3 | H8: 548.3871 | I8: 6150 | J8: 483.87097 | K8: 27936 | M8: =K8+L8 -> 27936 | N8: 5483.871 | O8: 0 | P8: 0 | Q8: =O8+P8 -> 0 | R8: 3548.3871 | S8: 9144.3 | T8: 6361.2903 | U8: =SUM(C8+E8+G8+I8+M8+Q8+S8) -> 61812.5 | V8: =SUM(D8+F8+H8+J8+N8+R8+T8) -> 30941.935 | X8: 645.16129 | Y8: =SUM(U8+W8) -> 61812.5 | Z8: =SUM(V8+X8) -> 31587.097 | AA8: sonnig | AB8: 20 | AC8: °C
A9: =SUM(A8+1) -> 5 | B9: So | C9: 9959.8 | D9: 8064.5161 | E9: 3563.8 | F9: 6451.6129 | G9: 983.8 | H9: 548.3871 | I9: -126 | J9: 483.87097 | K9: 12028.3 | M9: =K9+L9 -> 12028.3 | N9: 5483.871 | O9: 0 | P9: 0 | Q9: =O9+P9 -> 0 | R9: 3548.3871 | S9: 2831.7 | T9: 6361.2903 | U9: =SUM(C9+E9+G9+I9+M9+Q9+S9) -> 29241.4 | V9: =SUM(D9+F9+H9+J9+N9+R9+T9) -> 30941.935 | X9: 645.16129 | Y9: =SUM(U9+W9) -> 29241.4 | Z9: =SUM(V9+X9) -> 31587.097 | AA9: regen, bedeckt | AB9: 17 | AC9: °C
A10: KW | B10: 18 | C10: =SUM(C5:C9) -> 52527.9 | D10: =SUM(D5:D9) -> 40322.581 | E10: =SUM(E5:E9) -> 18021.4 | F10: =SUM(F5:F9) -> 32258.065 | G10: =SUM(G5:G9) -> 2778.1 | H10: =SUM(H5:H9) -> 2741.9355 | I10: =SUM(I5:I9) -> 6024 | J10: =SUM(J5:J9) -> 2419.3548 | ... Z10: =SUM(Z5:Z9) -> 157935.48 | AA10: Ø Temp | AB10: =SUM(AB5:AB9)/7 -> 11.571429 | AC10: °C
A11: =SUM(A9+1) -> 6 | B11: Mo | C11: 5164.2 | D11: 8064.5161 | E11: 0 | F11: 6451.6129 | G11: 0 | H11: 548.3871 | I11: 0 | J11: 483.87097 | K11: 3643.8 | M11: =K11+L11 -> 3643.8 | N11: 5483.871 | O11: 934.6 | P11: 4022 | Q11: =O11+P11 -> 4956.6 | R11: 3548.3871 | S11: 5059.5 | T11: 6361.2903 | U11: =SUM(C11+E11+G11+I11+M11+Q11+S11) -> 18824.1 | V11: =SUM(D11+F11+H11+J11+N11+R11+T11) -> 30941.935 | X11: 645.16129 | Y11: =SUM(U11+W11) -> 18824.1 | Z11: =SUM(V11+X11) -> 31587.097 | AA11: regen, bedeckt | AB11: 10 | AC11: °C
A12: =SUM(A11+1) -> 7 | B12: Di | C12: 8820.5 | D12: 8064.5161 | E12: 0 | F12: 6451.6129 | G12: 0 | H12: 548.3871 | I12: 0 | J12: 483.87097 | K12: 1779.4 | M12: =K12+L12 -> 1779.4 | N12: 5483.871 | O12: 164.7 | P12: 1665 | Q12: =O12+P12 -> 1829.7 | R12: 3548.3871 | S12: 3978.1 | T12: 6361.2903 | U12: =SUM(C12+E12+G12+I12+M12+Q12+S12) -> 16407.7 | V12: =SUM(D12+F12+H12+J12+N12+R12+T12) -> 30941.935 | X12: 645.16129 | Y12: =SUM(U12+W12) -> 16407.7 | Z12: =SUM(V12+X12) -> 31587.097 | AA12: regen, bedeckt | AB12: 10 | AC12: °C
A13: =SUM(A12+1) -> 8 | B13: Mi | C13: 9129.7 | D13: 8064.5161 | E13: 130 | F13: 6451.6129 | G13: 154.2 | H13: 548.3871 | I13: 0 | J13: 483.87097 | K13: 4068.5 | M13: =K13+L13 -> 4068.5 | N13: 5483.871 | O13: 0 | P13: 0 | Q13: =O13+P13 -> 0 | R13: 3548.3871 | S13: 6897.35 | T13: 6361.2903 | U13: =SUM(C13+E13+G13+I13+M13+Q13+S13) -> 20379.75 | V13: =SUM(D13+F13+H13+J13+N13+R13+T13) -> 30941.935 | X13: 645.16129 | Y13: =SUM(U13+W13) -> 20379.75 | Z13: =SUM(V13+X13) -> 31587.097 | AA13: bedeckt | AB13: 15 | AC13: °C
A14: =SUM(A13+1) -> 9 | B14: Do | C14: 20066.4 | D14: 8064.5161 | E14: 2182.2 | F14: 6451.6129 | G14: 689.6 | H14: 548.3871 | I14: 0 | J14: 483.87097 | K14: 1208.5 | M14: =K14+L14 -> 1208.5 | N14: 5483.871 | O14: 0 | P14: 0 | Q14: =O14+P14 -> 0 | R14: 3548.3871 | S14: 12859.4 | T14: 6361.2903 | U14: =SUM(C14+E14+G14+I14+M14+Q14+S14) -> 37006.1 | V14: =SUM(D14+F14+H14+J14+N14+R14+T14) -> 30941.935 | W14: 614.5 | X14: 645.16129 | Y14: =SUM(U14+W14) -> 37620.6 | Z14: =SUM(V14+X14) -> 31587.097 | AA14: bedeckt, sonnig | AB14: 15 | AC14: °C | AD14: Auffahrt
A15: =SUM(A14+1) -> 10 | B15: Fr | C15: 5007.2 | D15: 8064.5161 | E15: 15294.7 | F15: 6451.6129 | G15: 1149.4 | H15: 548.3871 | J15: 483.87097 | K15: 130 | M15: =K15+L15 -> 130 | N15: 5483.871 | O15: 0 | P15: 0 | Q15: =O15+P15 -> 0 | R15: 3548.3871 | S15: 13948.65 | T15: 6361.2903 | U15: =SUM(C15+E15+G15+I15+M15+Q15+S15) -> 35529.95 | V15: =SUM(D15+F15+H15+J15+N15+R15+T15) -> 30941.935 | W15: 1594.3 | X15: 645.16129 | Y15: =SUM(U15+W15) -> 37124.25 | Z15: =SUM(V15+X15) -> 31587.097 | AA15: sonnig | AB15: 20 | AC15: °C
A16: =SUM(A15+1) -> 11 | B16: Sa | C16: 3237.6 | D16: 8064.5161 | E16: 22200.4 | F16: 6451.6129 | G16: 1504.2 | H16: 548.3871 | I16: 6617.4 | J16: 483.87097 | K16: 16473.6 | M16: =K16+L16 -> 16473.6 | N16: 5483.871 | O16: 0 | P16: 0 | Q16: =O16+P16 -> 0 | R16: 3548.3871 | S16: 12490.5 | T16: 6361.2903 | U16: =SUM(C16+E16+G16+I16+M16+Q16+S16) -> 62523.7 | V16: =SUM(D16+F16+H16+J16+N16+R16+T16) -> 30941.935 | W16: 3040.2 | X16: 645.16129 | Y16: =SUM(U16+W16) -> 65563.9 | Z16: =SUM(V16+X16) -> 31587.097 | AA16: sonnig | AB16: 22 | AC16: °C
A17: =SUM(A16+1) -> 12 | B17: So | C17: 20072.1 | D17: 8064.5161 | E17: 16098.1 | F17: 6451.6129 | G17: 1223.6 | H17: 548.3871 | I17: 0 | J17: 483.87097 | K17: 2087.6 | M17: =K17+L17 -> 2087.6 | N17: 5483.871 | O17: 1400 | P17: 2291 | Q17: =O17+P17 -> 3691 | R17: 3548.3871 | S17: 7356.9 | T17: 6361.2903 | U17: =SUM(C17+E17+G17+I17+M17+Q17+S17) -> 50529.3 | V17: =SUM(D17+F17+H17+J17+N17+R17+T17) -> 30941.935 | W17: 2557.5 | X17: 645.16129 | Y17: =SUM(U17+W17) -> 53086.8 | Z17: =SUM(V17+X17) -> 31587.097 | AA17: sonnig | AB17: 23 | AC17: °C | AD17: Muttertag
A18: KW | B18: =SUM(B10+1) -> 19 | C18: =SUM(C11:C17) -> 71497.7 | D18: =SUM(D11:D17) -> 56451.613 | E18: =SUM(E11:E17) -> 55905.4 | F18: =SUM(F11:F17) -> 45161.29 | G18: =SUM(G11:G17) -> 4721 | H18: =SUM(H11:H17) -> 3838.7097 | I18: =SUM(I11:I17) -> 6617.4 | J18: =SUM(J11:J17) -> 3387.0968 | ... Z18: =SUM(Z11:Z17) -> 221109.68 | AA18: Ø Temp | AB18: =SUM(AB11:AB17)/7 -> 16.428571 | AC18: °C
A19: =SUM(A17+1) -> 13 | B19: Mo | C19: 5271.6 | D19: 8064.5161 | E19: 2961.7 | F19: 6451.6129 | G19: 651.6 | H19: 548.3871 | I19: 0 | J19: 483.87097 | K19: 0 | M19: =K19+L19 -> 0 | N19: 5483.871 | O19: 6 | P19: 4006 | Q19: =O19+P19 -> 4012 | R19: 3548.3871 | S19: 5506.8 | T19: 6361.2903 | U19: =SUM(C19+E19+G19+I19+M19+Q19+S19) -> 18403.7 | V19: =SUM(D19+F19+H19+J19+N19+R19+T19) -> 30941.935 | W19: 0 | X19: 645.16129 | Y19: =SUM(U19+W19) -> 18403.7 | Z19: =SUM(V19+X19) -> 31587.097 | AA19: bedeckt, regen | AB19: 18 | AC19: °C
A20: =SUM(A19+1) -> 14 | B20: Di | C20: 3742.7 | D20: 8064.5161 | E20: 7416.8 | F20: 6451.6129 | G20: 793.6 | H20: 548.3871 | I20: 0 | J20: 483.87097 | K20: 365 | M20: =K20+L20 -> 365 | N20: 5483.871 | O20: 1627.2 | P20: 1724 | Q20: =O20+P20 -> 3351.2 | R20: 3548.3871 | S20: 6945.2 | T20: 6361.2903 | U20: =SUM(C20+E20+G20+I20+M20+Q20+S20) -> 22614.5 | V20: =SUM(D20+F20+H20+J20+N20+R20+T20) -> 30941.935 | W20: 1071.4 | X20: 645.16129 | Y20: =SUM(U20+W20) -> 23685.9 | Z20: =SUM(V20+X20) -> 31587.097 | AA20: sonnig | AB20: 24 | AC20: °C
A21: =SUM(A20+1) -> 15 | B21: Mi | C21: 5933.1 | D21: 8064.5161 | E21: 1439.7 | F21: 6451.6129 | G21: 294.3 | H21: 548.3871 | I21: 2199.8 | J21: 483.87097 | K21: 14344.2 | M21: =K21+L21 -> 14344.2 | N21: 5483.871 | O21: 1770.4 | P21: 3446 | Q21: =O21+P21 -> 5216.4 | R21: 3548.3871 | S21: 5901.7 | T21: 6361.2903 | U21: =SUM(C21+E21+G21+I21+M21+Q21+S21) -> 35329.2 | V21: =SUM(D21+F21+H21+J21+N21+R21+T21) -> 30941.935 | W21: 0 | X21: 645.16129 | Y21: =SUM(U21+W21) -> 35329.2 | Z21: =SUM(V21+X21) -> 31587.097 | AA21: bedeckt, starker regenschauer | AB21: 15 | AC21: °C
A22: =SUM(A21+1) -> 16 | B22: Do | C22: 5262.9 | D22: 8064.5161 | E22: 250.1 | F22: 6451.6129 | G22: 74 | H22: 548.3871 | I22: 0 | J22: 483.87097 | K22: 12561.5 | M22: =K22+L22 -> 12561.5 | N22: 5483.871 | O22: 1358.1 | P22: 10472 | Q22: =O22+P22 -> 11830.1 | R22: 3548.3871 | S22: 3859.7 | T22: 6361.2903 | U22: =SUM(C22+E22+G22+I22+M22+Q22+S22) -> 33838.3 | V22: =SUM(D22+F22+H22+J22+N22+R22+T22) -> 30941.935 | W22: 0 | X22: 645.16129 | Y22: =SUM(U22+W22) -> 33838.3 | Z22: =SUM(V22+X22) -> 31587.097 | AA22: bedeckt, regen | AB22: 17 | AC22: °C
A23: =SUM(A22+1) -> 17 | B23: Fr | C23: 12979.6 | D23: 8064.5161 | E23: 311.7 | F23: 6451.6129 | G23: 681.4 | H23: 548.3871 | I23: 3786 | J23: 483.87097 | K23: 20004.7 | M23: =K23+L23 -> 20004.7 | N23: 5483.871 | O23: -14 | P23: 0 | Q23: =O23+P23 -> -14 | R23: 3548.3871 | S23: 7035.9 | T23: 6361.2903 | U23: =SUM(C23+E23+G23+I23+M23+Q23+S23) -> 44785.3 | V23: =SUM(D23+F23+H23+J23+N23+R23+T23) -> 30941.935 | W23: 0 | X23: 645.16129 | Y23: =SUM(U23+W23) -> 44785.3 | Z23: =SUM(V23+X23) -> 31587.097 | AA23: bedeckt, sonnig | AB23: 20 | AC23: °C
A24: =SUM(A23+1) -> 18 | B24: Sa | C24: 10534.2 | D24: 8064.5161 | E24: 4257.2 | F24: 6451.6129 | G24: 1226.2 | H24: 548.3871 | I24: 4377 | J24: 483.87097 | K24: 16845.2 | M24: =K24+L24 -> 16845.2 | N24: 5483.871 | O24: 0 | P24: 0 | Q24: =O24+P24 -> 0 | R24: 3548.3871 | S24: 11912.8 | T24: 6361.2903 | U24: =SUM(C24+E24+G24+I24+M24+Q24+S24) -> 49152.6 | V24: =SUM(D24+F24+H24+J24+N24+R24+T24) -> 30941.935 | W24: 0 | X24: 645.16129 | Y24: =SUM(U24+W24) -> 49152.6 | Z24: =SUM(V24+X24) -> 31587.097 | AA24: sonnig, abend regen | AB24: 22 | AC24: °C
A25: =SUM(A24+1) -> 19 | B25: So | C25: 8700.1 | D25: 8064.5161 | E25: 11824.9 | F25: 6451.6129 | G25: 1576.5 | H25: 548.3871 | I25: 0 | J25: 483.87097 | K25: 18748.8 | M25: =K25+L25 -> 18748.8 | N25: 5483.871 | O25: 0 | P25: 0 | Q25: =O25+P25 -> 0 | R25: 3548.3871 | S25: 11342.5 | T25: 6361.2903 | U25: =SUM(C25+E25+G25+I25+M25+Q25+S25) -> 52192.8 | V25: =SUM(D25+F25+H25+J25+N25+R25+T25) -> 30941.935 | W25: 706 | X25: 645.16129 | Y25: =SUM(U25+W25) -> 52898.8 | Z25: =SUM(V25+X25) -> 31587.097 | AA25: sonnig, bedeckt | AB25: 22 | AC25: °C | AD25: Pfingsten
A26: KW | B26: =SUM(B18+1) -> 20 | C26: =SUM(C19:C25) -> 52424.2 | D26: =SUM(D19:D25) -> 56451.613 | E26: =SUM(E19:E25) -> 28462.1 | F26: =SUM(F19:F25) -> 45161.29 | G26: =SUM(G19:G25) -> 5297.6 | H26: =SUM(H19:H25) -> 3838.7097 | I26: =SUM(I19:I25) -> 10362.8 | J26: =SUM(J19:J25) -> 3387.0968 | ... Z26: =SUM(Z19:Z25) -> 221109.68 | AA26: Ø Temp | AB26: =SUM(AB19:AB25)/7 -> 19.714286 | AC26: °C
A27: =SUM(A25+1) -> 20 | B27: Mo | C27: 1307.8 | D27: 8064.5161 | E27: 20917.3 | F27: 6451.6129 | G27: 1818.7 | H27: 548.3871 | I27: 0 | J27: 483.87097 | K27: 4458 | M27: =K27+L27 -> 4458 | N27: 5483.871 | O27: 0 | P27: 0 | Q27: =O27+P27 -> 0 | R27: 3548.3871 | S27: 4384.3 | T27: 6361.2903 | U27: =SUM(C27+E27+G27+I27+M27+Q27+S27) -> 32886.1 | V27: =SUM(D27+F27+H27+J27+N27+R27+T27) -> 30941.935 | W27: 2476.4 | X27: 645.16129 | Y27: =SUM(U27+W27) -> 35362.5 | Z27: =SUM(V27+X27) -> 31587.097 | AA27: sonnig, bedeckt | AB27: 23 | AC27: °C | AD27: Pfingstmontag
A28: =SUM(A27+1) -> 21 | B28: Di | C28: 6969.2 | D28: 8064.5161 | E28: -844.6 | F28: 6451.6129 | G28: 75 | H28: 548.3871 | I28: 0 | J28: 483.87097 | K28: 852 | M28: =K28+L28 -> 852 | N28: 5483.871 | O28: 2162.7 | P28: 2032 | Q28: =O28+P28 -> 4194.7 | R28: 3548.3871 | S28: 5237.3 | T28: 6361.2903 | U28: =SUM(C28+E28+G28+I28+M28+Q28+S28) -> 16483.6 | V28: =SUM(D28+F28+H28+J28+N28+R28+T28) -> 30941.935 | W28: 0 | X28: 645.16129 | Y28: =SUM(U28+W28) -> 16483.6 | Z28: =SUM(V28+X28) -> 31587.097 | AA28: bewölkt, regen | AB28: 15 | AC28: °C
A29: =SUM(A28+1) -> 22 | B29: Mi | C29: 4267.1 | D29: 8064.5161 | E29: 202.4 | F29: 6451.6129 | G29: 262.9 | H29: 548.3871 | I29: 0 | J29: 483.87097 | K29: 523.9 | M29: =K29+L29 -> 523.9 | N29: 5483.871 | O29: 964.3 | P29: 8556 | Q29: =O29+P29 -> 9520.3 | R29: 3548.3871 | S29: 6078.7 | T29: 6361.2903 | U29: =SUM(C29+E29+G29+I29+M29+Q29+S29) -> 20855.3 | V29: =SUM(D29+F29+H29+J29+N29+R29+T29) -> 30941.935 | W29: 0 | X29: 645.16129 | Y29: =SUM(U29+W29) -> 20855.3 | Z29: =SUM(V29+X29) -> 31587.097 | AA29: bewölkt | AB29: 18 | AC29: °C
A30: =SUM(A29+1) -> 23 | B30: Do | C30: 6785.3 | D30: 8064.5161 | E30: 0 | F30: 6451.6129 | G30: 39.7 | H30: 548.3871 | I30: 0 | J30: 483.87097 | K30: 305 | M30: =K30+L30 -> 305 | N30: 5483.871 | O30: 6 | P30: 3280 | Q30: =O30+P30 -> 3286 | R30: 3548.3871 | S30: 6351.35 | T30: 6361.2903 | U30: =SUM(C30+E30+G30+I30+M30+Q30+S30) -> 16767.35 | V30: =SUM(D30+F30+H30+J30+N30+R30+T30) -> 30941.935 | W30: 0 | X30: 645.16129 | Y30: =SUM(U30+W30) -> 16767.35 | Z30: =SUM(V30+X30) -> 31587.097 | AA30: regen | AB30: 12 | AC30: °C
A31: =SUM(A30+1) -> 24 | B31: Fr | C31: 10266.5 | D31: 8064.5161 | E31: 1039 | F31: 6451.6129 | G31: 284.3 | H31: 548.3871 | I31: 0 | J31: 483.87097 | K31: 26178.5 | M31: =K31+L31 -> 26178.5 | N31: 5483.871 | O31: 24 | P31: 2680 | Q31: =O31+P31 -> 2704 | R31: 3548.3871 | S31: 11094.25 | T31: 6361.2903 | U31: =SUM(C31+E31+G31+I31+M31+Q31+S31) -> 51566.55 | V31: =SUM(D31+F31+H31+J31+N31+R31+T31) -> 30941.935 | W31: 0 | X31: 645.16129 | Y31: =SUM(U31+W31) -> 51566.55 | Z31: =SUM(V31+X31) -> 31587.097 | AA31: bedeckt, regenschauer | AB31: 12 | AC31: °C
A32: =SUM(A31+1) -> 25 | B32: Sa | C32: 6007.9 | D32: 8064.5161 | E32: 7047 | F32: 6451.6129 | G32: 743.1 | H32: 548.3871 | I32: 2904 | J32: 483.87097 | K32: 26628 | M32: =K32+L32 -> 26628 | N32: 5483.871 | P32: 0 | Q32: =O32+P32 -> 0 | R32: 3548.3871 | S32: 11077.7 | T32: 6361.2903 | U32: =SUM(C32+E32+G32+I32+M32+Q32+S32) -> 54407.7 | V32: =SUM(D32+F32+H32+J32+N32+R32+T32) -> 30941.935 | W32: 0 | X32: 645.16129 | Y32: =SUM(U32+W32) -> 54407.7 | Z32: =SUM(V32+X32) -> 31587.097 | AA32: bedeckt, regenschauer | AB32: 18 | AC32: °C
A33: =SUM(A32+1) -> 26 | B33: So | C33: 6198.5 | D33: 8064.5161 | E33: 14989.6 | F33: 6451.6129 | G33: 959.2 | H33: 548.3871 | I33: 0 | J33: 483.87097 | K33: 15341.9 | M33: =K33+L33 -> 15341.9 | N33: 5483.871 | O33: 0 | P33: 0 | Q33: =O33+P33 -> 0 | R33: 3548.3871 | S33: 4771.8 | T33: 6361.2903 | U33: =SUM(C33+E33+G33+I33+M33+Q33+S33) -> 42261 | V33: =SUM(D33+F33+H33+J33+N33+R33+T33) -> 30941.935 | W33: 1726.7 | X33: 645.16129 | Y33: =SUM(U33+W33) -> 43987.7 | Z33: =SUM(V33+X33) -> 31587.097 | AA33: sonnig | AB33: 23 | AC33: °C
A34: KW | B34: =SUM(B26+1) -> 21 | C34: =SUM(C27:C33) -> 41802.3 | D34: =SUM(D27:D33) -> 56451.613 | E34: =SUM(E27:E33) -> 43350.7 | F34: =SUM(F27:F33) -> 45161.29 | G34: =SUM(G27:G33) -> 4182.9 | H34: =SUM(H27:H33) -> 3838.7097 | I34: =SUM(I27:I33) -> 2904 | J34: =SUM(J27:J33) -> 3387.0968 | ... Z34: =SUM(Z27:Z33) -> 221109.68 | AA34: Ø Temp | AB34: =SUM(AB27:AB33)/7 -> 17.285714 | AC34: °C
A35: =A33+1 -> 27 | B35: Mo | C35: 7839.5 | D35: 8064.5161 | E35: 639.2 | F35: 6451.6129 | G35: 216 | H35: 548.3871 | I35: 0 | J35: 483.87097 | K35: 0 | M35: =K35+L35 -> 0 | N35: 5483.871 | O35: 0 | P35: 0 | Q35: =O35+P35 -> 0 | R35: 3548.3871 | S35: 5055.3 | T35: 6361.2903 | U35: =SUM(C35+E35+G35+I35+M35+Q35+S35) -> 13750 | V35: =SUM(D35+F35+H35+J35+N35+R35+T35) -> 30941.935 | W35: 0 | X35: 645.16129 | Y35: =U35+W35 -> 13750 | Z35: =SUM(V35+X35) -> 31587.097 | AA35: regen, gewitter | AB35: 14 | AC35: °C
A36: =A35+1 -> 28 | B36: Di | C36: 3881.5 | D36: 8064.5161 | E36: 3865 | F36: 6451.6129 | G36: 734.5 | H36: 548.3871 | I36: 0 | J36: 483.87097 | K36: 1128.9 | M36: =K36+L36 -> 1128.9 | N36: 5483.871 | O36: 1539.1 | P36: 8647 | Q36: =O36+P36 -> 10186.1 | R36: 3548.3871 | S36: 7448.6 | T36: 6361.2903 | U36: =SUM(C36+E36+G36+I36+M36+Q36+S36) -> 27244.6 | V36: =SUM(D36+F36+H36+J36+N36+R36+T36) -> 30941.935 | W36: 0 | X36: 645.16129 | Y36: =U36+W36 -> 27244.6 | Z36: =SUM(V36+X36) -> 31587.097 | AA36: bewölkt | AB36: 20 | AC36: °C
A37: =A36+1 -> 29 | B37: Mi. | C37: 11764.7 | D37: 8064.5161 | E37: 771.5 | F37: 6451.6129 | G37: 137.7 | H37: 548.3871 | I37: 0 | J37: 483.87097 | K37: 1737.8 | M37: =K37+L37 -> 1737.8 | N37: 5483.871 | O37: 12 | P37: 3789 | Q37: =O37+P37 -> 3801 | R37: 3548.3871 | S37: 5351.6 | T37: 6361.2903 | U37: =SUM(C37+E37+G37+I37+M37+Q37+S37) -> 23564.3 | V37: =SUM(D37+F37+H37+J37+N37+R37+T37) -> 30941.935 | W37: 0 | X37: 645.16129 | Y37: =U37+W37 -> 23564.3 | Z37: =SUM(V37+X37) -> 31587.097 | AA37: regenschauer | AB37: 13
A38: =A37+1 -> 30 | B38: Do. | C38: 9872.5 | D38: 8064.5161 | E38: 0 | F38: 6451.6129 | G38: 102 | H38: 548.3871 | I38: 0 | J38: 483.87097 | K38: 620 | M38: =K38+L38 -> 620 | N38: 5483.871 | O38: 1756.1 | P38: 3868 | Q38: =O38+P38 -> 5624.1 | R38: 3548.3871 | S38: 6865 | T38: 6361.2903 | U38: =SUM(C38+E38+G38+I38+M38+Q38+S38) -> 23083.6 | V38: =SUM(D38+F38+H38+J38+N38+R38+T38) -> 30941.935 | W38: 0 | X38: 645.16129 | Y38: =U38+W38 -> 23083.6 | Z38: =SUM(V38+X38) -> 31587.097 | AA38: regenschauer | AB38: 13 | AD38: Fronleichnam
A39: =A38+1 -> 31 | B39: Fr. | C39: 10476 | D39: 8064.5161 | E39: 0 | F39: 6451.6129 | G39: 0 | H39: 548.3871 | I39: 0 | J39: 483.87097 | K39: 26564.7 | M39: =K39+L39 -> 26564.7 | N39: 5483.871 | O39: 6 | P39: 1248 | Q39: =O39+P39 -> 1254 | R39: 3548.3871 | S39: 7620.4 | T39: 6361.2903 | U39: =SUM(C39+E39+G39+I39+M39+Q39+S39) -> 45915.1 | V39: =SUM(D39+F39+H39+J39+N39+R39+T39) -> 30941.935 | W39: 0 | X39: 645.16129 | Y39: =U39+W39 -> 45915.1 | Z39: =SUM(V39+X39) -> 31587.097 | AA39: regen | AB39: 9 | AC39: °C
A40: KW | B40: =SUM(B34+1) -> 22 | C40: =SUM(C35:C39) -> 43834.2 | D40: =SUM(D35:D39) -> 40322.581 | E40: =SUM(E35:E39) -> 5275.7 | F40: =SUM(F35:F39) -> 32258.065 | G40: =SUM(G35:G39) -> 1190.2 | H40: =SUM(H35:H39) -> 2741.9355 | I40: =SUM(I35:I39) -> 0 | J40: =SUM(J35:J39) -> 2419.3548 | ... Z40: =SUM(Z35:Z39) -> 157935.48 | AA40: Ø Temp | AB40: 0 | AC40: °C
A41: Umsatz kumuliert | C41: =C10+C18+C26+C34+C40 -> 262086.3 | D41: =D10+D18+D26+D34+D40 -> 250000 | E41: =E10+E18+E26+E34+E40 -> 151015.3 | F41: =F10+F18+F26+F34+F40 -> 200000 | G41: =G10+G18+G26+G34+G40 -> 18169.8 | H41: =H10+H18+H26+H34+H40 -> 17000 | I41: =I10+I18+I26+I34+I40 -> 25908.2 | J41: =J10+J18+J26+J34+J40 -> 15000 | ... Z41: =Z10+Z18+Z26+Z34+Z40 -> 979200 | AA41: Umsatz kumuliert
A42: Umsatz pro Tag | C42: =C41/31 -> 8454.3968 | D42: =D41/31 -> 8064.5161 | E42: =E41/31 -> 4871.4613 | F42: =F41/31 -> 6451.6129 | G42: =G41/31 -> 586.12258 | H42: =H41/31 -> 548.3871 | I42: =I41/31 -> 835.74839 | J42: =J41/31 -> 483.87097 | K42: =K41/31 -> 8392.3581 | N42: =N41/31 -> 5483.871 | O42: =O41/31 -> 535.94194 | R42: =R41/31 -> 3548.3871 | S42: =S41/31 -> 7163.8774 | T42: =T41/31 -> 6361.2903 | U42: =U41/31 -> 32919.165 | V42: =V41/31 -> 30941.935 | W42: =W41/31 -> 444.74194 | X42: =X41/31 -> 645.16129 | Y42: =Y41/31 -> 33363.906 | Z42: =Z41/31 -> 31587.097 | AA42: Budget pro Tag
A43: Diff. zu Budget | C43: =SUM(C41-D41) -> 12086.3 | E43: =SUM(E41-F41) -> -48984.7 | G43: =SUM(G41-H41) -> 1169.8 | I43: =SUM(I41-J41) -> 10908.2 | M43: =SUM(M41-N41) -> 90163.1 | Q43: =SUM(Q41-R41) -> -28928.8 | S43: =SUM(S41-T41) -> 24880.2 | U43: =SUM(U41-V41) -> 61294.1 | W43: =SUM(W41-X41) -> -6213 | Y43: =SUM(Y41-Z41) -> 55081.1
A44: Index | C44: =SUM(100/D41*C41) -> 104.83452 | E44: =SUM(100/F41*E41) -> 75.50765 | G44: =SUM(100/H41*G41) -> 106.88118 | I44: =SUM(100/J41*I41) -> 172.72133 | M44: =SUM(100/N41*M41) -> 153.03712 | Q44: =SUM(100/R41*Q41) -> 73.701091 | S44: =SUM(100/T41*S41) -> 112.61673 | U44: =SUM(100/V41*U41) -> 106.39013 | W44: =SUM(100/X41*W41) -> 68.935 | Y44: =SUM(100/Z41*Y41) -> 105.62511

Sheet 06_24
A1: Tagesumsätze | H1: 45444
C3: Restaurant | E3: Terrasse | G3: Lounge | I3: Pavillon | K3: Bankett | O3: Seminar | S3: Hotel | U3: TOTAL Gesamtbetrieb ohne Seebad | W3: Seebad | Y3: TOTAL Gesamtbetrieb mit Seebad | AA3: Info's
C4: IST | D4: Budget | E4: IST | F4: Budget | G4: IST | H4: Budget | I4: IST | J4: Budget | K4: IST/GN | L4: IST/ET | M4: TOTAL IST | N4: Budget | O4: IST/GN | P4: IST/ET | Q4: TOTAL IST | R4: Budget | S4: IST | T4: Budget | U4: IST | V4: Budget | W4: IST | X4: Budget | Y4: IST | Z4: Budget | AA4: Wetter | AB4: Temp. | AD4: Bemerkung
A5: 1 | B5: Sa | C5: 14425.4 | D5: 4000 | E5: 911.1 | F5: 13333.333 | G5: 588.3 | H5: 733.33333 | I5: 0 | J5: 933.33333 | K5: 18694.7 | M5: =K5+L5 -> 18694.7 | N5: 6000 | O5: -75.9 | P5: 0 | Q5: =O5+P5 -> -75.9 | R5: 4333.3333 | S5: 9755.6 | T5: 8603.3333 | U5: =SUM(C5+E5+G5+I5+K5+Q5+S5) -> 44299.2 | V5: =SUM(D5+F5+H5+J5+N5+R5+T5) -> 37936.667 | W5: 0 | X5: 2833.3333 | Y5: =SUM(U5+W5) -> 44299.2 | Z5: =SUM(V5+X5) -> 40770 | AA5: bewölkt, Regenschauer | AB5: 18 | AC5: °C
A6: =SUM(A5+1) -> 2 | B6: So | C6: 12356.9 | D6: 4000 | E6: 181.3 | F6: 13333.333 | G6: 487.6 | H6: 733.33333 | I6: 0 | J6: 933.33333 | K6: 5310.4 | M6: =K6+L6 -> 5310.4 | N6: 6000 | O6: 0 | P6: 0 | Q6: =O6+P6 -> 0 | R6: 4333.3333 | S6: 4892.2 | T6: 8603.3333 | U6: =SUM(C6+E6+G6+I6+K6+Q6+S6) -> 23228.4 | V6: =SUM(D6+F6+H6+J6+N6+R6+T6) -> 37936.667 | W6: 0 | X6: 2833.3333 | Y6: =SUM(U6+W6) -> 23228.4 | Z6: =SUM(V6+X6) -> 40770 | AA6: veränderlich | AB6: 18 | AC6: °C
A7: KW | B7: 22 | C7: =SUM(C5:C6) -> 26782.3 | D7: =SUM(D5:D6) -> 8000 | E7: =SUM(E5:E6) -> 1092.4 | F7: =SUM(F5:F6) -> 26666.667 | G7: =SUM(G5:G6) -> 1075.9 | H7: =SUM(H5:H6) -> 1466.6667 | I7: =SUM(I5:I6) -> 0 | J7: =SUM(J5:J6) -> 1866.6667 | ... Z7: =SUM(Z5:Z6) -> 81540 | AA7: Ø Temp | AB7: =SUM(AB5:AB6)/6 -> 6 | AC7: °C
A8: =SUM(A6+1) -> 3 | B8: Mo | C8: 6298.5 | D8: 4000 | E8: 18 | F8: 13333.333 | G8: 0 | H8: 733.33333 | I8: 0 | J8: 933.33333 | K8: 0 | M8: =K8+L8 -> 0 | N8: 6000 | O8: 3830.1 | P8: 6131 | Q8: =O8+P8 -> 9961.1 | R8: 4333.3333 | S8: 8376 | T8: 8603.3333 | U8: =SUM(C8+E8+G8+I8+K8+Q8+S8) -> 24653.6 | V8: =SUM(D8+F8+H8+J8+N8+R8+T8) -> 37936.667 | W8: 0 | X8: 2833.3333 | Y8: =SUM(U8+W8) -> 24653.6 | Z8: =SUM(V8+X8) -> 40770 | AA8: Regen | AB8: 10 | AC8: °C
A9: =SUM(A8+1) -> 4 | B9: Di | C9: 2014 | D9: 4000 | E9: 8327.8 | F9: 13333.333 | G9: 427.8 | H9: 733.33333 | I9: 0 | J9: 933.33333 | K9: 4162.7 | M9: =K9+L9 -> 4162.7 | N9: 6000 | O9: 1951.5 | P9: 4404.2 | Q9: =O9+P9 -> 6355.7 | R9: 4333.3333 | S9: 8626.3 | T9: 8603.3333 | U9: =SUM(C9+E9+G9+I9+K9+Q9+S9) -> 29914.3 | V9: =SUM(D9+F9+H9+J9+N9+R9+T9) -> 37936.667 | W9: 633.7 | X9: 2833.3333 | Y9: =SUM(U9+W9) -> 30548 | Z9: =SUM(V9+X9) -> 40770 | AA9: Hochnebel | AB9: 16 | AC9: °C
A10: =SUM(A9+1) -> 5 | B10: Mi | C10: 1451.1 | D10: 4000 | E10: 13172.5 | F10: 13333.333 | G10: 761.1 | H10: 733.33333 | I10: 0 | J10: 933.33333 | K10: 4597.6 | M10: =K10+L10 -> 4597.6 | N10: 6000 | O10: 832.8 | P10: 5211 | Q10: =O10+P10 -> 6043.8 | R10: 4333.3333 | S10: 8064.6 | T10: 8603.3333 | U10: =SUM(C10+E10+G10+I10+K10+Q10+S10) -> 34090.7 | V10: =SUM(D10+F10+H10+J10+N10+R10+T10) -> 37936.667 | W10: 1138.2 | X10: 2833.3333 | Y10: =SUM(U10+W10) -> 35228.9 | Z10: =SUM(V10+X10) -> 40770 | AA10: sonnig | AB10: 21 | AC10: °C
A11: =SUM(A10+1) -> 6 | B11: Do | C11: 6077 | D11: 4000 | E11: 4636.2 | F11: 13333.333 | G11: 569 | H11: 733.33333 | I11: 2520 | J11: 933.33333 | K11: 13012.7 | M11: =K11+L11 -> 13012.7 | N11: 6000 | O11: 1076.2 | P11: 4934 | Q11: =O11+P11 -> 6010.2 | R11: 4333.3333 | S11: 6874.7 | T11: 8603.3333 | U11: =SUM(C11+E11+G11+I11+K11+Q11+S11) -> 39699.8 | V11: =SUM(D11+F11+H11+J11+N11+R11+T11) -> 37936.667 | W11: 1502 | X11: 2833.3333 | Y11: =SUM(U11+W11) -> 41201.8 | Z11: =SUM(V11+X11) -> 40770 | AA11: bewölkt | AB11: 25 | AC11: °C
A12: =SUM(A11+1) -> 7 | B12: Fr | C12: 4646.9 | D12: 4000 | E12: 8370.2 | F12: 13333.333 | G12: 459.1 | H12: 733.33333 | I12: 4722.5 | J12: 933.33333 | K12: 23195.2 | M12: =K12+L12 -> 23195.2 | N12: 6000 | O12: 20.9 | P12: 3671 | Q12: =O12+P12 -> 3691.9 | R12: 4333.3333 | S12: 9498.4 | T12: 8603.3333 | U12: =SUM(C12+E12+G12+I12+K12+Q12+S12) -> 54584.2 | V12: =SUM(D12+F12+H12+J12+N12+R12+T12) -> 37936.667 | W12: 622.8 | X12: 2833.3333 | Y12: =SUM(U12+W12) -> 55207 | Z12: =SUM(V12+X12) -> 40770 | AA12: sonnig | AB12: 23 | AC12: °C
A13: =SUM(A12+1) -> 8 | B13: Sa | C13: 9776.8 | D13: 4000 | E13: 4982 | F13: 13333.333 | G13: 770.6 | H13: 733.33333 | I13: 3830 | J13: 933.33333 | K13: 25300.5 | M13: =K13+L13 -> 25300.5 | N13: 6000 | O13: 1229.1 | P13: 0 | Q13: =O13+P13 -> 1229.1 | R13: 4333.3333 | S13: 10987.4 | T13: 8603.3333 | U13: =SUM(C13+E13+G13+I13+K13+Q13+S13) -> 56876.4 | V13: =SUM(D13+F13+H13+J13+N13+R13+T13) -> 37936.667 | W13: 452.2 | X13: 2833.3333 | Y13: =SUM(U13+W13) -> 57328.6 | Z13: =SUM(V13+X13) -> 40770 | AA13: sonnig, regenschauer | AB13: 21 | AC13: °C
A14: =SUM(A13+1) -> 9 | B14: So | C14: 10196.55 | D14: 4000 | E14: 2335.4 | F14: 13333.333 | G14: 379.2 | H14: 733.33333 | I14: 0 | J14: 933.33333 | K14: 14900.5 | M14: =K14+L14 -> 14900.5 | N14: 6000 | O14: 0 | P14: 0 | Q14: =O14+P14 -> 0 | R14: 4333.3333 | S14: 4456 | T14: 8603.3333 | U14: =SUM(C14+E14+G14+I14+K14+Q14+S14) -> 32267.65 | V14: =SUM(D14+F14+H14+J14+N14+R14+T14) -> 37936.667 | W14: 0 | X14: 2833.3333 | Y14: =SUM(U14+W14) -> 32267.65 | Z14: =SUM(V14+X14) -> 40770 | AA14: regen | AB14: 18 | AC14: °C
A15: KW | B15: =SUM(B7+1) -> 23 | C15: =SUM(C8:C14) -> 40460.85 | D15: =SUM(D8:D14) -> 28000 | E15: =SUM(E8:E14) -> 41842.1 | F15: =SUM(F8:F14) -> 93333.333 | G15: =SUM(G8:G14) -> 3366.8 | H15: =SUM(H8:H14) -> 5133.3333 | I15: =SUM(I8:I14) -> 11072.5 | J15: =SUM(J8:J14) -> 6533.3333 | ... Z15: =SUM(Z8:Z14) -> 285390 | AA15: Ø Temp | AB15: =SUM(AB8:AB14)/7 -> 19.142857 | AC15: °C
A16: =SUM(A14+1) -> 10 | B16: Mo | C16: 7736.3 | D16: 4000 | E16: 1065.9 | F16: 13333.333 | G16: 486 | H16: 733.33333 | I16: 0 | J16: 933.33333 | K16: 0 | M16: =K16+L16 -> 0 | N16: 6000 | O16: 1264.6 | P16: 14056 | Q16: =O16+P16 -> 15320.6 | R16: 4333.3333 | S16: 5646.2 | T16: 8603.3333 | U16: =SUM(C16+E16+G16+I16+K16+Q16+S16) -> 30255 | V16: =SUM(D16+F16+H16+J16+N16+R16+T16) -> 37936.667 | W16: 175.7 | X16: 2833.3333 | Y16: =SUM(U16+W16) -> 30430.7 | Z16: =SUM(V16+X16) -> 40770 | AA16: Regenschauer, Hochnebel | AB16: 16 | AC16: °C
A17: =SUM(A16+1) -> 11 | B17: Di | C17: 6579.8 | D17: 4000 | E17: 0 | F17: 13333.333 | G17: 28.2 | H17: 733.33333 | I17: 0 | J17: 933.33333 | K17: 1106.7 | M17: =K17+L17 -> 1106.7 | N17: 6000 | O17: 2815.7 | P17: 2289 | Q17: =O17+P17 -> 5104.7 | R17: 4333.3333 | S17: 10291.3 | T17: 8603.3333 | U17: =SUM(C17+E17+G17+I17+K17+Q17+S17) -> 23110.7 | V17: =SUM(D17+F17+H17+J17+N17+R17+T17) -> 37936.667 | W17: 0 | X17: 2833.3333 | Y17: =SUM(U17+W17) -> 23110.7 | Z17: =SUM(V17+X17) -> 40770 | AA17: bedeckt, regenschauer | AB17: 14 | AC17: °C
A18: =SUM(A17+1) -> 12 | B18: Mi | C18: 10081.95 | D18: 4000 | E18: 4242.2 | F18: 13333.333 | G18: 377.2 | H18: 733.33333 | I18: 0 | J18: 933.33333 | K18: 5044.4 | M18: =K18+L18 -> 5044.4 | N18: 6000 | O18: 1958.1 | P18: 6217.6 | Q18: =O18+P18 -> 8175.7 | R18: 4333.3333 | S18: 10127.6 | T18: 8603.3333 | U18: =SUM(C18+E18+G18+I18+K18+Q18+S18) -> 38049.05 | V18: =SUM(D18+F18+H18+J18+N18+R18+T18) -> 37936.667 | W18: 0 | X18: 2833.3333 | Y18: =SUM(U18+W18) -> 38049.05 | Z18: =SUM(V18+X18) -> 40770 | AA18: bewölkt | AB18: 15 | AC18: °C
A19: =SUM(A18+1) -> 13 | B19: Do | C19: 4907.4 | D19: 4000 | E19: 7958.7 | F19: 13333.333 | G19: 504.2 | H19: 733.33333 | I19: 0 | J19: 933.33333 | K19: 0 | M19: =K19+L19 -> 0 | N19: 6000 | O19: 2054.2 | P19: 6829 | Q19: =O19+P19 -> 8883.2 | R19: 4333.3333 | S19: 11109.48 | T19: 8603.3333 | U19: =SUM(C19+E19+G19+I19+K19+Q19+S19) -> 33362.98 | V19: =SUM(D19+F19+H19+J19+N19+R19+T19) -> 37936.667 | W19: 919.7 | X19: 2833.3333 | Y19: =SUM(U19+W19) -> 34282.68 | Z19: =SUM(V19+X19) -> 40770 | AA19: hochnebel | AB19: 23 | AC19: °C
A20: =SUM(A19+1) -> 14 | B20: Fr | C20: 11280.5 | D20: 4000 | E20: 2543 | F20: 13333.333 | G20: 435.5 | H20: 733.33333 | I20: 4522.5 | J20: 933.33333 | K20: 15369.5 | M20: =K20+L20 -> 15369.5 | N20: 6000 | O20: 384 | P20: 2435 | Q20: =O20+P20 -> 2819 | R20: 4333.3333 | S20: 10943.5 | T20: 8603.3333 | U20: =SUM(C20+E20+G20+I20+K20+Q20+S20) -> 47913.5 | V20: =SUM(D20+F20+H20+J20+N20+R20+T20) -> 37936.667 | W20: 0 | X20: 2833.3333 | Y20: =SUM(U20+W20) -> 47913.5 | Z20: =SUM(V20+X20) -> 40770 | AA20: regenschauer | AB20: 19 | AC20: °C
A21: =SUM(A20+1) -> 15 | B21: Sa | C21: 15285 | D21: 4000 | E21: 669 | F21: 13333.333 | G21: 623.9 | H21: 733.33333 | I21: 3072 | J21: 933.33333 | K21: 16260.7 | M21: =K21+L21 -> 16260.7 | N21: 6000 | O21: 152.8 | P21: 0 | Q21: =O21+P21 -> 152.8 | R21: 4333.3333 | S21: 11256.45 | T21: 8603.3333 | U21: =SUM(C21+E21+G21+I21+K21+Q21+S21) -> 47319.85 | V21: =SUM(D21+F21+H21+J21+N21+R21+T21) -> 37936.667 | X21: 2833.3333 | Y21: =SUM(U21+W21) -> 47319.85 | Z21: =SUM(V21+X21) -> 40770 | AA21: bedeckt | AB21: 18 | AC21: °C
A22: =SUM(A21+1) -> 16 | B22: So | C22: 2107.1 | D22: 4000 | E22: 17520.5 | F22: 13333.333 | G22: 1005.7 | H22: 733.33333 | I22: 0 | J22: 933.33333 | K22: 8303.6 | M22: =K22+L22 -> 8303.6 | N22: 6000 | O22: 0 | P22: 0 | Q22: =O22+P22 -> 0 | R22: 4333.3333 | S22: 3952.2 | T22: 8603.3333 | U22: =SUM(C22+E22+G22+I22+K22+Q22+S22) -> 32889.1 | V22: =SUM(D22+F22+H22+J22+N22+R22+T22) -> 37936.667 | W22: 1142.8 | X22: 2833.3333 | Y22: =SUM(U22+W22) -> 34031.9 | Z22: =SUM(V22+X22) -> 40770 | AA22: sonnig | AB22: 21 | AC22: °C
A23: KW | B23: =SUM(B15+1) -> 24 | C23: =SUM(C16:C22) -> 57978.05 | D23: =SUM(D16:D22) -> 28000 | E23: =SUM(E16:E22) -> 33999.3 | F23: =SUM(F16:F22) -> 93333.333 | G23: =SUM(G16:G22) -> 3460.7 | H23: =SUM(H16:H22) -> 5133.3333 | I23: =SUM(I16:I22) -> 7594.5 | J23: =SUM(J16:J22) -> 6533.3333 | ... Z23: =SUM(Z16:Z22) -> 285390 | AA23: Ø Temp | AB23: =SUM(AB16:AB22)/7 -> 18 | AC23: °C
A24: =SUM(A22+1) -> 17 | B24: Mo | C24: 186.9 | D24: 4000 | E24: 7562.5 | F24: 13333.333 | G24: 777.3 | H24: 733.33333 | I24: 0 | J24: 933.33333 | K24: 488.8 | M24: =K24+L24 -> 488.8 | N24: 6000 | O24: 929.6 | P24: 6596 | Q24: =O24+P24 -> 7525.6 | R24: 4333.3333 | S24: 8255.9 | T24: 8603.3333 | U24: =SUM(C24+E24+G24+I24+K24+Q24+S24) -> 24797 | V24: =SUM(D24+F24+H24+J24+N24+R24+T24) -> 37936.667 | W24: 335.4 | X24: 2833.3333 | Y24: =SUM(U24+W24) -> 25132.4 | Z24: =SUM(V24+X24) -> 40770 | AA24: sonnig, bedeckt | AB24: 22 | AC24: °C
A25: =SUM(A24+1) -> 18 | B25: Di | C25: 1066.7 | D25: 4000 | E25: 15004 | F25: 13333.333 | G25: 565.2 | H25: 733.33333 | I25: 0 | J25: 933.33333 | K25: 1922.5 | M25: =K25+L25 -> 1922.5 | N25: 6000 | O25: 1697.1 | P25: 5983 | Q25: =O25+P25 -> 7680.1 | R25: 4333.3333 | S25: 9763.4 | T25: 8603.3333 | U25: =SUM(C25+E25+G25+I25+K25+Q25+S25) -> 36001.9 | V25: =SUM(D25+F25+H25+J25+N25+R25+T25) -> 37936.667 | W25: 2961.8 | X25: 2833.3333 | Y25: =SUM(U25+W25) -> 38963.7 | Z25: =SUM(V25+X25) -> 40770 | AA25: sonnig | AB25: 29 | AC25: °C
A26: =SUM(A25+1) -> 19 | B26: Mi | C26: 4904.3 | D26: 4000 | E26: 7924.8 | F26: 13333.333 | G26: 854 | H26: 733.33333 | I26: 0 | J26: 933.33333 | K26: 510 | M26: =K26+L26 -> 510 | N26: 6000 | O26: 1153.8 | P26: 6290 | Q26: =O26+P26 -> 7443.8 | R26: 4333.3333 | S26: 6733.5 | T26: 8603.3333 | U26: =SUM(C26+E26+G26+I26+K26+Q26+S26) -> 28370.4 | V26: =SUM(D26+F26+H26+J26+N26+R26+T26) -> 37936.667 | W26: 3294.49 | X26: 2833.3333 | Y26: =SUM(U26+W26) -> 31664.89 | Z26: =SUM(V26+X26) -> 40770 | AA26: sonnig | AB26: 28 | AC26: °C
A27: =SUM(A26+1) -> 20 | B27: Do | C27: 8289.1 | D27: 4000 | E27: 3012.2 | F27: 13333.333 | G27: 376.7 | H27: 733.33333 | I27: 0 | J27: 933.33333 | K27: 3748.5 | M27: =K27+L27 -> 3748.5 | N27: 6000 | O27: 1078 | P27: 5661 | Q27: =O27+P27 -> 6739 | R27: 4333.3333 | S27: 6739.8 | T27: 8603.3333 | U27: =SUM(C27+E27+G27+I27+K27+Q27+S27) -> 28905.3 | V27: =SUM(D27+F27+H27+J27+N27+R27+T27) -> 37936.667 | W27: 0 | X27: 2833.3333 | Y27: =SUM(U27+W27) -> 28905.3 | Z27: =SUM(V27+X27) -> 40770 | AA27: regenschauer, gewitter | AB27: 20 | AC27: °C
A28: =SUM(A27+1) -> 21 | B28: Fr | C28: 12444.3 | D28: 4000 | E28: 194 | F28: 13333.333 | G28: 43.9 | H28: 733.33333 | I28: 4040 | J28: 933.33333 | K28: 12038.9 | M28: =K28+L28 -> 12038.9 | N28: 6000 | O28: 75.2 | P28: 3226 | Q28: =O28+P28 -> 3301.2 | R28: 4333.3333 | S28: 7056.4 | T28: 8603.3333 | U28: =SUM(C28+E28+G28+I28+K28+Q28+S28) -> 39118.7 | V28: =SUM(D28+F28+H28+J28+N28+R28+T28) -> 37936.667 | W28: 0 | X28: 2833.3333 | Y28: =SUM(U28+W28) -> 39118.7 | Z28: =SUM(V28+X28) -> 40770 | AA28: starker Regen | AB28: 17 | AC28: °C
A29: =SUM(A28+1) -> 22 | B29: Sa | C29: 15575 | D29: 4000 | E29: 78.4 | F29: 13333.333 | G29: 313.9 | H29: 733.33333 | I29: 3510 | J29: 933.33333 | K29: 15974.1 | M29: =K29+L29 -> 15974.1 | N29: 6000 | O29: 0 | P29: 0 | Q29: =O29+P29 -> 0 | R29: 4333.3333 | S29: 11567 | T29: 8603.3333 | U29: =SUM(C29+E29+G29+I29+K29+Q29+S29) -> 47018.4 | V29: =SUM(D29+F29+H29+J29+N29+R29+T29) -> 37936.667 | W29: 0 | X29: 2833.3333 | Y29: =SUM(U29+W29) -> 47018.4 | Z29: =SUM(V29+X29) -> 40770 | AA29: Regen | AB29: 16 | AC29: °C
A30: =SUM(A29+1) -> 23 | B30: So | C30: 9737.48 | D30: 4000 | E30: 1078.4 | F30: 13333.333 | G30: 462.5 | H30: 733.33333 | I30: 0 | J30: 933.33333 | K30: 11388.9 | M30: =K30+L30 -> 11388.9 | N30: 6000 | O30: 798.9 | P30: 0 | Q30: =O30+P30 -> 798.9 | R30: 4333.3333 | S30: 5444.6 | T30: 8603.3333 | U30: =SUM(C30+E30+G30+I30+K30+Q30+S30) -> 28910.78 | V30: =SUM(D30+F30+H30+J30+N30+R30+T30) -> 37936.667 | W30: 0 | X30: 2833.3333 | Y30: =SUM(U30+W30) -> 28910.78 | Z30: =SUM(V30+X30) -> 40770 | AA30: bedeckt | AB30: 18 | AC30: °C
A31: KW | B31: =SUM(B23+1) -> 25 | C31: =SUM(C24:C30) -> 52203.78 | D31: =SUM(D24:D30) -> 28000 | E31: =SUM(E24:E30) -> 34854.3 | F31: =SUM(F24:F30) -> 93333.333 | G31: =SUM(G24:G30) -> 3393.5 | H31: =SUM(H24:H30) -> 5133.3333 | I31: =SUM(I24:I30) -> 7550 | J31: =SUM(J24:J30) -> 6533.3333 | ... Z31: =SUM(Z24:Z30) -> 285390 | AA31: Ø Temp | AB31: =SUM(AB24:AB30)/7 -> 21.428571 | AC31: °C
A32: =SUM(A30+1) -> 24 | B32: Mo | C32: 1298 | D32: 4000 | E32: 10443.95 | F32: 13333.333 | G32: 667.6 | H32: 733.33333 | I32: 0 | J32: 933.33333 | K32: 5.2 | M32: =K32+L32 -> 5.2 | N32: 6000 | O32: 950.5 | P32: 2365 | Q32: =O32+P32 -> 3315.5 | R32: 4333.3333 | S32: 8290.6 | T32: 8603.3333 | U32: =SUM(C32+E32+G32+I32+K32+Q32+S32) -> 24020.85 | V32: =SUM(D32+F32+H32+J32+N32+R32+T32) -> 37936.667 | W32: 780.8 | X32: 2833.3333 | Y32: =SUM(U32+W32) -> 24801.65 | Z32: =SUM(V32+X32) -> 40770 | AA32: wechselhaft | AB32: 22 | AC32: °C
A33: =SUM(A32+1) -> 25 | B33: Di | C33: 9432.6 | D33: 4000 | E33: 9202.4 | F33: 13333.333 | G33: 703 | H33: 733.33333 | I33: 0 | J33: 933.33333 | K33: 1779 | M33: =K33+L33 -> 1779 | N33: 6000 | O33: 578.2 | P33: 5381 | Q33: =O33+P33 -> 5959.2 | R33: 4333.3333 | S33: 9626.1 | T33: 8603.3333 | U33: =SUM(C33+E33+G33+I33+K33+Q33+S33) -> 36702.3 | V33: =SUM(D33+F33+H33+J33+N33+R33+T33) -> 37936.667 | W33: 1183.5 | X33: 2833.3333 | Y33: =SUM(U33+W33) -> 37885.8 | Z33: =SUM(V33+X33) -> 40770 | AA33: sonnig | AB33: 26 | AC33: °C
A34: =SUM(A33+1) -> 26 | B34: Mi | C34: 10122.9 | D34: 4000 | E34: 2336.9 | F34: 13333.333 | G34: 300.8 | H34: 733.33333 | I34: 1100 | J34: 933.33333 | K34: 5446.4 | M34: =K34+L34 -> 5446.4 | N34: 6000 | O34: 712.9 | P34: 4466 | Q34: =O34+P34 -> 5178.9 | R34: 4333.3333 | S34: 8243.7 | T34: 8603.3333 | U34: =SUM(C34+E34+G34+I34+K34+Q34+S34) -> 32729.6 | V34: =SUM(D34+F34+H34+J34+N34+R34+T34) -> 37936.667 | W34: 0 | X34: 2833.3333 | Y34: =SUM(U34+W34) -> 32729.6 | Z34: =SUM(V34+X34) -> 40770 | AA34: bewölkt, Regenschauer | AB34: 20 | AC34: °C
A35: =SUM(A34+1) -> 27 | B35: Do | C35: 2345.1 | D35: 4000 | E35: 17304.3 | F35: 13333.333 | G35: 975 | H35: 733.33333 | I35: 0 | J35: 933.33333 | K35: -28.2 | M35: =K35+L35 -> -28.2 | N35: 6000 | O35: 2584.8 | P35: 6947 | Q35: =O35+P35 -> 9531.8 | R35: 4333.3333 | S35: 10436.2 | T35: 8603.3333 | U35: =SUM(C35+E35+G35+I35+K35+Q35+S35) -> 40564.2 | V35: =SUM(D35+F35+H35+J35+N35+R35+T35) -> 37936.667 | W35: 2887 | X35: 2833.3333 | Y35: =SUM(U35+W35) -> 43451.2 | Z35: =SUM(V35+X35) -> 40770 | AA35: nachmittag regenschauer | AB35: 24 | AC35: °C
A36: =SUM(A35+1) -> 28 | B36: Fr. | C36: 2122.8 | D36: 4000 | E36: 16551.1 | F36: 13333.333 | G36: 700.7 | H36: 733.33333 | I36: 3787.5 | J36: 933.33333 | K36: 22266.5 | M36: =K36+L36 -> 22266.5 | N36: 6000 | O36: 56.5 | P36: 2602 | Q36: =O36+P36 -> 2658.5 | R36: 4333.3333 | S36: 11036.2 | T36: 8603.3333 | U36: =SUM(C36+E36+G36+I36+K36+Q36+S36) -> 59123.3 | V36: =SUM(D36+F36+H36+J36+N36+R36+T36) -> 37936.667 | W36: 2307.8 | X36: 2833.3333 | Y36: =SUM(U36+W36) -> 61431.1 | Z36: =SUM(V36+X36) -> 40770 | AA36: sonnig, abends Gewitter | AB36: 29 | AC36: °C
A37: =SUM(A36+1) -> 29 | B37: Sa. | C37: 10036.1 | D37: 4000 | E37: 5955.9 | F37: 13333.333 | G37: 595.3 | H37: 733.33333 | I37: 0 | J37: 933.33333 | K37: 23568.9 | M37: =K37+L37 -> 23568.9 | N37: 6000 | O37: 0 | P37: 0 | Q37: =O37+P37 -> 0 | R37: 4333.3333 | S37: 12244.8 | T37: 8603.3333 | U37: =SUM(C37+E37+G37+I37+K37+Q37+S37) -> 52401 | V37: =SUM(D37+F37+H37+J37+N37+R37+T37) -> 37936.667 | W37: 2601.7 | X37: 2833.3333 | Y37: =SUM(U37+W37) -> 55002.7 | Z37: =SUM(V37+X37) -> 40770 | AA37: bedeckt | AB37: 30 | AC37: °C
A38: =SUM(A37+1) -> 30 | B38: So. | C38: 13478.2 | D38: 4000 | E38: 1203.2 | F38: 13333.333 | G38: 427.2 | H38: 733.33333 | I38: 0 | J38: 933.33333 | K38: 12894.8 | M38: =K38+L38 -> 12894.8 | N38: 6000 | O38: 0 | P38: 0 | Q38: =O38+P38 -> 0 | R38: 4333.3333 | S38: 8236.3 | T38: 8603.3333 | U38: =SUM(C38+E38+G38+I38+K38+Q38+S38) -> 36239.7 | V38: =SUM(D38+F38+H38+J38+N38+R38+T38) -> 37936.667 | W38: 0 | X38: 2833.3333 | Y38: =SUM(U38+W38) -> 36239.7 | Z38: =SUM(V38+X38) -> 40770 | AA38: leichter Regenschauer | AB38: 19 | AC38: °C
A39: KW | B39: =SUM(B31+1) -> 26 | C39: =SUM(C32:C38) -> 48835.7 | D39: =SUM(D32:D38) -> 28000 | E39: =SUM(E32:E38) -> 62997.75 | F39: =SUM(F32:F38) -> 93333.333 | G39: =SUM(G32:G38) -> 4369.6 | H39: =SUM(H32:H38) -> 5133.3333 | I39: =SUM(I32:I38) -> 4887.5 | J39: =SUM(J32:J38) -> 6533.3333 | ... Z39: =SUM(Z32:Z38) -> 285390 | AA39: Ø Temp | AB39: =SUM(AB32:AB38)/5 -> 34 | AC39: °C
A40: Umsatz kumuliert | C40: =SUM(C7+C15+C23+C31+C39) -> 226260.68 | D40: =SUM(D7+D15+D23+D31+D39) -> 120000 | E40: =SUM(E7+E15+E23+E31+E39) -> 174785.85 | F40: =SUM(F7+F15+F23+F31+F39) -> 400000 | G40: =SUM(G7+G15+G23+G31+G39) -> 15666.5 | H40: =SUM(H7+H15+H23+H31+H39) -> 22000 | I40: =SUM(I7+I15+I23+I31+I39) -> 31104.5 | J40: =SUM(J7+J15+J23+J31+J39) -> 28000 | ... P40: =SUM(P7+P15+P23+P31+P39) -> 105694.8 | Q40: =O40+P40 -> 133804.4 | R40: =SUM(R7+R15+R23+R31+R39) -> 130000 | S40: =SUM(S7+S15+S23+S31+S39) -> 258532.43 | T40: =SUM(T7+T15+T23+T31+T39) -> 258100 | U40: =SUM(U7+U15+U23+U31+U39) -> 1107417.9 | V40: =SUM(V7+V15+V23+V31+V39) -> 1138100 | W40: =SUM(W7+W15+W23+W31+W39) -> 22939.59 | X40: =SUM(X7+X15+X23+X31+X39) -> 85000 | Y40: =SUM(Y7+Y15+Y23+Y31+Y39) -> 1130357.4 | Z40: =SUM(Z7+Z15+Z23+Z31+Z39) -> 1223100 | AA40: Umsatz kumuliert
A41: Umsatz pro Tag | C41: =C40/30 -> 7542.0227 | D41: =D40/30 -> 4000 | E41: =E40/30 -> 5826.195 | F41: =F40/30 -> 13333.333 | G41: =G40/30 -> 522.21667 | H41: =H40/30 -> 733.33333 | I41: =I40/30 -> 1036.8167 | J41: =J40/30 -> 933.33333 | ... Z41: =Z40/30 -> 40770 | AA41: Budget pro Tag
A42: Diff. zu Budget | C42: =SUM(C40-D40) -> 106260.68 | E42: =SUM(E40-F40) -> -225214.15 | G42: =SUM(G40-H40) -> -6333.5 | I42: =SUM(I40-J40) -> 3104.5 | M42: =SUM(M40-N40) -> 87263.5 | Q42: =SUM(Q40-R40) -> 3804.4 | S42: =SUM(S40-T40) -> 432.43 | U42: =SUM(U40-V40) -> -30682.14 | W42: =SUM(W40-X40) -> -62060.41 | Y42: =SUM(Y40-Z40) -> -92742.55
A43: Index | C43: =SUM(100/D40*C40) -> 188.55057 | E43: =SUM(100/F40*E40) -> 43.696463 | G43: =SUM(100/H40*G40) -> 71.211364 | I43: =SUM(100/J40*I40) -> 111.0875 | M43: =SUM(100/N40*M40) -> 148.47972 | Q43: =SUM(100/R40*Q40) -> 102.92646 | S43: =SUM(100/T40*S40) -> 100.16754 | U43: =SUM(100/V40*U40) -> 97.304091 | W43: =SUM(100/X40*W40) -> 26.987753 | Y43: =SUM(100/Z40*Y40) -> 92.417419

Sheet 07_24
A1: Tagesumsätze | H1: 45474
C3: Restaurant | E3: Terrasse | G3: Lounge | I3: Pavillon | K3: Bankett | O3: Seminar | S3: Hotel | U3: TOTAL Gesamtbetrieb ohne Seebad | W3: Seebad | Y3: TOTAL Gesamtbetrieb mit Seebad | AA3: Info's
C4: IST | D4: Budget | E4: IST | F4: Budget | G4: IST | H4: Budget | I4: IST | J4: Budget | K4: IST/GN | L4: IST/ET | M4: TOTAL IST | N4: Budget | O4: IST/GN | P4: IST/ET | Q4: TOTAL IST | R4: Budget | S4: IST | T4: Budget | U4: IST | V4: Budget | W4: IST | X4: Budget | Y4: IST | Z4: Budget | AA4: Wetter | AB4: Temp. | AD4: Bemerkung
A5: 1 | B5: Mo | C5: 9383.1 | D5: 4838.7097 | E5: 2211 | F5: 12903.226 | G5: 707.5 | H5: 806.45161 | I5: 0 | J5: 1290.3226 | K5: 6676.3 | M5: =K5+L5 -> 6676.3 | N5: 5161.2903 | O5: 328.3 | P5: 2640 | Q5: =O5+P5 -> 2968.3 | R5: 1290.3226 | S5: 7776.3 | T5: 8448.3871 | U5: =SUM(C5+E5+G5+I5+K5+Q5+S5) -> 29722.5 | V5: =SUM(D5+F5+H5+J5+N5+R5+T5) -> 34738.71 | W5: 0 | X5: 2741.9355 | Y5: =SUM(U5+W5) -> 29722.5 | Z5: =SUM(V5+X5) -> 37480.645 | AA5: leichte Regenschauer | AB5: 20 | AC5: °C
A6: =SUM(A5+1) -> 2 | B6: Di | C6: 11235.7 | D6: 4838.7097 | E6: 1772.7 | F6: 12903.226 | G6: 437.4 | H6: 806.45161 | I6: 0 | J6: 1290.3226 | K6: 5179.3 | M6: =K6+L6 -> 5179.3 | N6: 5161.2903 | O6: 832.8 | P6: 2407 | Q6: =O6+P6 -> 3239.8 | R6: 1290.3226 | S6: 7704.5 | T6: 8448.3871 | U6: =SUM(C6+E6+G6+I6+K6+Q6+S6) -> 29569.4 | V6: =SUM(D6+F6+H6+J6+N6+R6+T6) -> 34738.71 | W6: 0 | X6: 2741.9355 | Y6: =SUM(U6+W6) -> 29569.4 | Z6: =SUM(V6+X6) -> 37480.645 | AA6: bewolkt | AB6: 19 | AC6: °C
A7: =SUM(A6+1) -> 3 | B7: Mi | C7: 12751.8 | D7: 4838.7097 | E7: 743.9 | F7: 12903.226 | G7: 201.1 | H7: 806.45161 | I7: 0 | J7: 1290.3226 | K7: 0 | M7: =K7+L7 -> 0 | N7: 5161.2903 | O7: 1372 | P7: 4991 | Q7: =O7+P7 -> 6363 | R7: 1290.3226 | S7: 8155.5 | T7: 8448.3871 | U7: =SUM(C7+E7+G7+I7+K7+Q7+S7) -> 28215.3 | V7: =SUM(D7+F7+H7+J7+N7+R7+T7) -> 34738.71 | W7: 0 | X7: 2741.9355 | Y7: =SUM(U7+W7) -> 28215.3 | Z7: =SUM(V7+X7) -> 37480.645 | AA7: regen, bewölkt | AB7: 15 | AC7: °C
A8: =SUM(A7+1) -> 4 | B8: Do | C8: 14048 | D8: 4838.7097 | E8: 4916.6 | F8: 12903.226 | G8: 738.1 | H8: 806.45161 | I8: 0 | J8: 1290.3226 | K8: 8773.2 | M8: =K8+L8 -> 8773.2 | N8: 5161.2903 | O8: 2637.1 | P8: 2668 | Q8: =O8+P8 -> 5305.1 | R8: 1290.3226 | S8: 8251.6 | T8: 8448.3871 | U8: =SUM(C8+E8+G8+I8+K8+Q8+S8) -> 42032.6 | V8: =SUM(D8+F8+H8+J8+N8+R8+T8) -> 34738.71 | W8: 127.3 | X8: 2741.9355 | Y8: =SUM(U8+W8) -> 42159.9 | Z8: =SUM(V8+X8) -> 37480.645 | AA8: wechselhaft | AB8: 18 | AC8: °C
A9: =SUM(A8+1) -> 5 | B9: Fr | C9: 2250.1 | D9: 4838.7097 | E9: 19674.4 | F9: 12903.226 | G9: 852.7 | H9: 806.45161 | I9: 4186 | J9: 1290.3226 | K9: 19243.6 | M9: =K9+L9 -> 19243.6 | N9: 5161.2903 | O9: 339 | P9: 1495 | Q9: =O9+P9 -> 1834 | R9: 1290.3226 | S9: 11600.1 | T9: 8448.3871 | U9: =SUM(C9+E9+G9+I9+K9+Q9+S9) -> 59640.9 | V9: =SUM(D9+F9+H9+J9+N9+R9+T9) -> 34738.71 | W9: 2688.9 | X9: 2741.9355 | Y9: =SUM(U9+W9) -> 62329.8 | Z9: =SUM(V9+X9) -> 37480.645 | AA9: sonnig | AB9: 24 | AC9: °C
A10: =SUM(A9+1) -> 6 | B10: Sa | C10: 9116.9 | D10: 4838.7097 | E10: 4192.5 | F10: 12903.226 | G10: 504.2 | H10: 806.45161 | I10: 3984.5 | J10: 1290.3226 | K10: 18426.3 | M10: =K10+L10 -> 18426.3 | N10: 5161.2903 | O10: 0 | P10: 0 | Q10: =O10+P10 -> 0 | R10: 1290.3226 | S10: 12856.3 | T10: 8448.3871 | U10: =SUM(C10+E10+G10+I10+K10+Q10+S10) -> 49080.7 | V10: =SUM(D10+F10+H10+J10+N10+R10+T10) -> 34738.71 | W10: 299.4 | X10: 2741.9355 | Y10: =SUM(U10+W10) -> 49380.1 | Z10: =SUM(V10+X10) -> 37480.645 | AA10: Regen | AB10: 19 | AC10: °C
A11: =SUM(A10+1) -> 7 | B11: So | C11: 19953.8 | D11: 4838.7097 | E11: 1239 | F11: 12903.226 | G11: 294.5 | H11: 806.45161 | I11: 0 | J11: 1290.3226 | K11: 7339 | M11: =K11+L11 -> 7339 | N11: 5161.2903 | O11: 0 | P11: 0 | Q11: =O11+P11 -> 0 | R11: 1290.3226 | S11: 7393.3 | T11: 8448.3871 | U11: =SUM(C11+E11+G11+I11+K11+Q11+S11) -> 36219.6 | V11: =SUM(D11+F11+H11+J11+N11+R11+T11) -> 34738.71 | W11: 0 | X11: 2741.9355 | Y11: =SUM(U11+W11) -> 36219.6 | Z11: =SUM(V11+X11) -> 37480.645 | AA11: Bewölkt | AB11: 19 | AC11: °C
A12: KW | B12: =SUM(26+1) -> 27 | C12: =SUM(C5:C11) -> 78739.4 | D12: =SUM(D5:D11) -> 33870.968 | E12: =SUM(E5:E11) -> 34750.1 | F12: =SUM(F5:F11) -> 90322.581 | G12: =SUM(G5:G11) -> 3735.5 | H12: =SUM(H5:H11) -> 5645.1613 | I12: =SUM(I5:I11) -> 8170.5 | J12: =SUM(J5:J11) -> 9032.2581 | ... Z12: =SUM(Z5:Z11) -> 262364.52 | AA12: Ø Temp | AB12: =SUM(AB5:AB11)/7 -> 19.142857 | AC12: °C
A13: =SUM(A11+1) -> 8 | B13: Mo | C13: 1598.1 | D13: 4838.7097 | E13: 16253.2 | F13: 12903.226 | G13: 1050.8 | H13: 806.45161 | I13: 0 | J13: 1290.3226 | K13: 0 | M13: =K13+L13 -> 0 | N13: 5161.2903 | O13: 0 | P13: 0 | Q13: =O13+P13 -> 0 | R13: 1290.3226 | S13: 7711.6 | T13: 8448.3871 | U13: =SUM(C13+E13+G13+I13+K13+Q13+S13) -> 26613.7 | V13: =SUM(D13+F13+H13+J13+N13+R13+T13) -> 34738.71 | W13: 3010.5 | X13: 2741.9355 | Y13: =SUM(U13+W13) -> 29624.2 | Z13: =SUM(V13+X13) -> 37480.645 | AA13: hohe wolkenfelder | AB13: 25 | AC13: °C
A14: =SUM(A13+1) -> 9 | B14: Di | C14: 3361.7 | D14: 4838.7097 | E14: 19674 | F14: 12903.226 | G14: 918.5 | H14: 806.45161 | I14: 0 | J14: 1290.3226 | K14: 0 | M14: =K14+L14 -> 0 | N14: 5161.2903 | O14: 738.6 | P14: 2481 | Q14: =O14+P14 -> 3219.6 | R14: 1290.3226 | S14: 8032.2 | T14: 8448.3871 | U14: =SUM(C14+E14+G14+I14+K14+Q14+S14) -> 35206 | V14: =SUM(D14+F14+H14+J14+N14+R14+T14) -> 34738.71 | W14: 7917 | X14: 2741.9355 | Y14: =SUM(U14+W14) -> 43123 | Z14: =SUM(V14+X14) -> 37480.645 | AA14: sonnig, abend regenschauer 22.00 Uhr | AB14: 27 | AC14: °C
A15: =SUM(A14+1) -> 10 | B15: Mi | C15: 3210.9 | D15: 4838.7097 | E15: 12324.75 | F15: 12903.226 | G15: 572.3 | H15: 806.45161 | I15: 0 | J15: 1290.3226 | K15: 170.6 | M15: =K15+L15 -> 170.6 | N15: 5161.2903 | O15: 116.3 | P15: 1234 | Q15: =O15+P15 -> 1350.3 | R15: 1290.3226 | S15: 6265.25 | T15: 8448.3871 | U15: =SUM(C15+E15+G15+I15+K15+Q15+S15) -> 23894.1 | V15: =SUM(D15+F15+H15+J15+N15+R15+T15) -> 34738.71 | W15: 686.8 | X15: 2741.9355 | Y15: =SUM(U15+W15) -> 24580.9 | Z15: =SUM(V15+X15) -> 37480.645 | AA15: bewölkt | AB15: 25 | AC15: °C
A16: =SUM(A15+1) -> 11 | B16: Do | C16: 6962.6 | D16: 4838.7097 | E16: 10957.2 | F16: 12903.226 | G16: 677.2 | H16: 806.45161 | I16: 0 | J16: 1290.3226 | K16: 180 | M16: =K16+L16 -> 180 | N16: 5161.2903 | O16: 185.3 | P16: 1970 | Q16: =O16+P16 -> 2155.3 | R16: 1290.3226 | S16: 8311.4 | T16: 8448.3871 | U16: =SUM(C16+E16+G16+I16+K16+Q16+S16) -> 29243.7 | V16: =SUM(D16+F16+H16+J16+N16+R16+T16) -> 34738.71 | W16: 1533.4 | X16: 2741.9355 | Y16: =SUM(U16+W16) -> 30777.1 | Z16: =SUM(V16+X16) -> 37480.645 | AA16: wechselhaft | AB16: 27 | AC16: °C
A17: =SUM(A16+1) -> 12 | B17: Fr | C17: 14071.1 | D17: 4838.7097 | E17: 2648.8 | F17: 12903.226 | G17: 417.4 | H17: 806.45161 | I17: 0 | J17: 1290.3226 | K17: 12702 | M17: =K17+L17 -> 12702 | N17: 5161.2903 | O17: 32.1 | P17: 922 | Q17: =O17+P17 -> 954.1 | R17: 1290.3226 | S17: 10873.65 | T17: 8448.3871 | U17: =SUM(C17+E17+G17+I17+K17+Q17+S17) -> 41667.05 | V17: =SUM(D17+F17+H17+J17+N17+R17+T17) -> 34738.71 | W17: 0 | X17: 2741.9355 | Y17: =SUM(U17+W17) -> 41667.05 | Z17: =SUM(V17+X17) -> 37480.645 | AA17: wechselhaft, gewitter ab nachmittag | AB17: 23 | AC17: °C
A18: =SUM(A17+1) -> 13 | B18: Sa | C18: 10395.6 | D18: 4838.7097 | E18: 8890.8 | F18: 12903.226 | G18: 1660.7 | H18: 806.45161 | I18: 0 | J18: 1290.3226 | K18: 13858.6 | M18: =K18+L18 -> 13858.6 | N18: 5161.2903 | O18: 0 | P18: 0 | Q18: =O18+P18 -> 0 | R18: 1290.3226 | S18: 11050.28 | T18: 8448.3871 | U18: =SUM(C18+E18+G18+I18+K18+Q18+S18) -> 45855.98 | V18: =SUM(D18+F18+H18+J18+N18+R18+T18) -> 34738.71 | W18: 339.2 | X18: 2741.9355 | Y18: =SUM(U18+W18) -> 46195.18 | Z18: =SUM(V18+X18) -> 37480.645 | AA18: bewölkt | AB18: 21 | AC18: °C
A19: =SUM(A18+1) -> 14 | B19: So | C19: 833.1 | D19: 4838.7097 | E19: 20252.6 | F19: 12903.226 | G19: 972.1 | H19: 806.45161 | I19: 0 | J19: 1290.3226 | K19: 2342.2 | M19: =K19+L19 -> 2342.2 | N19: 5161.2903 | O19: 0 | P19: 0 | Q19: =O19+P19 -> 0 | R19: 1290.3226 | S19: 7802.38 | T19: 8448.3871 | U19: =SUM(C19+E19+G19+I19+K19+Q19+S19) -> 32202.38 | V19: =SUM(D19+F19+H19+J19+N19+R19+T19) -> 34738.71 | W19: 5295.1 | X19: 2741.9355 | Y19: =SUM(U19+W19) -> 37497.48 | Z19: =SUM(V19+X19) -> 37480.645 | AA19: wechselhaft | AB19: 25 | AC19: °C
A20: KW | B20: =SUM(B12+1) -> 28 | C20: =SUM(C13:C19) -> 40433.1 | D20: =SUM(D13:D19) -> 33870.968 | E20: =SUM(E13:E19) -> 91001.35 | F20: =SUM(F13:F19) -> 90322.581 | G20: =SUM(G13:G19) -> 6269 | H20: =SUM(H13:H19) -> 5645.1613 | I20: =SUM(I13:I19) -> 0 | J20: =SUM(J13:J19) -> 9032.2581 | ... Z20: =SUM(Z13:Z19) -> 262364.52 | AA20: Ø Temp | AB20: =SUM(AB13:AB19)/7 -> 24.714286 | AC20: °C
A21: =SUM(A19+1) -> 15 | B21: Mo | C21: 7696.8 | D21: 4838.7097 | E21: 8752.15 | F21: 12903.226 | G21: 672.2 | H21: 806.45161 | I21: 0 | J21: 1290.3226 | K21: 0 | M21: =K21+L21 -> 0 | N21: 5161.2903 | O21: 445.4 | P21: 535 | Q21: =O21+P21 -> 980.4 | R21: 1290.3226 | S21: 6826.18 | T21: 8448.3871 | U21: =SUM(C21+E21+G21+I21+K21+Q21+S21) -> 24927.73 | V21: =SUM(D21+F21+H21+J21+N21+R21+T21) -> 34738.71 | W21: 2472.9 | X21: 2741.9355 | Y21: =SUM(U21+W21) -> 27400.63 | Z21: =SUM(V21+X21) -> 37480.645 | AA21: wechselhaft, ab 19.00 Uhr gewitter | AB21: 24 | AC21: °C
A22: =SUM(A21+1) -> 16 | B22: Di | C22: 2680.5 | D22: 4838.7097 | E22: 14288.4 | F22: 12903.226 | G22: 794.6 | H22: 806.45161 | I22: 0 | J22: 1290.3226 | K22: 0 | M22: =K22+L22 -> 0 | N22: 5161.2903 | O22: 0 | P22: 777 | Q22: =O22+P22 -> 777 | R22: 1290.3226 | S22: 8543.26 | T22: 8448.3871 | U22: =SUM(C22+E22+G22+I22+K22+Q22+S22) -> 27083.76 | V22: =SUM(D22+F22+H22+J22+N22+R22+T22) -> 34738.71 | W22: 624.2 | X22: 2741.9355 | Y22: =SUM(U22+W22) -> 27707.96 | Z22: =SUM(V22+X22) -> 37480.645 | AA22: vormittag Regenschauer, NM bewölkt | AB22: 23 | AC22: °C
A23: =SUM(A22+1) -> 17 | B23: Mi | C23: 2359.7 | D23: 4838.7097 | E23: 20462.7 | F23: 12903.226 | G23: 712.5 | H23: 806.45161 | I23: 0 | J23: 1290.3226 | K23: 0 | M23: =K23+L23 -> 0 | N23: 5161.2903 | O23: 743 | P23: 2250 | Q23: =O23+P23 -> 2993 | R23: 1290.3226 | S23: 9579.6 | T23: 8448.3871 | U23: =SUM(C23+E23+G23+I23+K23+Q23+S23) -> 36107.5 | V23: =SUM(D23+F23+H23+J23+N23+R23+T23) -> 34738.71 | W23: 1747.3 | X23: 2741.9355 | Y23: =SUM(U23+W23) -> 37854.8 | Z23: =SUM(V23+X23) -> 37480.645 | AA23: sonnig | AB23: 25 | AC23: °C
A24: =SUM(A23+1) -> 18 | B24: Do | C24: 3005.7 | D24: 4838.7097 | E24: 20987.4 | F24: 12903.226 | G24: 1167.1 | H24: 806.45161 | I24: 0 | J24: 1290.3226 | K24: 0 | M24: =K24+L24 -> 0 | N24: 5161.2903 | O24: 0 | P24: 1307.5 | Q24: =O24+P24 -> 1307.5 | R24: 1290.3226 | S24: 6724.4 | T24: 8448.3871 | U24: =SUM(C24+E24+G24+I24+K24+Q24+S24) -> 33192.1 | V24: =SUM(D24+F24+H24+J24+N24+R24+T24) -> 34738.71 | W24: 6360.1 | X24: 2741.9355 | Y24: =SUM(U24+W24) -> 39552.2 | Z24: =SUM(V24+X24) -> 37480.645 | AA24: sonnig | AB24: 30 | AC24: °C
A25: =SUM(A24+1) -> 19 | B25: Fr | C25: 3990.3 | D25: 4838.7097 | E25: 20866 | F25: 12903.226 | G25: 1324.7 | H25: 806.45161 | I25: 0 | J25: 1290.3226 | K25: 3433.1 | M25: =K25+L25 -> 3433.1 | N25: 5161.2903 | O25: 0 | P25: 0 | Q25: =O25+P25 -> 0 | R25: 1290.3226 | S25: 8066 | T25: 8448.3871 | U25: =SUM(C25+E25+G25+I25+K25+Q25+S25) -> 37680.1 | V25: =SUM(D25+F25+H25+J25+N25+R25+T25) -> 34738.71 | W25: 9006.5 | X25: 2741.9355 | Y25: =SUM(U25+W25) -> 46686.6 | Z25: =SUM(V25+X25) -> 37480.645 | AA25: sonnig | AB25: 31 | AC25: °C
A26: =SUM(A25+1) -> 20 | B26: Sa | C26: 3134.5 | D26: 4838.7097 | E26: 19492.3 | F26: 12903.226 | G26: 1288.4 | H26: 806.45161 | I26: 1356.5 | J26: 1290.3226 | K26: 17013.3 | M26: =K26+L26 -> 17013.3 | N26: 5161.2903 | O26: 0 | P26: 0 | Q26: =O26+P26 -> 0 | R26: 1290.3226 | S26: 13324 | T26: 8448.3871 | U26: =SUM(C26+E26+G26+I26+K26+Q26+S26) -> 55609 | V26: =SUM(D26+F26+H26+J26+N26+R26+T26) -> 34738.71 | W26: 10448.5 | X26: 2741.9355 | Y26: =SUM(U26+W26) -> 66057.5 | Z26: =SUM(V26+X26) -> 37480.645 | AA26: sonnig | AB26: 32 | AC26: °C
A27: =SUM(A26+1) -> 21 | B27: So | C27: 5109.2 | D27: 4838.7097 | E27: 13723.2 | F27: 12903.226 | G27: 670.2 | H27: 806.45161 | I27: 2352 | J27: 1290.3226 | K27: 2229.6 | M27: =K27+L27 -> 2229.6 | N27: 5161.2903 | O27: 159.5 | P27: 0 | Q27: =O27+P27 -> 159.5 | R27: 1290.3226 | S27: 5981.7 | T27: 8448.3871 | U27: =SUM(C27+E27+G27+I27+K27+Q27+S27) -> 30225.4 | V27: =SUM(D27+F27+H27+J27+N27+R27+T27) -> 34738.71 | W27: 1410.5 | X27: 2741.9355 | Y27: =SUM(U27+W27) -> 31635.9 | Z27: =SUM(V27+X27) -> 37480.645 | AA27: wechselhaft | AB27: 30 | AC27: °C
A28: KW | B28: =SUM(B20+1) -> 29 | C28: =SUM(C21:C27) -> 27976.7 | D28: =SUM(D21:D27) -> 33870.968 | E28: =SUM(E21:E27) -> 118572.15 | F28: =SUM(F21:F27) -> 90322.581 | G28: =SUM(G21:G27) -> 6629.7 | H28: =SUM(H21:H27) -> 5645.1613 | I28: =SUM(I21:I27) -> 3708.5 | J28: =SUM(J21:J27) -> 9032.2581 | ... Z28: =SUM(Z21:Z27) -> 262364.52 | AA28: Ø Temp | AB28: =SUM(AB21:AB27)/7 -> 27.857143 | AC28: °C
A29: =SUM(A27+1) -> 22 | B29: Mo | C29: 4026.7 | D29: 4838.7097 | E29: 8653.5 | F29: 12903.226 | G29: 539.4 | H29: 806.45161 | I29: 0 | J29: 1290.3226 | K29: 0 | M29: =K29+L29 -> 0 | N29: 5161.2903 | O29: 0 | P29: 0 | Q29: =O29+P29 -> 0 | R29: 1290.3226 | S29: 6456.2 | T29: 8448.3871 | U29: =SUM(C29+E29+G29+I29+K29+Q29+S29) -> 19675.8 | V29: =SUM(D29+F29+H29+J29+N29+R29+T29) -> 34738.71 | W29: 345.1 | X29: 2741.9355 | Y29: =SUM(U29+W29) -> 20020.9 | Z29: =SUM(V29+X29) -> 37480.645 | AA29: wechselhaft | AB29: 21 | AC29: °C
A30: =SUM(A29+1) -> 23 | B30: Di | C30: 2030.7 | D30: 4838.7097 | E30: 17505.1 | F30: 12903.226 | G30: 929.7 | H30: 806.45161 | I30: 0 | J30: 1290.3226 | K30: 0 | M30: =K30+L30 -> 0 | N30: 5161.2903 | O30: 0 | P30: 0 | Q30: =O30+P30 -> 0 | R30: 1290.3226 | S30: 7798.2 | T30: 8448.3871 | U30: =SUM(C30+E30+G30+I30+K30+Q30+S30) -> 28263.7 | V30: =SUM(D30+F30+H30+J30+N30+R30+T30) -> 34738.71 | W30: 2254.6 | X30: 2741.9355 | Y30: =SUM(U30+W30) -> 30518.3 | Z30: =SUM(V30+X30) -> 37480.645 | AA30: sonnig und hochnebel am nachmittag | AB30: 21 | AC30: °C
A31: =SUM(A30+1) -> 24 | B31: Mi | C31: 1531.2 | D31: 4838.7097 | E31: 18435.1 | F31: 12903.226 | G31: 711.6 | H31: 806.45161 | I31: 0 | J31: 1290.3226 | K31: 0 | M31: =K31+L31 -> 0 | N31: 5161.2903 | O31: 0 | P31: 0 | Q31: =O31+P31 -> 0 | R31: 1290.3226 | S31: 9073.3 | T31: 8448.3871 | U31: =SUM(C31+E31+G31+I31+K31+Q31+S31) -> 29751.2 | V31: =SUM(D31+F31+H31+J31+N31+R31+T31) -> 34738.71 | W31: 1287.3 | X31: 2741.9355 | Y31: =SUM(U31+W31) -> 31038.5 | Z31: =SUM(V31+X31) -> 37480.645 | AA31: hochnebel | AB31: 22 | AC31: °C
A32: =SUM(A31+1) -> 25 | B32: Do | C32: 3191.1 | D32: 4838.7097 | E32: 19331.24 | F32: 12903.226 | G32: 786.2 | H32: 806.45161 | I32: 3102 | J32: 1290.3226 | K32: 4499.7 | M32: =K32+L32 -> 4499.7 | N32: 5161.2903 | O32: 735.5 | P32: 200 | Q32: =O32+P32 -> 935.5 | R32: 1290.3226 | S32: 10993.5 | T32: 8448.3871 | U32: =SUM(C32+E32+G32+I32+K32+Q32+S32) -> 42839.24 | V32: =SUM(D32+F32+H32+J32+N32+R32+T32) -> 34738.71 | W32: 5120 | X32: 2741.9355 | Y32: =SUM(U32+W32) -> 47959.24 | Z32: =SUM(V32+X32) -> 37480.645 | AA32: hochnebel | AB32: 26 | AC32: °C
A33: =SUM(A32+1) -> 26 | B33: Fr | C33: 3633 | D33: 4838.7097 | E33: 19618.6 | F33: 12903.226 | G33: 1161.5 | H33: 806.45161 | I33: 4332 | J33: 1290.3226 | K33: 6887.5 | M33: =K33+L33 -> 6887.5 | N33: 5161.2903 | O33: 0 | P33: 0 | Q33: =O33+P33 -> 0 | R33: 1290.3226 | S33: 11028.9 | T33: 8448.3871 | U33: =SUM(C33+E33+G33+I33+K33+Q33+S33) -> 46661.5 | V33: =SUM(D33+F33+H33+J33+N33+R33+T33) -> 34738.71 | W33: 6393.7 | X33: 2741.9355 | Y33: =SUM(U33+W33) -> 53055.2 | Z33: =SUM(V33+X33) -> 37480.645 | AA33: sonnig | AB33: 27 | AC33: °C
A34: =SUM(A33+1) -> 27 | B34: Sa | C34: 3102.6 | D34: 4838.7097 | E34: 18794 | F34: 12903.226 | G34: 967.7 | H34: 806.45161 | I34: 5403 | J34: 1290.3226 | K34: 17639.8 | M34: =K34+L34 -> 17639.8 | N34: 5161.2903 | O34: 0 | P34: 0 | Q34: =O34+P34 -> 0 | R34: 1290.3226 | S34: 12264.9 | T34: 8448.3871 | U34: =SUM(C34+E34+G34+I34+K34+Q34+S34) -> 58172 | V34: =SUM(D34+F34+H34+J34+N34+R34+T34) -> 34738.71 | W34: 8273.6 | X34: 2741.9355 | Y34: =SUM(U34+W34) -> 66445.6 | Z34: =SUM(V34+X34) -> 37480.645 | AA34: sonnig | AB34: 31 | AC34: °C
A35: =SUM(A34+1) -> 28 | B35: So | C35: 8696.5 | D35: 4838.7097 | E35: 12101.3 | F35: 12903.226 | G35: 760.7 | H35: 806.45161 | I35: 0 | J35: 1290.3226 | K35: 4340.4 | M35: =K35+L35 -> 4340.4 | N35: 5161.2903 | O35: 0 | P35: 0 | Q35: =O35+P35 -> 0 | R35: 1290.3226 | S35: 8907.35 | T35: 8448.3871 | U35: =SUM(C35+E35+G35+I35+K35+Q35+S35) -> 34806.25 | V35: =SUM(D35+F35+H35+J35+N35+R35+T35) -> 34738.71 | W35: 1146.9 | X35: 2741.9355 | Y35: =SUM(U35+W35) -> 35953.15 | Z35: =SUM(V35+X35) -> 37480.645 | AA35: bewölkt, Vormittags Regen | AB35: 20 | AC35: °C
A36: KW | B36: =SUM(B28+1) -> 30 | C36: =SUM(C29:C35) -> 26211.8 | D36: =SUM(D29:D35) -> 33870.968 | E36: =SUM(E29:E35) -> 114438.84 | F36: =SUM(F29:F35) -> 90322.581 | G36: =SUM(G29:G35) -> 5856.8 | H36: =SUM(H29:H35) -> 5645.1613 | I36: =SUM(I29:I35) -> 12837 | J36: =SUM(J29:J35) -> 9032.2581 | ... Z36: =SUM(Z29:Z35) -> 262364.52 | AA36: Ø Temp | AB36: =SUM(AB29:AB35)/6 -> 28 | AC36: °C
A37: =SUM(A35+1) -> 29 | B37: Mo | C37: 1402 | D37: 4838.7097 | E37: 17117.7 | F37: 12903.226 | G37: 1064.9 | H37: 806.45161 | I37: 0 | J37: 1290.3226 | K37: 0 | M37: =K37+L37 -> 0 | N37: 5161.2903 | O37: 0 | P37: 400 | Q37: =O37+P37 -> 400 | R37: 1290.3226 | S37: 10158.9 | T37: 8448.3871 | U37: =SUM(C37+E37+G37+I37+K37+Q37+S37) -> 30143.5 | V37: =SUM(D37+F37+H37+J37+N37+R37+T37) -> 34738.71 | W37: 5519.2 | X37: 2741.9355 | Y37: =SUM(U37+W37) -> 35662.7 | Z37: =SUM(V37+X37) -> 37480.645 | AA37: sonnig | AB37: 29 | AC37: °C
A38: =SUM(A37+1) -> 30 | B38: Di. | C38: 1565.3 | D38: 4838.7097 | E38: 17677 | F38: 12903.226 | G38: 986.1 | H38: 806.45161 | I38: 0 | J38: 1290.3226 | K38: 0 | M38: =K38+L38 -> 0 | N38: 5161.2903 | O38: 50 | P38: 200 | Q38: =O38+P38 -> 250 | R38: 1290.3226 | S38: 10825.8 | T38: 8448.3871 | U38: =SUM(C38+E38+G38+I38+K38+Q38+S38) -> 31304.2 | V38: =SUM(D38+F38+H38+J38+N38+R38+T38) -> 34738.71 | W38: 10026.7 | X38: 2741.9355 | Y38: =SUM(U38+W38) -> 41330.9 | Z38: =SUM(V38+X38) -> 37480.645 | AA38: sonnig | AB38: 32 | AC38: °C
A39: =SUM(A38+1) -> 31 | B39: Mi. | C39: 9503.8 | D39: 4838.7097 | E39: 9597.8 | F39: 12903.226 | G39: 759.7 | H39: 806.45161 | I39: 0 | J39: 1290.3226 | K39: 0 | M39: =K39+L39 -> 0 | N39: 5161.2903 | O39: 0 | P39: 0 | Q39: =O39+P39 -> 0 | R39: 1290.3226 | S39: 9209.8 | T39: 8448.3871 | U39: =SUM(C39+E39+G39+I39+K39+Q39+S39) -> 29071.1 | V39: =SUM(D39+F39+H39+J39+N39+R39+T39) -> 34738.71 | W39: 3250.1 | X39: 2741.9355 | Y39: =SUM(U39+W39) -> 32321.2 | Z39: =SUM(V39+X39) -> 37480.645 | AA39: sonnig, nachmittag gewitter | AB39: 30 | AC39: °C
A40: KW | B40: =SUM(B36+1) -> 31 | C40: =SUM(C37:C39) -> 12471.1 | D40: =SUM(D37:D39) -> 14516.129 | E40: =SUM(E37:E39) -> 44392.5 | F40: =SUM(F37:F39) -> 38709.677 | G40: =SUM(G37:G39) -> 2810.7 | H40: =SUM(H37:H39) -> 2419.3548 | I40: =SUM(I37:I39) -> 0 | J40: =SUM(J37:J39) -> 3870.9677 | ... Z40: =SUM(Z37:Z39) -> 112441.94 | AA40: Ø Temp | AB40: =SUM(AB39)/1 -> 30 | AC40: °C
A41: Umsatz kumuliert | C41: =SUM(C12+C20+C28+C36+C40) -> 185832.1 | D41: =SUM(D12+D20+D28+D36+D40) -> 150000 | E41: =SUM(E12+E20+E28+E36+E40) -> 403154.94 | F41: =SUM(F12+F20+F28+F36+F40) -> 400000 | G41: =SUM(G12+G20+G28+G36+G40) -> 25301.7 | H41: =SUM(H12+H20+H28+H36+H40) -> 25000 | I41: =SUM(I12+I20+I28+I36+I40) -> 24716 | J41: =SUM(J12+J20+J28+J36+J40) -> 40000 | ... Z41: =SUM(Z12+Z20+Z28+Z36+Z40) -> 1161900 | AA41: Umsatz kumuliert
A42: Umsatz pro Tag | C42: =C41/31 -> 5994.5839 | D42: =D41/31 -> 4838.7097 | E42: =E41/31 -> 13004.998 | F42: =F41/31 -> 12903.226 | G42: =G41/31 -> 816.18387 | H42: =H41/31 -> 806.45161 | I42: =I41/31 -> 797.29032 | J42: =J41/31 -> 1290.3226 | K42: =K41/31 -> 4868.8548 | N42: =N41/31 -> 5161.2903 | O42: =O41/30 -> 290.49667 | R42: =R41/30 -> 1333.3333 | S42: =S41/31 -> 9017.6242 | T42: =T41/31 -> 8448.3871 | U42: =U41/31 -> 35634.774 | V42: =V41/31 -> 34738.71 | W42: =W41/31 -> 3147.8968 | X42: =X41/31 -> 2741.9355 | Y42: =Y41/31 -> 38782.671 | Z42: =Z41/31 -> 37480.645 | AA42: Budget pro Tag
A43: Diff. zu Budget | C43: =SUM(C41-D41) -> 35832.1 | E43: =SUM(E41-F41) -> 3154.9402 | G43: =SUM(G41-H41) -> 301.70009 | I43: =SUM(I41-J41) -> -15284 | M43: =SUM(M41-N41) -> -9065.5 | Q43: =SUM(100/R41*Q41) -> 87.981 | R43: =SUM(Q41-R41) -> -4807.6 | S43: =SUM(S41-T41) -> 17646.35 | U43: =SUM(U41-V41) -> 27777.99 | W43: =SUM(W41-X41) -> 12584.8 | Y43: =SUM(Y41-Z41) -> 40362.79
A44: Index | C44: =SUM(100/D41*C41) -> 123.88807 | E44: =SUM(100/F41*E41) -> 100.78874 | G44: =SUM(100/H41*G41) -> 101.2068 | I44: =SUM(100/J41*I41) -> 61.79 | M44: =SUM(100/N41*M41) -> 94.334063 | Q44: =SUM(100/T41*S41) -> 106.73782 | S44: =SUM(100/T41*S41) -> 106.73782 | U44: =SUM(100/V41*U41) -> 102.57944 | W44: =SUM(100/X41*W41) -> 114.80565 | Y44: =SUM(100/Z41*Y41) -> 103.47386

Sheet 08_24
A1: Tagesumsätze | H1: 45505
C3: Restaurant | E3: Terrasse | G3: Lounge | I3: Pavillon | K3: Bankett | O3: Seminar | S3: Hotel | U3: TOTAL Gesamtbetrieb ohne Seebad | W3: Seebad | Y3: TOTAL Gesamtbetrieb mit Seebad | AA3: Info's | AF3: Gegenkontrolle Gastronovi
C4: IST | D4: Budget | E4: IST | F4: Budget | G4: IST | H4: Budget | I4: IST | J4: Budget | K4: IST/GN | L4: IST/ET | M4: TOTAL IST | N4: Budget | O4: IST/GN | P4: IST/ET | Q4: TOTAL IST | R4: Budget | S4: IST | T4: Budget | U4: IST | V4: Budget | W4: IST | X4: Budget | Y4: IST | Z4: Budget | AA4: Wetter | AB4: Temp. | AD4: Bemerkung
A5: 1 | B5: Do | C5: 4276.5 | D5: 4193.5484 | E5: 18084.8 | F5: 12903.226 | G5: 1109.8 | H5: 806.4516 | I5: 0 | J5: 0 | K5: 0 | M5: =K5+L5 -> 0 | N5: 5161.2903 | O5: 0 | P5: 0 | Q5: =O5+P5 -> 0 | R5: 1935.4839 | S5: 12779.7 | T5: 7564.5161 | U5: =SUM(C5+E5+G5+I5+M5+Q5+S5) -> 36250.8 | V5: =SUM(D5+F5+H5+J5+N5+R5+T5) -> 32564.516 | W5: 450.2 | X5: 2741.9355 | Y5: =SUM(U5+W5) -> 36701 | Z5: =SUM(V5+X5) -> 35306.452 | AA5: wechselhaft | AB5: 26 | AC5: °C | AD5: Nationalfeiertag | AF5: =C5+E5+G5+I5+K5+O5+W5 -> 23921.3
A6: =SUM(A5+1) -> 2 | B6: Fr | C6: 5385.7 | D6: 4193.5484 | E6: 9064 | F6: 12903.226 | G6: 772.8 | H6: 806.4516 | I6: 2589 | J6: 3000 | K6: 9715.7 | M6: =K6+L6 -> 9715.7 | N6: 5161.2903 | O6: 0 | P6: 0 | Q6: =O6+P6 -> 0 | R6: 1935.4839 | S6: 10804.7 | T6: 7564.5161 | U6: =SUM(C6+E6+G6+I6+M6+Q6+S6) -> 38331.9 | V6: =SUM(D6+F6+H6+J6+N6+R6+T6) -> 35564.516 | W6: 2330.2 | X6: 2741.9355 | Y6: =SUM(U6+W6) -> 40662.1 | Z6: =SUM(V6+X6) -> 38306.452 | AA6: wechselhaft | AB6: 28 | AC6: °C | AF6: =C6+E6+G6+I6+K6+O6+W6 -> 29857.4
A7: =SUM(A6+1) -> 3 | B7: Sa | C7: 2333 | D7: 4193.5484 | E7: 19821.2 | F7: 12903.226 | G7: 1749 | H7: 806.4516 | I7: 3840 | J7: 3000 | K7: 17677.4 | M7: =K7+L7 -> 17677.4 | N7: 5161.2903 | O7: 0 | P7: 0 | Q7: =O7+P7 -> 0 | R7: 1935.4839 | S7: 12067.8 | T7: 7564.5161 | U7: =SUM(C7+E7+G7+I7+M7+Q7+S7) -> 57488.4 | V7: =SUM(D7+F7+H7+J7+N7+R7+T7) -> 35564.516 | W7: 4183 | X7: 2741.9355 | Y7: =SUM(U7+W7) -> 61671.4 | Z7: =SUM(V7+X7) -> 38306.452 | AA7: sonnig | AB7: 25 | AC7: °C | AF7: =C7+E7+G7+I7+K7+O7+W7 -> 49603.6
A8: =SUM(A7+1) -> 4 | B8: So | C8: 928.5 | D8: 4193.5484 | E8: 22467.9 | F8: 12903.226 | G8: 1583 | H8: 806.4516 | I8: 0 | J8: 0 | K8: 0 | M8: =K8+L8 -> 0 | N8: 5161.2903 | O8: 0 | P8: 0 | Q8: =O8+P8 -> 0 | R8: 1935.4839 | S8: 7281.8 | T8: 7564.5161 | U8: =SUM(C8+E8+G8+I8+M8+Q8+S8) -> 32261.2 | V8: =SUM(D8+F8+H8+J8+N8+R8+T8) -> 32564.516 | W8: 5113.4 | X8: 2741.9355 | Y8: =SUM(U8+W8) -> 37374.6 | Z8: =SUM(V8+X8) -> 35306.452 | AA8: bedeckt | AB8: 25 | AC8: °C | AF8: =C8+E8+G8+I8+K8+O8+W8 -> 30092.8
A9: KW | B9: =SUM(30+1) -> 31 | C9: =SUM(C5:C8) -> 12923.7 | D9: =SUM(D5:D8) -> 16774.194 | E9: =SUM(E5:E8) -> 69437.9 | F9: =SUM(F5:F8) -> 51612.903 | G9: =SUM(G5:G8) -> 5214.6 | H9: =SUM(H5:H8) -> 3225.8064 | I9: =SUM(I5:I8) -> 6429 | J9: =SUM(J5:J8) -> 6000 | ... Z9: =SUM(Z5:Z8) -> 147225.81 | AA9: Ø Temp | AB9: =SUM(AB5:AB8)/6 -> 17.333333 | AC9: °C
A10: =SUM(A8+1) -> 5 | B10: Mo | C10: 2334.3 | D10: 4193.5484 | E10: 15260.3 | F10: 12903.226 | G10: 640.1 | H10: 806.4516 | I10: 0 | J10: 0 | K10: 0 | M10: =K10+L10 -> 0 | N10: 5161.2903 | O10: 350 | P10: 0 | Q10: =O10+P10 -> 350 | R10: 1935.4839 | S10: 10840.5 | T10: 7564.5161 | U10: =SUM(C10+E10+G10+I10+M10+Q10+S10) -> 29425.2 | V10: =SUM(D10+F10+H10+J10+N10+R10+T10) -> 32564.516 | W10: 5345.3 | X10: 2741.9355 | Y10: =SUM(U10+W10) -> 34770.5 | Z10: =SUM(V10+X10) -> 35306.452 | AA10: sonnig | AB10: 28 | AC10: °C | AF10: =C10+E10+G10+I10+K10+O10+W10 -> 23930
A11: =SUM(A10+1) -> 6 | B11: Di | C11: 1932.9 | D11: 4193.5484 | E11: 16923.1 | F11: 12903.226 | G11: 1362.4 | H11: 806.4516 | I11: 0 | J11: 0 | K11: 0 | M11: =K11+L11 -> 0 | N11: 5161.2903 | O11: 231.7 | P11: 1693 | Q11: =O11+P11 -> 1924.7 | R11: 1935.4839 | S11: 11726.2 | T11: 7564.5161 | U11: =SUM(C11+E11+G11+I11+M11+Q11+S11) -> 33869.3 | V11: =SUM(D11+F11+H11+J11+N11+R11+T11) -> 32564.516 | W11: 8569.8 | X11: 2741.9355 | Y11: =SUM(U11+W11) -> 42439.1 | Z11: =SUM(V11+X11) -> 35306.452 | AA11: sonnig | AB11: 29 | AC11: °C | AF11: =C11+E11+G11+I11+K11+O11+W11 -> 29019.9
A12: =SUM(A11+1) -> 7 | B12: Mi | C12: 4101.2 | D12: 4193.5484 | E12: 10825.3 | F12: 12903.226 | G12: 943.2 | H12: 806.4516 | I12: 0 | J12: 0 | K12: 0 | M12: =K12+L12 -> 0 | N12: 5161.2903 | O12: 8 | P12: 777 | Q12: =O12+P12 -> 785 | R12: 1935.4839 | S12: 8766.4 | T12: 7564.5161 | U12: =SUM(C12+E12+G12+I12+M12+Q12+S12) -> 25421.1 | V12: =SUM(D12+F12+H12+J12+N12+R12+T12) -> 32564.516 | W12: 0 | X12: 2741.9355 | Y12: =SUM(U12+W12) -> 25421.1 | Z12: =SUM(V12+X12) -> 35306.452 | AA12: morgens Regen, nachmittags bedeckt | AB12: 22 | AC12: °C | AF12: =C12+E12+G12+I12+K12+O12+W12 -> 15877.7
A13: =SUM(A12+1) -> 8 | B13: Do | C13: 2281.2 | D13: 4193.5484 | E13: 17322.8 | F13: 12903.226 | G13: 822.7 | H13: 806.4516 | I13: 0 | J13: 0 | K13: 7031.5 | M13: =K13+L13 -> 7031.5 | N13: 5161.2903 | O13: 126.5 | P13: 1184 | Q13: =O13+P13 -> 1310.5 | R13: 1935.4839 | S13: 9700.95 | T13: 7564.5161 | U13: =SUM(C13+E13+G13+I13+M13+Q13+S13) -> 38469.65 | V13: =SUM(D13+F13+H13+J13+N13+R13+T13) -> 32564.516 | W13: 1200.6 | X13: 2741.9355 | Y13: =SUM(U13+W13) -> 39670.25 | Z13: =SUM(V13+X13) -> 35306.452 | AA13: bedeckt | AB13: 21 | AC13: °C | AF13: =C13+E13+G13+I13+K13+O13+W13 -> 28785.3
A14: =SUM(A13+1) -> 9 | B14: Fr | C14: 2437.1 | D14: 4193.5484 | E14: 21152.5 | F14: 12903.226 | G14: 1206.6 | H14: 806.4516 | I14: 4711 | J14: 3000 | K14: 13635.7 | M14: =K14+L14 -> 13635.7 | N14: 5161.2903 | O14: 0 | P14: 1288 | Q14: =O14+P14 -> 1288 | R14: 1935.4839 | S14: 11533 | T14: 7564.5161 | U14: =SUM(C14+E14+G14+I14+M14+Q14+S14) -> 55963.9 | V14: =SUM(D14+F14+H14+J14+N14+R14+T14) -> 35564.516 | W14: 7399.3 | X14: 2741.9355 | Y14: =SUM(U14+W14) -> 63363.2 | Z14: =SUM(V14+X14) -> 38306.452 | AA14: sonnig | AB14: 29 | AC14: °C | AF14: =C14+E14+G14+I14+K14+O14+W14 -> 50542.2
A15: =SUM(A14+1) -> 10 | B15: Sa | C15: 4009.5 | D15: 4193.5484 | E15: 24650.22 | F15: 12903.226 | G15: 1018.1 | H15: 806.4516 | I15: 3068.5 | J15: 3000 | K15: 7305.5 | M15: =K15+L15 -> 7305.5 | N15: 5161.2903 | O15: 740.1 | P15: 635 | Q15: =O15+P15 -> 1375.1 | R15: 1935.4839 | S15: 13600.1 | T15: 7564.5161 | U15: =SUM(C15+E15+G15+I15+M15+Q15+S15) -> 55027.02 | V15: =SUM(D15+F15+H15+J15+N15+R15+T15) -> 35564.516 | W15: 9608.7 | X15: 2741.9355 | Y15: =SUM(U15+W15) -> 64635.72 | Z15: =SUM(V15+X15) -> 38306.452 | AA15: sonnig | AB15: 29 | AC15: °C | AF15: =C15+E15+G15+I15+K15+O15+W15 -> 50400.62
A16: =SUM(A15+1) -> 11 | B16: So | C16: 1851.3 | D16: 4193.5484 | E16: 20880.4 | F16: 12903.226 | G16: 1544.4 | H16: 806.4516 | I16: 0 | J16: 0 | K16: 1095.5 | M16: =K16+L16 -> 1095.5 | N16: 5161.2903 | O16: 0 | P16: 0 | Q16: =O16+P16 -> 0 | R16: 1935.4839 | S16: 7051.8 | T16: 7564.5161 | U16: =SUM(C16+E16+G16+I16+M16+Q16+S16) -> 32423.4 | V16: =SUM(D16+F16+H16+J16+N16+R16+T16) -> 32564.516 | W16: 13391.9 | X16: 2741.9355 | Y16: =SUM(U16+W16) -> 45815.3 | Z16: =SUM(V16+X16) -> 35306.452 | AA16: sonnig | AB16: 30 | AC16: °C | AF16: =C16+E16+G16+I16+K16+O16+W16 -> 38763.5
A17: KW | B17: =SUM(B9+1) -> 32 | C17: =SUM(C10:C16) -> 18947.5 | D17: =SUM(D10:D16) -> 29354.839 | E17: =SUM(E10:E16) -> 127014.62 | F17: =SUM(F10:F16) -> 90322.581 | G17: =SUM(G10:G16) -> 7537.5 | H17: =SUM(H10:H16) -> 5645.1612 | I17: =SUM(I10:I16) -> 7779.5 | J17: =SUM(J10:J16) -> 6000 | ... Z17: =SUM(Z10:Z16) -> 253145.16 | AA17: Ø Temp | AB17: =SUM(AB10:AB16)/7 -> 26.857143 | AC17: °C
A18: =SUM(A16+1) -> 12 | B18: Mo | C18: 9165.9 | D18: 4193.5484 | E18: 5655.3 | F18: 12903.226 | G18: 842.7 | H18: 806.4516 | I18: 0 | J18: 0 | K18: 261 | M18: =K18+L18 -> 261 | N18: 5161.2903 | O18: 1248.4 | P18: 3466 | Q18: =O18+P18 -> 4714.4 | R18: 1935.4839 | S18: 15391.8 | T18: 7564.5161 | U18: =SUM(C18+E18+G18+I18+M18+Q18+S18) -> 36031.1 | V18: =SUM(D18+F18+H18+J18+N18+R18+T18) -> 32564.516 | W18: 4428.5 | X18: 2741.9355 | Y18: =SUM(U18+W18) -> 40459.6 | Z18: =SUM(V18+X18) -> 35306.452 | AA18: sonnig | AB18: 32 | AC18: °C | AF18: =C18+E18+G18+I18+K18+O18+W18 -> 21601.8
A19: =SUM(A18+1) -> 13 | B19: Di | C19: 3920.8 | D19: 4193.5484 | E19: 14900.6 | F19: 12903.226 | G19: 854.5 | H19: 806.4516 | I19: 0 | J19: 0 | K19: 0 | M19: =K19+L19 -> 0 | N19: 5161.2903 | O19: 1155.6 | P19: 3238 | Q19: =O19+P19 -> 4393.6 | R19: 1935.4839 | S19: 10291.4 | T19: 7564.5161 | U19: =SUM(C19+E19+G19+I19+M19+Q19+S19) -> 34360.9 | V19: =SUM(D19+F19+H19+J19+N19+R19+T19) -> 32564.516 | W19: 5238.1 | X19: 2741.9355 | Y19: =SUM(U19+W19) -> 39599 | Z19: =SUM(V19+X19) -> 35306.452 | AA19: sonnig | AB19: 33 | AC19: °C | AF19: =C19+E19+G19+I19+K19+O19+W19 -> 26069.6
A20: =SUM(A19+1) -> 14 | B20: Mi | C20: 5997.1 | D20: 4193.5484 | E20: 11974.3 | F20: 12903.226 | G20: 914 | H20: 806.4516 | I20: 0 | J20: 0 | K20: 0 | M20: =K20+L20 -> 0 | N20: 5161.2903 | O20: 1309 | P20: 5017 | Q20: =O20+P20 -> 6326 | R20: 1935.4839 | S20: 8894.9 | T20: 7564.5161 | U20: =SUM(C20+E20+G20+I20+M20+Q20+S20) -> 34106.3 | V20: =SUM(D20+F20+H20+J20+N20+R20+T20) -> 32564.516 | W20: 2541.1 | X20: 2741.9355 | Y20: =SUM(U20+W20) -> 36647.4 | Z20: =SUM(V20+X20) -> 35306.452 | AA20: sonnig | AB20: 28 | AC20: °C | AF20: =C20+E20+G20+I20+K20+O20+W20 -> 22735.5
A21: =SUM(A20+1) -> 15 | B21: Do | C21: 433.3 | D21: 4193.5484 | E21: 20973.7 | F21: 12903.226 | G21: 1046.7 | H21: 806.4516 | I21: 0 | J21: 0 | K21: 0 | M21: =K21+L21 -> 0 | N21: 5161.2903 | O21: 284.9 | P21: 2728 | Q21: =O21+P21 -> 3012.9 | R21: 1935.4839 | S21: 7540.2 | T21: 7564.5161 | U21: =SUM(C21+E21+G21+I21+M21+Q21+S21) -> 33006.8 | V21: =SUM(D21+F21+H21+J21+N21+R21+T21) -> 32564.516 | W21: 8277.1 | X21: 2741.9355 | Y21: =SUM(U21+W21) -> 41283.9 | Z21: =SUM(V21+X21) -> 35306.452 | AA21: sonnig | AB21: 31 | AC21: °C | AD21: Maria Himmelfahrt | AF21: =C21+E21+G21+I21+K21+O21+W21 -> 31015.7
A22: =SUM(A21+1) -> 16 | B22: Fr | C22: 730.4 | D22: 4193.5484 | E22: 18509.6 | F22: 12903.226 | G22: 837.5 | H22: 806.4516 | I22: 3500 | J22: 3000 | K22: 12805.5 | M22: =K22+L22 -> 12805.5 | N22: 5161.2903 | O22: 208 | P22: 2329 | Q22: =O22+P22 -> 2537 | R22: 1935.4839 | S22: 9128.9 | T22: 7564.5161 | U22: =SUM(C22+E22+G22+I22+M22+Q22+S22) -> 48048.9 | V22: =SUM(D22+F22+H22+J22+N22+R22+T22) -> 35564.516 | W22: 4325.8 | X22: 2741.9355 | Y22: =SUM(U22+W22) -> 52374.7 | Z22: =SUM(V22+X22) -> 38306.452 | AA22: sonnig | AB22: 30 | AC22: °C | AF22: =C22+E22+G22+I22+K22+O22+W22 -> 40916.8
A23: =SUM(A22+1) -> 17 | B23: Sa | C23: 8588 | D23: 4193.5484 | E23: 3329.4 | F23: 12903.226 | G23: 753.8 | H23: 806.4516 | I23: 3056 | J23: 3000 | K23: 28221.5 | M23: =K23+L23 -> 28221.5 | N23: 5161.2903 | O23: 0 | P23: 0 | Q23: =O23+P23 -> 0 | R23: 1935.4839 | S23: 12001.6 | T23: 7564.5161 | U23: =SUM(C23+E23+G23+I23+M23+Q23+S23) -> 55950.3 | V23: =SUM(D23+F23+H23+J23+N23+R23+T23) -> 35564.516 | W23: 0 | X23: 2741.9355 | Y23: =SUM(U23+W23) -> 55950.3 | Z23: =SUM(V23+X23) -> 38306.452 | AA23: regen | AB23: 25 | AC23: °C | AF23: =C23+E23+G23+I23+K23+O23+W23 -> 43948.7
A24: =SUM(A23+1) -> 18 | B24: So | C24: 14591.4 | D24: 4193.5484 | E24: 673.8 | F24: 12903.226 | G24: 98 | H24: 806.4516 | I24: 80.5 | J24: 0 | K24: 9606.3 | M24: =K24+L24 -> 9606.3 | N24: 5161.2903 | O24: 28.4 | P24: 0 | Q24: =O24+P24 -> 28.4 | R24: 1935.4839 | S24: 4612.6 | T24: 7564.5161 | U24: =SUM(C24+E24+G24+I24+M24+Q24+S24) -> 29691 | V24: =SUM(D24+F24+H24+J24+N24+R24+T24) -> 32564.516 | W24: 0 | X24: 2741.9355 | Y24: =SUM(U24+W24) -> 29691 | Z24: =SUM(V24+X24) -> 35306.452 | AA24: regen | AB24: 20 | AC24: °C | AF24: =C24+E24+G24+I24+K24+O24+W24 -> 25078.4
A25: KW | B25: =SUM(B17+1) -> 33 | C25: =SUM(C18:C24) -> 43426.9 | D25: =SUM(D18:D24) -> 29354.839 | E25: =SUM(E18:E24) -> 76016.7 | F25: =SUM(F18:F24) -> 90322.581 | G25: =SUM(G18:G24) -> 5347.2 | H25: =SUM(H18:H24) -> 5645.1612 | I25: =SUM(I18:I24) -> 6636.5 | J25: =SUM(J18:J24) -> 6000 | ... Z25: =SUM(Z18:Z24) -> 253145.16 | AA25: Ø Temp | AB25: =SUM(AB18:AB24)/7 -> 28.428571 | AC25: °C
A26: =SUM(A24+1) -> 19 | B26: Mo | C26: 2810 | D26: 4193.5484 | E26: 7154.7 | F26: 12903.226 | G26: 542.2 | H26: 806.4516 | I26: 0 | J26: 0 | K26: 303.4 | M26: =K26+L26 -> 303.4 | N26: 5161.2903 | O26: 2055 | P26: 3770 | Q26: =O26+P26 -> 5825 | R26: 1935.4839 | S26: 5716.9 | T26: 7564.5161 | U26: =SUM(C26+E26+G26+I26+M26+Q26+S26) -> 22352.2 | V26: =SUM(D26+F26+H26+J26+N26+R26+T26) -> 32564.516 | W26: 387.3 | X26: 2741.9355 | Y26: =SUM(U26+W26) -> 22739.5 | Z26: =SUM(V26+X26) -> 35306.452 | AA26: wec hselhaft | AB26: 21 | AC26: °C | AF26: =C26+E26+G26+I26+K26+O26+W26 -> 13252.6
A27: =SUM(A26+1) -> 20 | B27: Di | C27: 138 | D27: 4193.5484 | E27: 14049.8 | F27: 12903.226 | G27: 677.5 | H27: 806.4516 | I27: 0 | J27: 0 | K27: 5245.1 | M27: =K27+L27 -> 5245.1 | N27: 5161.2903 | O27: 981.9 | P27: 7378 | Q27: =O27+P27 -> 8359.9 | R27: 1935.4839 | S27: 9365.6 | T27: 7564.5161 | U27: =SUM(C27+E27+G27+I27+M27+Q27+S27) -> 37835.9 | V27: =SUM(D27+F27+H27+J27+N27+R27+T27) -> 32564.516 | W27: 1503.3 | X27: 2741.9355 | Y27: =SUM(U27+W27) -> 39339.2 | Z27: =SUM(V27+X27) -> 35306.452 | AA27: sonnig | AB27: 25 | AC27: °C | AF27: =C27+E27+G27+I27+K27+O27+W27 -> 22595.6
A28: =SUM(A27+1) -> 21 | B28: Mi | C28: 1967 | D28: 4193.5484 | E28: 7134.3 | F28: 12903.226 | G28: 555.9 | H28: 806.4516 | I28: 0 | J28: 0 | K28: 156.8 | M28: =K28+L28 -> 156.8 | N28: 5161.2903 | O28: 1243.3 | P28: 8691 | Q28: =O28+P28 -> 9934.3 | R28: 1935.4839 | S28: 10387.1 | T28: 7564.5161 | U28: =SUM(C28+E28+G28+I28+M28+Q28+S28) -> 30135.4 | V28: =SUM(D28+F28+H28+J28+N28+R28+T28) -> 32564.516 | W28: 817.7 | X28: 2741.9355 | Y28: =SUM(U28+W28) -> 30953.1 | Z28: =SUM(V28+X28) -> 35306.452 | AA28: bewölkt | AB28: 20 | AC28: °C | AF28: =C28+E28+G28+I28+K28+O28+W28 -> 11875
A29: =SUM(A28+1) -> 22 | B29: Do | C29: 761.3 | D29: 4193.5484 | E29: 15146.7 | F29: 12903.226 | G29: 1010 | H29: 806.4516 | I29: 0 | J29: 0 | K29: 1850 | M29: =K29+L29 -> 1850 | N29: 5161.2903 | O29: 1368.3 | P29: 6535 | Q29: =O29+P29 -> 7903.3 | R29: 1935.4839 | S29: 7378 | T29: 7564.5161 | U29: =SUM(C29+E29+G29+I29+M29+Q29+S29) -> 34049.3 | V29: =SUM(D29+F29+H29+J29+N29+R29+T29) -> 32564.516 | W29: 2301.1 | X29: 2741.9355 | Y29: =SUM(U29+W29) -> 36350.4 | Z29: =SUM(V29+X29) -> 35306.452 | AA29: sonnig | AB29: 24 | AC29: °C | AF29: =C29+E29+G29+I29+K29+O29+W29 -> 22437.4
A30: =SUM(A29+1) -> 23 | B30: Fr | C30: 3795.5 | D30: 4193.5484 | E30: 18010.7 | F30: 12903.226 | G30: 899.4 | H30: 806.4516 | I30: 2992.5 | J30: 3000 | K30: 7990.4 | M30: =K30+L30 -> 7990.4 | N30: 5161.2903 | O30: 120.1 | P30: 6528 | Q30: =O30+P30 -> 6648.1 | R30: 1935.4839 | S30: 5659.2 | T30: 7564.5161 | U30: =SUM(C30+E30+G30+I30+M30+Q30+S30) -> 45995.8 | V30: =SUM(D30+F30+H30+J30+N30+R30+T30) -> 35564.516 | W30: 5101 | X30: 2741.9355 | Y30: =SUM(U30+W30) -> 51096.8 | Z30: =SUM(V30+X30) -> 38306.452 | AA30: sonnig | AB30: 27 | AC30: °C | AF30: =C30+E30+G30+I30+K30+O30+W30 -> 38909.6
A31: =SUM(A30+1) -> 24 | B31: Sa | C31: 3095 | D31: 4193.5484 | E31: 20723.8 | F31: 12903.226 | G31: 1197.8 | H31: 806.4516 | I31: 3491.5 | J31: 3000 | K31: 19164 | M31: =K31+L31 -> 19164 | N31: 5161.2903 | O31: 0 | P31: 276.5 | Q31: =O31+P31 -> 276.5 | R31: 1935.4839 | S31: 14189.6 | T31: 7564.5161 | U31: =SUM(C31+E31+G31+I31+M31+Q31+S31) -> 62138.2 | V31: =SUM(D31+F31+H31+J31+N31+R31+T31) -> 35564.516 | W31: 8462.99 | X31: 2741.9355 | Y31: =SUM(U31+W31) -> 70601.19 | Z31: =SUM(V31+X31) -> 38306.452 | AA31: sonnig | AB31: 29 | AC31: °C | AF31: =C31+E31+G31+I31+K31+O31+W31 -> 56135.09
A32: =SUM(A31+1) -> 25 | B32: So | C32: 17048.2 | D32: 4193.5484 | E32: 717.7 | F32: 12903.226 | G32: 359.4 | H32: 806.4516 | I32: 0 | J32: 0 | K32: 3419.5 | M32: =K32+L32 -> 3419.5 | N32: 5161.2903 | O32: 0 | P32: 0 | Q32: =O32+P32 -> 0 | R32: 1935.4839 | S32: 2638.8 | T32: 7564.5161 | U32: =SUM(C32+E32+G32+I32+M32+Q32+S32) -> 24183.6 | V32: =SUM(D32+F32+H32+J32+N32+R32+T32) -> 32564.516 | W32: 0 | X32: 2741.9355 | Y32: =SUM(U32+W32) -> 24183.6 | Z32: =SUM(V32+X32) -> 35306.452 | AA32: wechselhaft | AB32: 18 | AC32: °C | AF32: =C32+E32+G32+I32+K32+O32+W32 -> 21544.8
A33: KW | B33: =SUM(B25+1) -> 34 | C33: =SUM(C26:C32) -> 29615 | D33: =SUM(D26:D32) -> 29354.839 | E33: =SUM(E26:E32) -> 82937.7 | F33: =SUM(F26:F32) -> 90322.581 | G33: =SUM(G26:G32) -> 5242.2 | H33: =SUM(H26:H32) -> 5645.1612 | I33: =SUM(I26:I32) -> 6484 | J33: =SUM(J26:J32) -> 6000 | ... Z33: =SUM(Z26:Z32) -> 253145.16 | AA33: Ø Temp | AB33: =SUM(AB26:AB32)/7 -> 23.428571 | AC33: °C
A34: =SUM(A32+1) -> 26 | B34: Mo | C34: 7330.82 | D34: 4193.5484 | E34: 1679.6 | F34: 12903.226 | G34: 354.7 | H34: 806.4516 | I34: 0 | J34: 0 | K34: 0 | M34: =K34+L34 -> 0 | N34: 5161.2903 | O34: 1381.6 | P34: 4928 | Q34: =O34+P34 -> 6309.6 | R34: 1935.4839 | S34: 8426.6 | T34: 7564.5161 | U34: =SUM(C34+E34+G34+I34+M34+Q34+S34) -> 24101.32 | V34: =SUM(D34+F34+H34+J34+N34+R34+T34) -> 32564.516 | W34: 0 | X34: 2741.9355 | Y34: =SUM(U34+W34) -> 24101.32 | Z34: =SUM(V34+X34) -> 35306.452 | AA34: bewölkt | AB34: 20 | AC34: °C | AF34: =C34+E34+G34+I34+K34+O34+W34 -> 10746.72
A35: =SUM(A34+1) -> 27 | B35: Di | C35: 2047.7 | D35: 4193.5484 | E35: 12695 | F35: 12903.226 | G35: 446.2 | H35: 806.4516 | I35: 0 | J35: 0 | K35: 259.5 | M35: =K35+L35 -> 259.5 | N35: 5161.2903 | O35: 3740.2 | P35: 8378 | Q35: =O35+P35 -> 12118.2 | R35: 1935.4839 | S35: 9783.3 | T35: 7564.5161 | U35: =SUM(C35+E35+G35+I35+M35+Q35+S35) -> 37349.9 | V35: =SUM(D35+F35+H35+J35+N35+R35+T35) -> 32564.516 | W35: 753.5 | X35: 2741.9355 | Y35: =SUM(U35+W35) -> 38103.4 | Z35: =SUM(V35+X35) -> 35306.452 | AA35: wechselhaft | AB35: 20 | AC35: °C | AF35: =C35+E35+G35+I35+K35+O35+W35 -> 19942.1
A36: =SUM(A35+1) -> 28 | B36: Mi | C36: 1025.3 | D36: 4193.5484 | E36: 16435.6 | F36: 12903.226 | G36: 708.5 | H36: 806.4516 | I36: 0 | J36: 0 | K36: 35 | M36: =K36+L36 -> 35 | N36: 5161.2903 | O36: 3090.6 | P36: 9342 | Q36: =O36+P36 -> 12432.6 | R36: 1935.4839 | S36: 11688.8 | T36: 7564.5161 | U36: =SUM(C36+E36+G36+I36+M36+Q36+S36) -> 42325.8 | V36: =SUM(D36+F36+H36+J36+N36+R36+T36) -> 32564.516 | W36: 3895.3 | X36: 2741.9355 | Y36: =SUM(U36+W36) -> 46221.1 | Z36: =SUM(V36+X36) -> 35306.452 | AA36: sonnig | AB36: 25 | AC36: °C | AF36: =C36+E36+G36+I36+K36+O36+W36 -> 25190.3
A37: =SUM(A36+1) -> 29 | B37: Do. | C37: 1107.2 | D37: 4193.5484 | E37: 14435.4 | F37: 12903.226 | G37: 849.1 | H37: 806.4516 | I37: 0 | J37: 0 | K37: 7840.4 | M37: =K37+L37 -> 7840.4 | N37: 5161.2903 | O37: 685.6 | P37: 5285 | Q37: =O37+P37 -> 5970.6 | R37: 1935.4839 | S37: 6985 | T37: 7564.5161 | U37: =SUM(C37+E37+G37+I37+M37+Q37+S37) -> 37187.7 | V37: =SUM(D37+F37+H37+J37+N37+R37+T37) -> 32564.516 | W37: 4503.7 | X37: 2741.9355 | Y37: =SUM(U37+W37) -> 41691.4 | Z37: =SUM(V37+X37) -> 35306.452 | AA37: sonnig | AB37: 28 | AC37: °C | AF37: =C37+E37+G37+I37+K37+O37+W37 -> 29421.4
A38: =SUM(A37+1) -> 30 | B38: Fr. | C38: 3129.9 | D38: 4193.5484 | E38: 19754.4 | F38: 12903.226 | G38: 777.7 | H38: 806.4516 | I38: 3654 | J38: 3000 | K38: 14834.1 | M38: =K38+L38 -> 14834.1 | N38: 5161.2903 | O38: 0 | P38: 1119 | Q38: =O38+P38 -> 1119 | R38: 1935.4839 | S38: 8426 | T38: 7564.5161 | U38: =SUM(C38+E38+G38+I38+M38+Q38+S38) -> 51695.1 | V38: =SUM(D38+F38+H38+J38+N38+R38+T38) -> 35564.516 | W38: 4287.8 | X38: 2741.9355 | Y38: =SUM(U38+W38) -> 55982.9 | Z38: =SUM(V38+X38) -> 38306.452 | AA38: sonnig | AB38: 28 | AC38: °C | AF38: =C38+E38+G38+I38+K38+O38+W38 -> 46437.9
A39: =SUM(A38+1) -> 31 | B39: Sa. | C39: 5054.6 | D39: 4193.5484 | E39: 19793.8 | F39: 12903.226 | G39: 1145.3 | H39: 806.4516 | I39: 3744 | J39: 3000 | K39: 14954.2 | M39: =K39+L39 -> 14954.2 | N39: 5161.2903 | O39: 0 | P39: 0 | Q39: =O39+P39 -> 0 | R39: 1935.4839 | S39: 11156.6 | T39: 7564.5161 | U39: =SUM(C39+E39+G39+I39+M39+Q39+S39) -> 55848.5 | V39: =SUM(D39+F39+H39+J39+N39+R39+T39) -> 35564.516 | W39: 6331.5 | X39: 2741.9355 | Y39: =SUM(U39+W39) -> 62180 | Z39: =SUM(V39+X39) -> 38306.452 | AA39: sonnig | AB39: 29 | AC39: °C | AF39: =C39+E39+G39+I39+K39+O39+W39 -> 51023.4
A40: KW | B40: =SUM(B33+1) -> 35 | C40: =SUM(C34:C39) -> 19695.52 | D40: =SUM(D34:D39) -> 25161.29 | E40: =SUM(E34:E39) -> 84793.8 | F40: =SUM(F34:F39) -> 77419.355 | G40: =SUM(G34:G39) -> 4281.5 | H40: =SUM(H34:H39) -> 4838.7096 | I40: =SUM(I34:I39) -> 7398 | J40: =SUM(J34:J39) -> 6000 | ... Z40: =SUM(Z34:Z39) -> 217838.71 | AA40: Ø Temp | AB40: =SUM(AB34:AB39)/4 -> 37.5 | AC40: °C | AF40: =SUM(AF5:AF39) -> 951672.73
A41: Umsatz kumuliert | C41: =SUM(C9+C17+C25+C33+C40) -> 124608.62 | D41: =SUM(D9+D17+D25+D33+D40) -> 130000 | E41: =SUM(E9+E17+E25+E33+E40) -> 440200.72 | F41: =SUM(F9+F17+F25+F33+F40) -> 400000 | G41: =SUM(G9+G17+G25+G33+G40) -> 27623 | H41: =SUM(H9+H17+H25+H33+H40) -> 25000 | I41: =SUM(I9+I17+I25+I33+I40) -> 34727 | J41: =SUM(J9+J17+J25+J33+J40) -> 30000 | ... P41: =SUM(P9+P17+P25+P33+P40) -> 84585.5 | Q41: =O41+P41 -> 104942.7 | R41: =R9+R17+R25+R33+R40 -> 60000 | S41: =SUM(S9+S17+S25+S33+S40) -> 295815.85 | T41: =SUM(T9+T17+T25+T33+T40) -> 234500 | U41: =SUM(U9+U17+U25+U33+U40) -> 1211325.9 | V41: =SUM(V9+V17+V25+V33+V40) -> 1039500 | W41: =SUM(W9+W17+W25+W33+W40) -> 120748.19 | X41: =SUM(X9+X17+X25+X33+X40) -> 85000 | Y41: =SUM(Y9+Y17+Y25+Y33+Y40) -> 1332074.1 | Z41: =SUM(Z9+Z17+Z25+Z33+Z40) -> 1124500 | AA41: Umsatz kumuliert
A42: Umsatz pro Tag | C42: =C41/31 -> 4019.6329 | D42: =D41/31 -> 4193.5484 | E42: =E41/31 -> 14200.023 | F42: =F41/31 -> 12903.226 | G42: =G41/31 -> 891.06452 | H42: =H41/31 -> 806.4516 | I42: =I41/31 -> 1120.2258 | J42: =J41/31 -> 967.74194 | K42: =K41/31 -> 5916.3871 | N42: =N41/31 -> 5161.2903 | O42: =O41/31 -> 656.68387 | P42: =P41/31 -> 2728.5645 | Q42: =Q41/31 -> 3385.2484 | R42: =R41/31 -> 1935.4839 | S42: =S41/31 -> 9542.4468 | T42: =T41/31 -> 7564.5161 | U42: =U41/31 -> 39075.029 | ... Z42: =Z41/31 -> 36274.194 | AA42: Budget pro Tag
A43: Diff. zu Budget | C43: =SUM(C41-D41) -> -5391.38 | E43: =SUM(E41-F41) -> 40200.72 | G43: =SUM(G41-H41) -> 2623.0004 | I43: =SUM(I41-J41) -> 4727 | M43: =SUM(M41-N41) -> 23408 | R43: =SUM(Q41-R41) -> 44942.7 | S43: =SUM(S41-T41) -> 61315.85 | U43: =SUM(U41-V41) -> 171825.89 | W43: =SUM(W41-X41) -> 35748.19 | Y43: =SUM(Y41-Z41) -> 207574.08
A44: Index | C44: =SUM(100/D41*C41) -> 95.852785 | E44: =SUM(100/F41*E41) -> 110.05018 | G44: =SUM(100/H41*G41) -> 110.492 | I44: =SUM(100/J41*I41) -> 115.75667 | M44: =SUM(100/N41*M41) -> 114.63 | Q44: =SUM(100/R41*Q41) -> 174.9045 | S44: =SUM(100/T41*S41) -> 126.14748 | U44: =SUM(100/V41*U41) -> 116.52967 | W44: =SUM(100/X41*W41) -> 142.05669 | Y44: =SUM(100/Z41*Y41) -> 118.45923

Sheet 09_24
A1: Tagesumsätze | H1: 45536
C3: Restaurant | E3: Terrasse | G3: Lounge | I3: Pavillon | K3: Bankett | O3: Seminar | S3: Hotel | U3: TOTAL Gesamtbetrieb ohne Seebad | W3: Seebad | Y3: TOTAL Gesamtbetrieb mit Seebad | AA3: Info's | AF3: Gegenkontrolle Gastronovi
C4: IST | D4: Budget | E4: IST | F4: Budget | G4: IST | H4: Budget | I4: IST | J4: Budget | K4: IST/GN | L4: IST/ET | M4: TOTAL IST | N4: Budget | O4: IST/GN | P4: IST/ET | Q4: TOTAL IST | R4: Budget | S4: IST | T4: Budget | U4: IST | V4: Budget | W4: IST | X4: Budget | Y4: IST | Z4: Budget | AA4: Wetter | AB4: Temp. | AD4: Bemerkung
A5: 1 | B5: So | C5: 7550.8 | D5: 6666.6667 | E5: 11727.3 | F5: 7333.3333 | G5: 858.2 | H5: 600 | I5: 0 | K5: 2079.5 | M5: =K5+L5 -> 2079.5 | N5: 6666.6667 | O5: 0 | P5: 0 | Q5: =O5+P5 -> 0 | R5: 4666.6667 | S5: 5711.3 | T5: 8250 | U5: =SUM(C5+E5+G5+I5+M5+Q5+S5) -> 27927.1 | V5: =SUM(D5+F5+H5+J5+N5+R5+T5) -> 34183.333 | W5: 6328.5 | X5: 1666.6667 | Y5: =SUM(U5+W5) -> 34255.6 | Z5: =SUM(V5+X5) -> 35850 | AA5: Sonnig | AB5: 28 | AC5: °C | AF5: =C5+E5+G5+I5+K5+O5+W5 -> 28544.3
A6: KW | B6: 35 | C6: =SUM(C5:C5) -> 7550.8 | D6: =SUM(D5:D5) -> 6666.6667 | E6: =SUM(E5:E5) -> 11727.3 | F6: =SUM(F5:F5) -> 7333.3333 | G6: =SUM(G5:G5) -> 858.2 | H6: =SUM(H5:H5) -> 600 | I6: =SUM(I5:I5) -> 0 | J6: =SUM(J5:J5) -> 0 | ... Z6: =SUM(Z5:Z5) -> 35850 | AA6: Ø Temp | AB6: =SUM(AB5:AB5)/3 -> 9.3333333 | AC6: °C
A7: =SUM(A5+1) -> 2 | B7: Mo | C7: 375.7 | D7: 6666.6667 | E7: 12882 | F7: 7333.3333 | G7: 721.9 | H7: 600 | I7: 0 | J7: 0 | K7: 850 | L7: 0 | M7: =K7+L7 -> 850 | N7: 6666.6667 | O7: 755.2 | P7: 6555 | Q7: =O7+P7 -> 7310.2 | R7: 4666.6667 | S7: 7114.6 | T7: 8250 | U7: =SUM(C7+E7+G7+I7+M7+Q7+S7) -> 29254.4 | V7: =SUM(D7+F7+H7+J7+N7+R7+T7) -> 34183.333 | W7: 1548.9 | X7: 1666.6667 | Y7: =SUM(U7+W7) -> 30803.3 | Z7: =SUM(V7+X7) -> 35850 | AA7: Sonnig | AB7: 25 | AC7: °C | AF7: =C7+E7+G7+I7+K7+O7+W7 -> 17133.7
A8: =SUM(A7+1) -> 3 | B8: Di | C8: 937.6 | D8: 6666.6667 | E8: 9261.3 | F8: 7333.3333 | G8: 318 | H8: 600 | I8: 0 | J8: 0 | K8: 1804.1 | L8: 0 | M8: =K8+L8 -> 1804.1 | N8: 6666.6667 | O8: 176.2 | P8: 6213 | Q8: =O8+P8 -> 6389.2 | R8: 4666.6667 | S8: 6047 | T8: 8250 | U8: =SUM(C8+E8+G8+I8+M8+Q8+S8) -> 24757.2 | V8: =SUM(D8+F8+H8+J8+N8+R8+T8) -> 34183.333 | W8: 1320.6 | X8: 1666.6667 | Y8: =SUM(U8+W8) -> 26077.8 | Z8: =SUM(V8+X8) -> 35850 | AA8: bewölkt | AB8: 26 | AC8: °C | AF8: =C8+E8+G8+I8+K8+O8+W8 -> 13817.8
A9: =SUM(A8+1) -> 4 | B9: Mi | C9: 384.9 | D9: 6666.6667 | E9: 9925.45 | F9: 7333.3333 | G9: 994.9 | H9: 600 | I9: 0 | J9: 0 | K9: 6876.8 | L9: 0 | M9: =K9+L9 -> 6876.8 | N9: 6666.6667 | O9: 2411.9 | P9: 5333 | Q9: =O9+P9 -> 7744.9 | R9: 4666.6667 | S9: 7847.1 | T9: 8250 | U9: =SUM(C9+E9+G9+I9+M9+Q9+S9) -> 33774.05 | V9: =SUM(D9+F9+H9+J9+N9+R9+T9) -> 34183.333 | W9: 0 | X9: 1666.6667 | Y9: =SUM(U9+W9) -> 33774.05 | Z9: =SUM(V9+X9) -> 35850 | AA9: teilweise sonnig | AB9: 21 | AC9: °C | AF9: =C9+E9+G9+I9+K9+O9+W9 -> 20593.95
A10: =SUM(A9+1) -> 5 | B10: Do | C10: 5100.87 | D10: 6666.6667 | E10: 1978.8 | F10: 7333.3333 | G10: 354.6 | H10: 600 | I10: 0 | J10: 0 | K10: 5799.2 | L10: 0 | M10: =K10+L10 -> 5799.2 | N10: 6666.6667 | O10: 3043 | P10: 6626 | Q10: =O10+P10 -> 9669 | R10: 4666.6667 | S10: 9663.3 | T10: 8250 | U10: =SUM(C10+E10+G10+I10+M10+Q10+S10) -> 32565.77 | V10: =SUM(D10+F10+H10+J10+N10+R10+T10) -> 34183.333 | W10: 0 | X10: 1666.6667 | Y10: =SUM(U10+W10) -> 32565.77 | Z10: =SUM(V10+X10) -> 35850 | AA10: bewölkt | AB10: 21 | AC10: °C | AF10: =C10+E10+G10+I10+K10+O10+W10 -> 16276.47
A11: =SUM(A10+1) -> 6 | B11: Fr | C11: 3621.8 | D11: 6666.6667 | E11: 13344.8 | F11: 7333.3333 | G11: 1136.9 | H11: 600 | I11: 4743 | J11: 3125 | K11: 13761.6 | L11: 0 | M11: =K11+L11 -> 13761.6 | N11: 6666.6667 | O11: 266.3 | P11: 3294 | Q11: =O11+P11 -> 3560.3 | R11: 4666.6667 | S11: 8661.1 | T11: 8250 | U11: =SUM(C11+E11+G11+I11+M11+Q11+S11) -> 48829.5 | V11: =SUM(D11+F11+H11+J11+N11+R11+T11) -> 37308.333 | W11: 711 | X11: 1666.6667 | Y11: =SUM(U11+W11) -> 49540.5 | Z11: =SUM(V11+X11) -> 38975 | AA11: Nachmittags sonnig | AB11: 25 | AC11: °C | AF11: =C11+E11+G11+I11+K11+O11+W11 -> 37585.4
A12: =SUM(A11+1) -> 7 | B12: Sa | C12: 3709.5 | D12: 6666.6667 | E12: 20271.4 | F12: 7333.3333 | G12: 1364.9 | H12: 600 | I12: 3072 | J12: 3125 | K12: 27248.1 | M12: =K12+L12 -> 27248.1 | N12: 6666.6667 | O12: 0 | P12: 0 | Q12: =O12+P12 -> 0 | R12: 4666.6667 | S12: 11550.2 | T12: 8250 | U12: =SUM(C12+E12+G12+I12+M12+Q12+S12) -> 67216.1 | V12: =SUM(D12+F12+H12+J12+N12+R12+T12) -> 37308.333 | W12: 5760.1 | X12: 1666.6667 | Y12: =SUM(U12+W12) -> 72976.2 | Z12: =SUM(V12+X12) -> 38975 | AA12: sonnig | AB12: 26 | AC12: °C | AF12: =C12+E12+G12+I12+K12+O12+W12 -> 61426
A13: =SUM(A12+1) -> 8 | B13: So | C13: 15033 | D13: 6666.6667 | E13: 938.5 | F13: 7333.3333 | G13: 269.4 | H13: 600 | I13: 0 | J13: 0 | K13: 6568.5 | M13: =K13+L13 -> 6568.5 | N13: 6666.6667 | O13: 0 | P13: 0 | Q13: =O13+P13 -> 0 | R13: 4666.6667 | S13: 5066.3 | T13: 8250 | U13: =SUM(C13+E13+G13+I13+M13+Q13+S13) -> 27875.7 | V13: =SUM(D13+F13+H13+J13+N13+R13+T13) -> 34183.333 | W13: 330.7 | X13: 1666.6667 | Y13: =SUM(U13+W13) -> 28206.4 | Z13: =SUM(V13+X13) -> 35850 | AA13: wechselhaft, Abend Regen | AB13: 20 | AC13: °C | AF13: =C13+E13+G13+I13+K13+O13+W13 -> 23140.1
A14: KW | B14: =SUM(B6+1) -> 36 | C14: =SUM(C7:C13) -> 29163.37 | D14: =SUM(D7:D13) -> 46666.667 | E14: =SUM(E7:E13) -> 68602.25 | F14: =SUM(F7:F13) -> 51333.333 | G14: =SUM(G7:G13) -> 5160.6 | H14: =SUM(H7:H13) -> 4200 | I14: =SUM(I7:I13) -> 7815 | J14: =SUM(J7:J13) -> 6250 | ... Z14: =SUM(Z7:Z13) -> 257200 | AB14: =SUM(AB7:AB13)/7 -> 23.428571 | AC14: °C
A15: =SUM(A13+1) -> 9 | B15: Mo | C15: 7740.6 | D15: 6666.6667 | E15: 0 | F15: 7333.3333 | G15: 123.6 | H15: 600 | I15: 0 | J15: 0 | K15: 0 | M15: =K15+L15 -> 0 | N15: 6666.6667 | O15: 1878.6 | P15: 2527 | Q15: =O15+P15 -> 4405.6 | R15: 4666.6667 | S15: 4542.5 | T15: 8250 | U15: =SUM(C15+E15+G15+I15+M15+Q15+S15) -> 16812.3 | V15: =SUM(D15+F15+H15+J15+N15+R15+T15) -> 34183.333 | W15: 0 | X15: 1666.6667 | Y15: =SUM(U15+W15) -> 16812.3 | Z15: =SUM(V15+X15) -> 35850 | AA15: Regen | AB15: 15 | AC15: °C | AF15: =C15+E15+G15+I15+K15+O15+W15 -> 9742.8
A16: =SUM(A15+1) -> 10 | B16: Di | C16: 9548.6 | D16: 6666.6667 | E16: 516.2 | F16: 7333.3333 | G16: 263.2 | H16: 600 | I16: 0 | J16: 0 | K16: 760 | M16: =K16+L16 -> 760 | N16: 6666.6667 | O16: 344.8 | P16: 2945 | Q16: =O16+P16 -> 3289.8 | R16: 4666.6667 | S16: 5777.3 | T16: 8250 | U16: =SUM(C16+E16+G16+I16+M16+Q16+S16) -> 20155.1 | V16: =SUM(D16+F16+H16+J16+N16+R16+T16) -> 34183.333 | W16: 124.5 | X16: 1666.6667 | Y16: =SUM(U16+W16) -> 20279.6 | Z16: =SUM(V16+X16) -> 35850 | AA16: wechselhaft | AB16: 20 | AC16: °C | AF16: =C16+E16+G16+I16+K16+O16+W16 -> 11557.3
A17: =SUM(A16+1) -> 11 | B17: Mi | C17: 8274.1 | D17: 6666.6667 | E17: -985 | F17: 7333.3333 | G17: 6 | H17: 600 | I17: 0 | J17: 0 | K17: -352.7 | M17: =K17+L17 -> -352.7 | N17: 6666.6667 | O17: 2247.3 | P17: 5506 | Q17: =O17+P17 -> 7753.3 | R17: 4666.6667 | S17: 6881 | T17: 8250 | U17: =SUM(C17+E17+G17+I17+M17+Q17+S17) -> 21576.7 | V17: =SUM(D17+F17+H17+J17+N17+R17+T17) -> 34183.333 | W17: 0 | X17: 1666.6667 | Y17: =SUM(U17+W17) -> 21576.7 | Z17: =SUM(V17+X17) -> 35850 | AA17: Regen | AB17: 14 | AC17: °C | AF17: =C17+E17+G17+I17+K17+O17+W17 -> 9189.7
A18: =SUM(A17+1) -> 12 | B18: Do | C18: 7879 | D18: 6666.6667 | E18: -713.3 | F18: 7333.3333 | G18: 0 | H18: 600 | I18: 0 | J18: 0 | K18: 8664.7 | M18: =K18+L18 -> 8664.7 | N18: 6666.6667 | O18: 976.3 | P18: 6978 | Q18: =O18+P18 -> 7954.3 | R18: 4666.6667 | S18: 5585.4 | T18: 8250 | U18: =SUM(C18+E18+G18+I18+M18+Q18+S18) -> 29370.1 | V18: =SUM(D18+F18+H18+J18+N18+R18+T18) -> 34183.333 | W18: 0 | X18: 1666.6667 | Y18: =SUM(U18+W18) -> 29370.1 | Z18: =SUM(V18+X18) -> 35850 | AA18: bewölkt | AB18: 15 | AC18: °C | AF18: =C18+E18+G18+I18+K18+O18+W18 -> 16806.7
A19: =SUM(A18+1) -> 13 | B19: Fr | C19: 15503.4 | D19: 6666.6667 | E19: 10.9 | F19: 7333.3333 | G19: 5.3 | H19: 600 | I19: 3261 | J19: 3125 | K19: 13078.8 | M19: =K19+L19 -> 13078.8 | N19: 6666.6667 | O19: 54 | P19: 2284 | Q19: =O19+P19 -> 2338 | R19: 4666.6667 | S19: 6425.7 | T19: 8250 | U19: =SUM(C19+E19+G19+I19+M19+Q19+S19) -> 40623.1 | V19: =SUM(D19+F19+H19+J19+N19+R19+T19) -> 37308.333 | W19: 0 | X19: 1666.6667 | Y19: =SUM(U19+W19) -> 40623.1 | Z19: =SUM(V19+X19) -> 38975 | AA19: regen | AB19: 13 | AC19: °C | AF19: =C19+E19+G19+I19+K19+O19+W19 -> 31913.4
A20: =SUM(A19+1) -> 14 | B20: Sa | C20: 12347 | D20: 6666.6667 | E20: 0 | F20: 7333.3333 | G20: 254.3 | H20: 600 | I20: 2790 | J20: 3125 | K20: 24793.8 | M20: =K20+L20 -> 24793.8 | N20: 6666.6667 | O20: 0 | P20: 0 | Q20: =O20+P20 -> 0 | R20: 4666.6667 | S20: 12278.3 | T20: 8250 | U20: =SUM(C20+E20+G20+I20+M20+Q20+S20) -> 52463.4 | V20: =SUM(D20+F20+H20+J20+N20+R20+T20) -> 37308.333 | W20: 0 | X20: 1666.6667 | Y20: =SUM(U20+W20) -> 52463.4 | Z20: =SUM(V20+X20) -> 38975 | AA20: bewölkt | AB20: 12 | AC20: °C | AF20: =C20+E20+G20+I20+K20+O20+W20 -> 40185.1
A21: =SUM(A20+1) -> 15 | B21: So | C21: 12810.6 | D21: 6666.6667 | E21: 2170.6 | F21: 7333.3333 | G21: 684.4 | H21: 600 | I21: 0 | J21: 0 | K21: 3312.7 | M21: =K21+L21 -> 3312.7 | N21: 6666.6667 | O21: 0 | P21: 0 | Q21: =O21+P21 -> 0 | R21: 4666.6667 | S21: 8246.8 | T21: 8250 | U21: =SUM(C21+E21+G21+I21+M21+Q21+S21) -> 27225.1 | V21: =SUM(D21+F21+H21+J21+N21+R21+T21) -> 34183.333 | W21: 0 | X21: 1666.6667 | Y21: =SUM(U21+W21) -> 27225.1 | Z21: =SUM(V21+X21) -> 35850 | AA21: wechselhaft | AB21: 10 | AC21: °C | AF21: =C21+E21+G21+I21+K21+O21+W21 -> 18978.3
A22: KW | B22: =SUM(B14+1) -> 37 | C22: =SUM(C15:C21) -> 74103.3 | D22: =SUM(D15:D21) -> 46666.667 | E22: =SUM(E15:E21) -> 999.4 | F22: =SUM(F15:F21) -> 51333.333 | G22: =SUM(G15:G21) -> 1336.8 | H22: =SUM(H15:H21) -> 4200 | I22: =SUM(I15:I21) -> 6051 | J22: =SUM(J15:J21) -> 6250 | ... Z22: =SUM(Z15:Z21) -> 257200 | AA22: Ø Temp | AB22: =SUM(AB15:AB21)/7 -> 14.142857 | AC22: °C
A23: =SUM(A21+1) -> 16 | B23: Mo | C23: 6280.3 | D23: 6666.6667 | E23: 0 | F23: 7333.3333 | G23: 0 | H23: 600 | I23: 0 | J23: 0 | K23: 0 | M23: =K23+L23 -> 0 | N23: 6666.6667 | O23: 252.3 | P23: 3583 | Q23: =O23+P23 -> 3835.3 | R23: 4666.6667 | S23: 10025 | T23: 8250 | U23: =SUM(C23+E23+G23+I23+M23+Q23+S23) -> 20140.6 | V23: =SUM(D23+F23+H23+J23+N23+R23+T23) -> 34183.333 | W23: 0 | X23: 1666.6667 | Y23: =SUM(U23+W23) -> 20140.6 | Z23: =SUM(V23+X23) -> 35850 | AA23: wechselhaft | AB23: 12 | AC23: °C | AF23: =C23+E23+G23+I23+K23+O23+W23 -> 6532.6
A24: =SUM(A23+1) -> 17 | B24: Di | C24: 8554.3 | D24: 6666.6667 | E24: 140 | F24: 7333.3333 | G24: 143.9 | H24: 600 | I24: 0 | J24: 0 | K24: 149.6 | M24: =K24+L24 -> 149.6 | N24: 6666.6667 | O24: 3102.2 | P24: 5869 | Q24: =O24+P24 -> 8971.2 | R24: 4666.6667 | S24: 10611.1 | T24: 8250 | U24: =SUM(C24+E24+G24+I24+M24+Q24+S24) -> 28570.1 | V24: =SUM(D24+F24+H24+J24+N24+R24+T24) -> 34183.333 | W24: 0 | X24: 1666.6667 | Y24: =SUM(U24+W24) -> 28570.1 | Z24: =SUM(V24+X24) -> 35850 | AA24: regen | AB24: 12 | AC24: °C | AF24: =C24+E24+G24+I24+K24+O24+W24 -> 12090
A25: =SUM(A24+1) -> 18 | B25: Mi | C25: 6398.5 | D25: 6666.6667 | E25: 762 | F25: 7333.3333 | G25: 260.5 | H25: 600 | I25: 0 | J25: 0 | K25: 340 | M25: =K25+L25 -> 340 | N25: 6666.6667 | O25: 871.3 | P25: 4147 | Q25: =O25+P25 -> 5018.3 | R25: 4666.6667 | S25: 7547.1 | T25: 8250 | U25: =SUM(C25+E25+G25+I25+M25+Q25+S25) -> 20326.4 | V25: =SUM(D25+F25+H25+J25+N25+R25+T25) -> 34183.333 | W25: 156.4 | X25: 1666.6667 | Y25: =SUM(U25+W25) -> 20482.8 | Z25: =SUM(V25+X25) -> 35850 | AA25: wechselhaft | AB25: 15 | AC25: °C | AF25: =C25+E25+G25+I25+K25+O25+W25 -> 8788.7
A26: =SUM(A25+1) -> 19 | B26: Do | C26: 7913.9 | D26: 6666.6667 | E26: 707.1 | F26: 7333.3333 | G26: 233.3 | H26: 600 | I26: 0 | J26: 0 | K26: 5230.1 | M26: =K26+L26 -> 5230.1 | N26: 6666.6667 | O26: 2173.6 | P26: 4802.9 | Q26: =O26+P26 -> 6976.5 | R26: 4666.6667 | S26: 8908.9 | T26: 8250 | U26: =SUM(C26+E26+G26+I26+M26+Q26+S26) -> 29969.8 | V26: =SUM(D26+F26+H26+J26+N26+R26+T26) -> 34183.333 | W26: 167.4 | X26: 1666.6667 | Y26: =SUM(U26+W26) -> 30137.2 | Z26: =SUM(V26+X26) -> 35850 | AA26: hochnebel | AB26: 16 | AC26: °C | AF26: =C26+E26+G26+I26+K26+O26+W26 -> 16425.4
A27: =SUM(A26+1) -> 20 | B27: Fr | C27: 5942.9 | D27: 6666.6667 | E27: 5613 | F27: 7333.3333 | G27: 597.6 | H27: 600 | I27: 0 | J27: 3125 | K27: 21813.7 | M27: =K27+L27 -> 21813.7 | N27: 6666.6667 | O27: 358.2 | P27: 4750 | Q27: =O27+P27 -> 5108.2 | R27: 4666.6667 | S27: 9798.3 | T27: 8250 | U27: =SUM(C27+E27+G27+I27+M27+Q27+S27) -> 48873.7 | V27: =SUM(D27+F27+H27+J27+N27+R27+T27) -> 37308.333 | W27: 627.6 | X27: 1666.6667 | Y27: =SUM(U27+W27) -> 49501.3 | Z27: =SUM(V27+X27) -> 38975 | AA27: sonnig | AB27: 20 | AC27: °C | AF27: =C27+E27+G27+I27+K27+O27+W27 -> 34953
A28: =SUM(A27+1) -> 21 | B28: Sa | C28: 10984.7 | D28: 6666.6667 | E28: 10029.2 | F28: 7333.3333 | G28: 1068.7 | H28: 600 | I28: 3545.5 | J28: 3125 | K28: 11031.6 | M28: =K28+L28 -> 11031.6 | N28: 6666.6667 | O28: 0 | P28: 0 | Q28: =O28+P28 -> 0 | R28: 4666.6667 | S28: 9789.8 | T28: 8250 | U28: =SUM(C28+E28+G28+I28+M28+Q28+S28) -> 46449.5 | V28: =SUM(D28+F28+H28+J28+N28+R28+T28) -> 37308.333 | W28: 954.6 | X28: 1666.6667 | Y28: =SUM(U28+W28) -> 47404.1 | Z28: =SUM(V28+X28) -> 38975 | AA28: Sonnig | AB28: 21 | AC28: °C | AF28: =C28+E28+G28+I28+K28+O28+W28 -> 37614.3
A29: =SUM(A28+1) -> 22 | B29: So | C29: 8877.6 | D29: 6666.6667 | E29: 8300.3 | F29: 7333.3333 | G29: 773.7 | H29: 600 | I29: 0 | J29: 0 | K29: 6551.2 | M29: =K29+L29 -> 6551.2 | N29: 6666.6667 | O29: 0 | P29: 0 | Q29: =O29+P29 -> 0 | R29: 4666.6667 | S29: 3124.9 | T29: 8250 | U29: =SUM(C29+E29+G29+I29+M29+Q29+S29) -> 27627.7 | V29: =SUM(D29+F29+H29+J29+N29+R29+T29) -> 34183.333 | W29: 544.5 | X29: 1666.6667 | Y29: =SUM(U29+W29) -> 28172.2 | Z29: =SUM(V29+X29) -> 35850 | AA29: bewélkt | AB29: 20 | AC29: °C | AF29: =C29+E29+G29+I29+K29+O29+W29 -> 25047.3
A30: KW | B30: =SUM(B22+1) -> 38 | C30: =SUM(C23:C29) -> 54952.2 | D30: =SUM(D23:D29) -> 46666.667 | E30: =SUM(E23:E29) -> 25551.6 | F30: =SUM(F23:F29) -> 51333.333 | G30: =SUM(G23:G29) -> 3077.7 | H30: =SUM(H23:H29) -> 4200 | I30: =SUM(I23:I29) -> 3545.5 | J30: =SUM(J23:J29) -> 6250 | ... Z30: =SUM(Z23:Z29) -> 257200 | AA30: Ø Temp | AB30: =SUM(AB23:AB29)/7 -> 16.571429 | AC30: °C
A31: =SUM(A29+1) -> 23 | B31: Mo | C31: 6269.6 | D31: 6666.6667 | E31: 126.1 | F31: 7333.3333 | G31: 163 | H31: 600 | I31: 0 | J31: 0 | K31: 368.5 | M31: =K31+L31 -> 368.5 | N31: 6666.6667 | O31: 22.6 | P31: 1760 | Q31: =O31+P31 -> 1782.6 | R31: 4666.6667 | S31: 3990.9 | T31: 8250 | U31: =SUM(C31+E31+G31+I31+M31+Q31+S31) -> 12700.7 | V31: =SUM(D31+F31+H31+J31+N31+R31+T31) -> 34183.333 | W31: 0 | X31: 1666.6667 | Y31: =SUM(U31+W31) -> 12700.7 | Z31: =SUM(V31+X31) -> 35850 | AA31: Regen | AB31: 15 | AC31: °C | AF31: =C31+E31+G31+I31+K31+O31+W31 -> 6949.8
A32: =SUM(A31+1) -> 24 | B32: Di | C32: 10663.6 | D32: 6666.6667 | E32: 579.7 | F32: 7333.3333 | G32: 316.6 | H32: 600 | I32: 0 | J32: 0 | K32: 1260 | M32: =K32+L32 -> 1260 | N32: 6666.6667 | O32: 41.5 | P32: 1928 | Q32: =O32+P32 -> 1969.5 | R32: 4666.6667 | S32: 6602.75 | T32: 8250 | U32: =SUM(C32+E32+G32+I32+M32+Q32+S32) -> 21392.15 | V32: =SUM(D32+F32+H32+J32+N32+R32+T32) -> 34183.333 | W32: 0 | X32: 1666.6667 | Y32: =SUM(U32+W32) -> 21392.15 | Z32: =SUM(V32+X32) -> 35850 | AA32: regenschauer, bedeckt | AB32: 17 | AC32: °C | AF32: =C32+E32+G32+I32+K32+O32+W32 -> 12861.4
A33: =SUM(A32+1) -> 25 | B33: Mi | C33: 5078.8 | D33: 6666.6667 | E33: 2056 | F33: 7333.3333 | G33: 358.1 | H33: 600 | I33: 1959 | J33: 0 | K33: 2319 | M33: =K33+L33 -> 2319 | N33: 6666.6667 | O33: 734.6 | P33: 1447 | Q33: =O33+P33 -> 2181.6 | R33: 4666.6667 | S33: 5888.15 | T33: 8250 | U33: =SUM(C33+E33+G33+I33+M33+Q33+S33) -> 19840.65 | V33: =SUM(D33+F33+H33+J33+N33+R33+T33) -> 34183.333 | W33: 0 | X33: 1666.6667 | Y33: =SUM(U33+W33) -> 19840.65 | Z33: =SUM(V33+X33) -> 35850 | AA33: wechselhaft | AB33: 18 | AC33: °C | AF33: =C33+E33+G33+I33+K33+O33+W33 -> 12505.5
A34: =SUM(A33+1) -> 26 | B34: Do | C34: 8066.7 | D34: 6666.6667 | E34: 0 | F34: 7333.3333 | G34: 0 | H34: 600 | I34: 0 | J34: 0 | K34: 1077.2 | M34: =K34+L34 -> 1077.2 | N34: 6666.6667 | O34: 1543.8 | P34: 10142 | Q34: =O34+P34 -> 11685.8 | R34: 4666.6667 | S34: 6490.1 | T34: 8250 | U34: =SUM(C34+E34+G34+I34+M34+Q34+S34) -> 27319.8 | V34: =SUM(D34+F34+H34+J34+N34+R34+T34) -> 34183.333 | W34: 0 | X34: 1666.6667 | Y34: =SUM(U34+W34) -> 27319.8 | Z34: =SUM(V34+X34) -> 35850 | AA34: regen | AB34: 15 | AC34: °C | AF34: =C34+E34+G34+I34+K34+O34+W34 -> 10687.7
A35: =SUM(A34+1) -> 27 | B35: Fr | C35: 11592 | D35: 6666.6667 | E35: 17 | F35: 7333.3333 | G35: 0 | H35: 600 | I35: 3595 | J35: 3125 | K35: 15645.6 | M35: =K35+L35 -> 15645.6 | N35: 6666.6667 | O35: 275.7 | P35: 4186 | Q35: =O35+P35 -> 4461.7 | R35: 4666.6667 | S35: 7880.1 | T35: 8250 | U35: =SUM(C35+E35+G35+I35+M35+Q35+S35) -> 43191.4 | V35: =SUM(D35+F35+H35+J35+N35+R35+T35) -> 37308.333 | W35: 0 | X35: 1666.6667 | Y35: =SUM(U35+W35) -> 43191.4 | Z35: =SUM(V35+X35) -> 38975 | AA35: sonnig, am Abend Regen | AB35: 15 | AC35: °C | AF35: =C35+E35+G35+I35+K35+O35+W35 -> 31125.3
A36: =SUM(A35+1) -> 28 | B36: Sa | C36: 12788.4 | D36: 6666.6667 | E36: 0 | F36: 7333.3333 | G36: 0 | H36: 600 | I36: 0 | J36: 3125 | K36: 20883.4 | M36: =K36+L36 -> 20883.4 | N36: 6666.6667 | O36: 0 | P36: 0 | Q36: =O36+P36 -> 0 | R36: 4666.6667 | S36: 10821.1 | T36: 8250 | U36: =SUM(C36+E36+G36+I36+M36+Q36+S36) -> 44492.9 | V36: =SUM(D36+F36+H36+J36+N36+R36+T36) -> 37308.333 | W36: 0 | X36: 1666.6667 | Y36: =SUM(U36+W36) -> 44492.9 | Z36: =SUM(V36+X36) -> 38975 | AA36: Regen | AB36: 11 | AC36: °C | AF36: =C36+E36+G36+I36+K36+O36+W36 -> 33671.8
A37: =SUM(A36+1) -> 29 | B37: So. | C37: 10226.6 | D37: 6666.6667 | E37: 238.5 | F37: 7333.3333 | G37: 300.9 | H37: 600 | I37: 0 | J37: 0 | K37: 5183 | M37: =K37+L37 -> 5183 | N37: 6666.6667 | O37: 125.5 | P37: 0 | Q37: =O37+P37 -> 125.5 | R37: 4666.6667 | S37: 3629.2 | T37: 8250 | U37: =SUM(C37+E37+G37+I37+M37+Q37+S37) -> 19703.7 | V37: =SUM(D37+F37+H37+J37+N37+R37+T37) -> 34183.333 | W37: 0 | X37: 1666.6667 | Y37: =SUM(U37+W37) -> 19703.7 | Z37: =SUM(V37+X37) -> 35850 | AA37: sonnig | AB37: 11 | AC37: °C | AF37: =C37+E37+G37+I37+K37+O37+W37 -> 16074.5
A38: KW | B38: =SUM(B30+1) -> 39 | C38: =SUM(C31:C37) -> 64685.7 | D38: =SUM(D31:D37) -> 46666.667 | E38: =SUM(E31:E37) -> 3017.3 | F38: =SUM(F31:F37) -> 51333.333 | G38: =SUM(G31:G37) -> 1138.6 | H38: =SUM(H31:H37) -> 4200 | I38: =SUM(I31:I37) -> 5554 | J38: =SUM(J31:J37) -> 6250 | ... Z38: =SUM(Z31:Z37) -> 257200 | AA38: Ø Temp | AB38: =SUM(AB31:AB34)/4 -> 16.25 | AC38: °C
A39: =SUM(A37+1) -> 30 | B39: Mo | C39: 7249 | D39: 6666.6667 | E39: 711.9 | F39: 7333.3333 | G39: 258.5 | H39: 600 | I39: 5709.5 | J39: 0 | K39: 0 | M39: =K39+L39 -> 0 | N39: 6666.6667 | O39: 692.4 | P39: 4448 | Q39: =O39+P39 -> 5140.4 | R39: 4666.6667 | S39: 6631.2 | T39: 8250 | U39: =SUM(C39+E39+G39+I39+M39+Q39+S39) -> 25700.5 | V39: =SUM(D39+F39+H39+J39+N39+R39+T39) -> 34183.333 | W39: 0 | X39: 1666.6667 | Y39: =SUM(U39+W39) -> 25700.5 | Z39: =SUM(V39+X39) -> 35850 | AA39: sonnig | AB39: 14 | AC39: °C | AF39: =C39+E39+G39+I39+K39+O39+W39 -> 14621.3
A40: KW | B40: =SUM(39+1) -> 40 | C40: =SUM(C39) -> 7249 | D40: =SUM(D39) -> 6666.6667 | E40: =SUM(E39) -> 711.9 | F40: =SUM(F39) -> 7333.3333 | G40: =SUM(G39) -> 258.5 | H40: =SUM(H39) -> 600 | I40: =SUM(I39) -> 5709.5 | J40: =SUM(J39) -> 0 | ... Z40: =SUM(Z39) -> 35850 | AF40: =SUM(AF5:AF39) -> 636839.62
A41: Umsatz kumuliert | C41: =SUM(C6+C14+C22+C30+C38+C40) -> 237704.37 | D41: =SUM(D6+D14+D22+D30+D38+D40) -> 200000 | E41: =SUM(E6+E14+E22+E30+E38+E40) -> 110609.75 | F41: =SUM(F6+F14+F22+F30+F38+F40) -> 220000 | G41: =SUM(G6+G14+G22+G30+G38+G40) -> 11830.4 | H41: =SUM(H6+H14+H22+H30+H38+H40) -> 18000 | I41: =SUM(I6+I14+I22+I30+I38+I40) -> 28675 | J41: =SUM(J6+J14+J22+J30+J38+J40) -> 25000 | ... Z41: =SUM(Z6+Z14+Z22+Z30+Z38+Z40) -> 1100500 | AA41: Umsatz kumuliert
A42: Umsatz pro Tag | C42: =C41/30 -> 7923.479 | D42: =D41/30 -> 6666.6667 | E42: =E41/30 -> 3686.9917 | F42: =F41/30 -> 7333.3333 | G42: =G41/30 -> 394.34667 | H42: =H41/30 -> 600 | I42: =I41/30 -> 955.83333 | J42: =J41/30 -> 833.33333 | ... N42: =N41/30 -> 6666.6667 | P42: 123 | R42: =SUM(Q41-R41) -> -22328.8 | S42: =S41/30 -> 7437.8833 | T42: =T41/30 -> 8250 | U42: =U41/30 -> 31224.174 | V42: =V41/30 -> 35016.667 | W42: =W41/30 -> 619.16 | X42: =X41/30 -> 1666.6667 | Y42: =Y41/30 -> 31843.334 | Z42: =Z41/30 -> 36683.333 | AA42: Budget pro Tag
A43: Diff. zu Budget | C43: =SUM(C41-D41) -> 37704.37 | E43: =SUM(E41-F41) -> -109390.25 | G43: =SUM(G41-H41) -> -6169.6 | I43: =SUM(I41-J41) -> 3675 | M43: =SUM(M41-N41) -> 7098.0002 | Q43: =SUM(Q41-R41) -> -22328.8 | S43: =SUM(S41-T41) -> -24363.5 | U43: =SUM(U41-V41) -> -113774.78 | W43: =SUM(W41-X41) -> -31425.2 | Y43: =SUM(Y41-Z41) -> -145199.98
A44: Index | C44: =SUM(100/D41*C41) -> 118.85219 | E44: =SUM(100/F41*E41) -> 50.277159 | G44: =SUM(100/H41*G41) -> 65.724444 | I44: =SUM(100/J41*I41) -> 114.7 | M44: =SUM(100/N41*M41) -> 103.549 | Q44: =SUM(100/R41*Q41) -> 84.050857 | S44: =SUM(100/T41*S41) -> 90.156162 | U44: =SUM(100/V41*U41) -> 89.169464 | W44: =SUM(100/X41*W41) -> 37.1496 | Y44: =SUM(100/Z41*Y41) -> 86.805999

Sheet 10_24
A1: Tagesumsätze | H1: 45566
C3: Restaurant | E3: Terrasse | G3: Lounge | I3: Pavillon | K3: Bankett | O3: Seminar | S3: Hotel | U3: TOTAL Gesamtbetrieb ohne Seebad | W3: Seebad | Y3: TOTAL Gesamtbetrieb mit Seebad | AA3: Info's | AF3: Gegenkontrolle Gastronovi
C4: IST | D4: Budget | E4: IST | F4: Budget | G4: IST | H4: Budget | I4: IST | J4: Budget | K4: IST/GN | L4: IST/ET | M4: TOTAL IST | N4: Budget | O4: IST/GN | P4: IST/ET | Q4: TOTAL IST | R4: Budget | S4: IST | T4: Budget | U4: IST | V4: Budget | W4: IST | X4: Budget | Y4: IST | Z4: Budget | AA4: Wetter | AB4: Temp. | AD4: Bemerkung
A5: 1 | B5: Di | C5: 7579.1 | D5: 9354.8387 | E5: 0 | F5: 2580.6452 | G5: 20.8 | H5: 322.58065 | I5: 0 | J5: 0 | K5: 702 | M5: =K5+L5 -> 702 | N5: 3870.9677 | O5: 574.8 | P5: 4378 | Q5: =SUM(O5:P5) -> 4952.8 | R5: 2580.6452 | S5: 4612.4 | T5: 4929.0323 | U5: =SUM(C5+E5+G5+I5+K5+L5+O5+P5+S5) -> 17867.1 | V5: =SUM(D5+F5+H5+R5+J5+N5+T5) -> 23638.71 | W5: 0 | X5: 0 | Y5: =SUM(U5+W5) -> 17867.1 | Z5: =SUM(V5+X5) -> 23638.71 | AA5: sonnig | AB5: 13 | AC5: °C | AF5: =C5+E5+G5+I5+K5+O5+W5 -> 8876.7
A6: 2 | B6: Mi | C6: 7401.9 | D6: 9354.8387 | E6: 15.3 | F6: 2580.6452 | G6: 82.6 | H6: 322.58065 | I6: 0 | J6: 0 | K6: 2207 | M6: =K6+L6 -> 2207 | N6: 3870.9677 | O6: 22.6 | P6: 1785 | Q6: =SUM(O6:P6) -> 1807.6 | R6: 2580.6452 | S6: 6263.1 | T6: 4929.0323 | U6: =SUM(C6+E6+G6+I6+K6+L6+O6+P6+S6) -> 17777.5 | V6: =SUM(D6+F6+H6+R6+J6+N6+T6) -> 23638.71 | W6: 0 | X6: 0 | Y6: =SUM(U6+W6) -> 17777.5 | Z6: =SUM(V6+X6) -> 23638.71 | AA6: bedeckt | AB6: 11 | AC6: °C | AF6: =C6+E6+G6+I6+K6+O6+W6 -> 9729.4
A7: =SUM(A6+1) -> 3 | B7: Do | C7: 8008.9 | D7: 9354.8387 | E7: 0 | F7: 2580.6452 | G7: 6 | H7: 322.58065 | I7: 0 | J7: 0 | K7: 344.1 | M7: =K7+L7 -> 344.1 | N7: 3870.9677 | O7: 281.9 | P7: 2258 | Q7: =SUM(O7:P7) -> 2539.9 | R7: 2580.6452 | S7: 5123 | T7: 4929.0323 | U7: =SUM(C7+E7+G7+I7+K7+Q7+S7+L7) -> 16021.9 | V7: =SUM(D7+F7+H7+R7+J7+N7+T7) -> 23638.71 | W7: 0 | X7: 0 | Y7: =SUM(U7+W7) -> 16021.9 | Z7: =SUM(V7+X7) -> 23638.71 | AA7: bedeckt, Regenschauer | AB7: 11 | AC7: °C | AF7: =C7+E7+G7+I7+K7+O7+W7 -> 8640.9
A8: =SUM(A7+1) -> 4 | B8: Fr | C8: 13702 | D8: 9354.8387 | E8: 0 | F8: 2580.6452 | G8: 42.2 | H8: 322.58065 | I8: 0 | J8: 0 | K8: 4935.4 | M8: =K8+L8 -> 4935.4 | N8: 3870.9677 | O8: 30 | P8: 1229 | Q8: =SUM(O8:P8) -> 1259 | R8: 2580.6452 | S8: 9724.8 | T8: 4929.0323 | U8: =SUM(C8,E8,G8,I8,K8,S8,Q8) -> 29663.4 | V8: =SUM(D8+F8+H8+R8+J8+N8+T8) -> 23638.71 | W8: 0 | X8: 0 | Y8: =SUM(U8+W8) -> 29663.4 | Z8: =SUM(V8+X8) -> 23638.71 | AA8: bedeckt, Regenschauer | AB8: 8 | AC8: °C | AF8: =C8+E8+G8+I8+K8+O8+W8 -> 18709.6
A9: =SUM(A8+1) -> 5 | B9: Sa | C9: 16558.4 | D9: 9354.8387 | E9: 0 | F9: 2580.6452 | G9: 237.3 | H9: 322.58065 | I9: 3408 | J9: 0 | K9: 15960.4 | M9: =K9+L9 -> 15960.4 | N9: 3870.9677 | O9: 0 | P9: 0 | Q9: =SUM(O9:P9) -> 0 | R9: 2580.6452 | S9: 11255 | T9: 4929.0323 | U9: =SUM(C9+E9+G9+I9+K9+Q9+S9) -> 47419.1 | V9: =SUM(D9+F9+H9+R9+J9+N9+T9) -> 23638.71 | W9: 0 | X9: 0 | Y9: =SUM(U9+W9) -> 47419.1 | Z9: =SUM(V9+X9) -> 23638.71 | AA9: bedeckt | AB9: 12 | AC9: °C | AF9: =C9+E9+G9+I9+K9+O9+W9 -> 36164.1
A10: =SUM(A9+1) -> 6 | B10: So | C10: 14575 | D10: 9354.8387 | E10: 514.8 | F10: 2580.6452 | G10: 260.8 | H10: 322.58065 | I10: 177 | J10: 0 | K10: 5798.1 | M10: =K10+L10 -> 5798.1 | N10: 3870.9677 | O10: 0 | P10: 0 | Q10: =SUM(O10:P10) -> 0 | R10: 2580.6452 | S10: 2554.8 | T10: 4929.0323 | U10: =SUM(C10+E10+G10+I10+K10+Q10+S10) -> 23880.5 | V10: =SUM(D10+F10+H10+R10+J10+N10+T10) -> 23638.71 | W10: 0 | X10: 0 | Y10: =SUM(U10+W10) -> 23880.5 | Z10: =SUM(V10+X10) -> 23638.71 | AA10: bedeckt, Regenschauer | AB10: 12 | AC10: °C | AF10: =C10+E10+G10+I10+K10+O10+W10 -> 21325.7
A11: KW | B11: =SUM(39+1) -> 40 | C11: =SUM(C5:C10) -> 67825.3 | D11: =SUM(D5:D10) -> 56129.032 | E11: =SUM(E5:E10) -> 530.1 | F11: =SUM(F5:F10) -> 15483.871 | G11: =SUM(G5:G10) -> 649.7 | H11: =SUM(H5:H10) -> 1935.4839 | I11: =SUM(I5:I10) -> 3585 | J11: =SUM(J5:J10) -> 0 | ... Z11: =SUM(Z5:Z10) -> 141832.26 | AA11: Ø Temp | AB11: =SUM(AB5:AB10)/7 -> 9.5714286 | AC11: °C
A12: =SUM(A10+1) -> 7 | B12: Mo | C12: 6048.1 | D12: 9354.8387 | E12: 1737.8 | F12: 2580.6452 | G12: 461.4 | H12: 322.58065 | I12: 0 | J12: 0 | K12: 0 | M12: =K12+L12 -> 0 | N12: 3870.9677 | O12: 0 | P12: 0 | Q12: =SUM(O12:P12) -> 0 | R12: 2580.6452 | S12: 3376.8 | T12: 4929.0323 | U12: =SUM(C12+E12+G12+I12+M12+Q12+S12) -> 11624.1 | V12: =SUM(D12+F12+H12+R12+J12+N12+T12) -> 23638.71 | W12: 0 | X12: 0 | Y12: =SUM(U12+W12) -> 11624.1 | Z12: =SUM(V12+X12) -> 23638.71 | AA12: nachmittag sonnig | AB12: 18 | AC12: °C | AF12: =C12+E12+G12+I12+K12+O12+W12 -> 8247.3
A13: =SUM(A12+1) -> 8 | B13: Di | C13: 8475.8 | D13: 9354.8387 | E13: 0 | F13: 2580.6452 | G13: 74 | H13: 322.58065 | I13: 0 | J13: 0 | K13: 1450 | M13: =K13+L13 -> 1450 | N13: 3870.9677 | O13: 0 | P13: 0 | Q13: =SUM(O13:P13) -> 0 | R13: 2580.6452 | S13: 3515.3 | T13: 4929.0323 | U13: =SUM(C13+E13+G13+I13+M13+Q13+S13) -> 13515.1 | V13: =SUM(D13+F13+H13+R13+J13+N13+T13) -> 23638.71 | W13: 0 | X13: 0 | Y13: =SUM(U13+W13) -> 13515.1 | Z13: =SUM(V13+X13) -> 23638.71 | AA13: regen | AB13: 12 | AC13: °C | AF13: =C13+E13+G13+I13+K13+O13+W13 -> 9999.8
A14: =SUM(A13+1) -> 9 | B14: Mi | C14: 10914.5 | D14: 9354.8387 | E14: 1418.7 | F14: 2580.6452 | G14: 261 | H14: 322.58065 | I14: 0 | J14: 0 | K14: 0 | M14: =K14+L14 -> 0 | N14: 3870.9677 | O14: 175 | P14: 825 | Q14: =SUM(O14:P14) -> 1000 | R14: 2580.6452 | S14: 7125.3 | T14: 4929.0323 | U14: =SUM(C14+E14+G14+I14+M14+Q14+S14) -> 20719.5 | V14: =SUM(D14+F14+H14+R14+J14+N14+T14) -> 23638.71 | W14: 0 | X14: 0 | Y14: =SUM(U14+W14) -> 20719.5 | Z14: =SUM(V14+X14) -> 23638.71 | AA14: wechselhaft | AB14: 12 | AC14: °C | AF14: =C14+E14+G14+I14+K14+O14+W14 -> 12769.2
A15: =SUM(A14+1) -> 10 | B15: Do | C15: 12029.7 | D15: 9354.8387 | E15: 15 | F15: 2580.6452 | G15: 52.1 | H15: 322.58065 | I15: 0 | J15: 0 | K15: 0 | M15: =K15+L15 -> 0 | N15: 3870.9677 | O15: 108.5 | P15: 4782 | Q15: =SUM(O15:P15) -> 4890.5 | R15: 2580.6452 | S15: 6790.9 | T15: 4929.0323 | U15: =SUM(C15+E15+G15+I15+M15+Q15+S15) -> 23778.2 | V15: =SUM(D15+F15+H15+R15+J15+N15+T15) -> 23638.71 | W15: 0 | X15: 0 | Y15: =SUM(U15+W15) -> 23778.2 | Z15: =SUM(V15+X15) -> 23638.71 | AA15: wechselhaft | AB15: 15 | AC15: °C | AF15: =C15+E15+G15+I15+K15+O15+W15 -> 12205.3
A16: =SUM(A15+1) -> 11 | B16: Fr | C16: 12329.7 | D16: 9354.8387 | E16: 563.7 | F16: 2580.6452 | G16: 338.8 | H16: 322.58065 | I16: 0 | J16: 0 | K16: 0 | M16: =K16+L16 -> 0 | N16: 3870.9677 | O16: 914.4 | P16: 2899 | Q16: =SUM(O16:P16) -> 3813.4 | R16: 2580.6452 | S16: 4659.9 | T16: 4929.0323 | U16: =SUM(C16+E16+G16+I16+M16+Q16+S16) -> 21705.5 | V16: =SUM(D16+F16+H16+R16+J16+N16+T16) -> 23638.71 | W16: 0 | X16: 0 | Y16: =SUM(U16+W16) -> 21705.5 | Z16: =SUM(V16+X16) -> 23638.71 | AA16: bedeckt | AB16: 12 | AC16: °C | AF16: =C16+E16+G16+I16+K16+O16+W16 -> 14146.6
A17: =SUM(A16+1) -> 12 | B17: Sa | C17: 17698.2 | D17: 9354.8387 | E17: 159.8 | F17: 2580.6452 | G17: 251.4 | H17: 322.58065 | I17: 0 | J17: 0 | K17: 13636 | M17: =K17+L17 -> 13636 | N17: 3870.9677 | O17: 0 | P17: 0 | Q17: =SUM(O17:P17) -> 0 | R17: 2580.6452 | S17: 10563.6 | T17: 4929.0323 | U17: =SUM(C17+E17+G17+I17+M17+Q17+S17) -> 42309 | V17: =SUM(D17+F17+H17+R17+J17+N17+T17) -> 23638.71 | W17: 0 | X17: 0 | Y17: =SUM(U17+W17) -> 42309 | Z17: =SUM(V17+X17) -> 23638.71 | AA17: bedeckt | AB17: 12 | AC17: °C | AF17: =C17+E17+G17+I17+K17+O17+W17 -> 31745.4
A18: =SUM(A17+1) -> 13 | B18: So | C18: 16764.5 | D18: 9354.8387 | E18: 141.8 | F18: 2580.6452 | G18: 207.2 | H18: 322.58065 | I18: 668 | J18: 0 | K18: 3477.2 | M18: =K18+L18 -> 3477.2 | N18: 3870.9677 | O18: 0 | P18: 0 | Q18: =SUM(O18:P18) -> 0 | R18: 2580.6452 | S18: 4839.1 | T18: 4929.0323 | U18: =SUM(C18+E18+G18+I18+M18+Q18+S18) -> 26097.8 | V18: =SUM(D18+F18+H18+R18+J18+N18+T18) -> 23638.71 | W18: 0 | X18: 0 | Y18: =SUM(U18+W18) -> 26097.8 | Z18: =SUM(V18+X18) -> 23638.71 | AA18: bedeckt | AB18: 17 | AC18: °C | AF18: =C18+E18+G18+I18+K18+O18+W18 -> 21258.7
A19: KW | B19: =SUM(B11+1) -> 41 | C19: =SUM(C12:C18) -> 84260.5 | D19: =SUM(D12:D18) -> 65483.871 | E19: =SUM(E12:E18) -> 4036.8 | F19: =SUM(F12:F18) -> 18064.516 | G19: =SUM(G12:G18) -> 1645.9 | H19: =SUM(H12:H18) -> 2258.0645 | I19: =SUM(I12:I18) -> 668 | J19: =SUM(J12:J18) -> 0 | ... Z19: =SUM(Z12:Z18) -> 165470.97 | AA19: Ø Temp | AB19: =SUM(AB12:AB18)/7 -> 14 | AC19: °C
A20: =SUM(A18+1) -> 14 | B20: Mo | C20: 6732.7 | D20: 9354.8387 | E20: 293.6 | F20: 2580.6452 | G20: 121.6 | H20: 322.58065 | I20: 0 | J20: 0 | K20: 1684.3 | M20: =K20+L20 -> 1684.3 | N20: 3870.9677 | O20: 172 | P20: 1195 | Q20: =SUM(O20:P20) -> 1367 | R20: 2580.6452 | S20: 4438.2 | T20: 4929.0323 | U20: =SUM(C20+E20+G20+I20+M20+Q20+S20) -> 14637.4 | V20: =SUM(D20+F20+H20+R20+J20+N20+T20) -> 23638.71 | W20: 0 | X20: 0 | Y20: =SUM(U20+W20) -> 14637.4 | Z20: =SUM(V20+X20) -> 23638.71 | AA20: sonnig | AB20: 16 | AC20: °C | AF20: =C20+E20+G20+I20+K20+O20+W20 -> 9004.2
A21: =SUM(A20+1) -> 15 | B21: Di | C21: 7058.4 | D21: 9354.8387 | E21: 0 | F21: 2580.6452 | G21: 40.9 | H21: 322.58065 | I21: 0 | J21: 0 | K21: 12565.6 | M21: =K21+L21 -> 12565.6 | N21: 3870.9677 | O21: 1322.6 | P21: 955 | Q21: =SUM(O21:P21) -> 2277.6 | R21: 2580.6452 | S21: 4789 | T21: 4929.0323 | U21: =SUM(C21+E21+G21+I21+M21+Q21+S21) -> 26731.5 | V21: =SUM(D21+F21+H21+R21+J21+N21+T21) -> 23638.71 | W21: 0 | X21: 0 | Y21: =SUM(U21+W21) -> 26731.5 | Z21: =SUM(V21+X21) -> 23638.71 | AA21: regen | AB21: 12 | AC21: °C | AF21: =C21+E21+G21+I21+K21+O21+W21 -> 20987.5
A22: =SUM(A21+1) -> 16 | B22: Mi | C22: 3877.6 | D22: 9354.8387 | E22: 113.9 | F22: 2580.6452 | G22: 171.4 | H22: 322.58065 | I22: 0 | J22: 0 | K22: 270 | M22: =K22+L22 -> 270 | N22: 3870.9677 | O22: 1059.5 | P22: 5053.5 | Q22: =SUM(O22:P22) -> 6113 | R22: 2580.6452 | S22: 6126 | T22: 4929.0323 | U22: =SUM(C22+E22+G22+I22+M22+Q22+S22) -> 16671.9 | V22: =SUM(D22+F22+H22+R22+J22+N22+T22) -> 23638.71 | W22: 0 | X22: 0 | Y22: =SUM(U22+W22) -> 16671.9 | Z22: =SUM(V22+X22) -> 23638.71 | AA22: bewölkt | AB22: 15 | AC22: °C | AF22: =C22+E22+G22+I22+K22+O22+W22 -> 5492.4
A23: =SUM(A22+1) -> 17 | B23: Do | C23: 4452.4 | D23: 9354.8387 | E23: 220 | F23: 2580.6452 | G23: 206.5 | H23: 322.58065 | I23: 0 | J23: 0 | K23: 0 | M23: =K23+L23 -> 0 | N23: 3870.9677 | O23: 2041.1 | P23: 6961 | Q23: =SUM(O23:P23) -> 9002.1 | R23: 2580.6452 | S23: 6082.9 | T23: 4929.0323 | U23: =SUM(C23+E23+G23+I23+M23+Q23+S23) -> 19963.9 | V23: =SUM(D23+F23+H23+R23+J23+N23+T23) -> 23638.71 | W23: 0 | X23: 0 | Y23: =SUM(U23+W23) -> 19963.9 | Z23: =SUM(V23+X23) -> 23638.71 | AA23: bedeckt, regenschauer | AB23: 16 | AC23: °C | AF23: =C23+E23+G23+I23+K23+O23+W23 -> 6920
A24: =SUM(A23+1) -> 18 | B24: Fr | C24: 12204.5 | D24: 9354.8387 | E24: 0 | F24: 2580.6452 | G24: 58.3 | H24: 322.58065 | I24: 0 | J24: 0 | K24: 16268.4 | M24: =K24+L24 -> 16268.4 | N24: 3870.9677 | O24: 0 | P24: 2961 | Q24: =SUM(O24:P24) -> 2961 | R24: 2580.6452 | S24: 5769.2 | T24: 4929.0323 | U24: =SUM(C24+E24+G24+I24+M24+Q24+S24) -> 37261.4 | V24: =SUM(D24+F24+H24+R24+J24+N24+T24) -> 23638.71 | W24: 0 | X24: 0 | Y24: =SUM(U24+W24) -> 37261.4 | Z24: =SUM(V24+X24) -> 23638.71 | AA24: hochnebel, regenschauer | AB24: 15 | AC24: °C | AF24: =C24+E24+G24+I24+K24+O24+W24 -> 28531.2
