Workbook

Sheet 01_25
A1: Tagesumsätze | H1: 45658
C3: Restaurant | E3: Terrasse | G3: Lounge | I3: Pavillon | M3: Bankett | Q3: Seminar | U3: Hotel | W3: TOTAL Gesamtbetrieb ohne Seebad | Y3: Seebad | AA3: TOTAL Gesamtbetrieb mit Seebad | AC3: Info's | AH3: Gegenkontrolle Gastronovi
C4: IST | D4: Budget | E4: IST | F4: Budget | G4: IST | H4: Budget | I4: IST/GN | J4: IST/ET | K4: TOTAL IST | L4: Budget | M4: IST/GN | N4: IST/ET | O4: TOTAL IST | P4: Budget | Q4: IST/GN | R4: IST/ET | S4: TOTAL IST | T4: Budget | U4: TOTAL IST | V4: Budget | W4: IST | X4: Budget | Y4: IST | Z4: Budget | AA4: IST | AB4: Budget | AC4: Wetter | AD4: Temp. | AF4: Bemerkung
A5: 1 | B5: Mi | C5: 8678.4 | D5: 6451.6129 | E5: 366 | F5: 80.645161 | G5: 319.3 | H5: 80.645161 | I5: 0 | K5: =I5+J5 -> 0 | L5: 0 | M5: 0 | N5: 0 | O5: =M5+N5 -> 0 | P5: 2022.5806 | Q5: 0 | R5: 0 | S5: =Q5+R5 -> 0 | T5: 3709.6774 | U5: 5468.5 | V5: 3945.1613 | W5: =SUM(C5+E5+G5+K5+O5+S5+U5) -> 14832.2 | X5: =SUM(D5+F5+H5+L5+P5+T5+V5) -> 16290.323 | Y5: 0 | AA5: =SUM(W5+Y5) -> 14832.2 | AB5: =SUM(X5+Z5) -> 16290.323 | AC5: bedeckt | AD5: 1 | AE5: °C | AH5: =C5+E5+G5+I5+M5+Q5+Y5 -> 9363.7
A6: =SUM(A5+1) -> 2 | B6: Do | C6: 7072 | D6: 6451.6129 | E6: 0 | F6: 80.645161 | G6: 5.1 | H6: 80.645161 | I6: 0 | K6: =I6+J6 -> 0 | L6: 0 | M6: 0 | N6: 0 | O6: =M6+N6 -> 0 | P6: 2022.5806 | Q6: 0 | R6: 0 | S6: =Q6+R6 -> 0 | T6: 3709.6774 | U6: 3246.62 | V6: 3945.1613 | W6: =SUM(C6+E6+G6+K6+O6+S6+U6) -> 10323.72 | X6: =SUM(D6+F6+H6+L6+P6+T6+V6) -> 16290.323 | Y6: 0 | AA6: =SUM(W6+Y6) -> 10323.72 | AB6: =SUM(X6+Z6) -> 16290.323 | AC6: Schneeregen | AD6: 1 | AE6: °C | AH6: =C6+E6+G6+I6+M6+Q6+Y6 -> 7077.1
A7: =SUM(A6+1) -> 3 | B7: Fr | C7: 5737.6 | D7: 6451.6129 | E7: 0 | F7: 80.645161 | G7: 41.8 | H7: 80.645161 | I7: 0 | K7: =I7+J7 -> 0 | L7: 0 | M7: 0 | O7: =M7+N7 -> 0 | P7: 2022.5806 | Q7: 0 | R7: 0 | S7: =Q7+R7 -> 0 | T7: 3709.6774 | U7: 3224.04 | V7: 3945.1613 | W7: =SUM(C7+E7+G7+K7+O7+S7+U7) -> 9003.44 | X7: =SUM(D7+F7+H7+L7+P7+T7+V7) -> 16290.323 | Y7: 0 | AA7: =SUM(W7+Y7) -> 9003.44 | AB7: =SUM(X7+Z7) -> 16290.323 | AC7: sonnig am NA | AD7: 2 | AE7: °C | AH7: =C7+E7+G7+I7+M7+Q7+Y7 -> 5779.4
A8: =SUM(A7+1) -> 4 | B8: Sa | C8: 12210 | D8: 6451.6129 | E8: 0 | F8: 80.645161 | G8: 39.1 | H8: 80.645161 | I8: 0 | K8: =I8+J8 -> 0 | L8: 0 | M8: 2755.5 | O8: =M8+N8 -> 2755.5 | P8: 2022.5806 | Q8: 0 | R8: 0 | S8: =Q8+R8 -> 0 | T8: 3709.6774 | U8: 3647.34 | V8: 3945.1613 | W8: =SUM(C8+E8+G8+K8+O8+S8+U8) -> 18651.94 | X8: =SUM(D8+F8+H8+L8+P8+T8+V8) -> 16290.323 | Y8: 0 | AA8: =SUM(W8+Y8) -> 18651.94 | AB8: =SUM(X8+Z8) -> 16290.323 | AC8: Schneeregen | AD8: -1 | AE8: °C | AH8: =C8+E8+G8+I8+M8+Q8+Y8 -> 15004.6
A9: =SUM(A8+1) -> 5 | B9: So | C9: 5389.9 | D9: 6451.6129 | E9: 0 | F9: 80.645161 | G9: 40.2 | H9: 80.645161 | I9: 0 | K9: =I9+J9 -> 0 | L9: 0 | M9: 314.6 | O9: =M9+N9 -> 314.6 | P9: 2022.5806 | Q9: 0 | R9: 0 | S9: =Q9+R9 -> 0 | T9: 3709.6774 | U9: 2144.1 | V9: 3945.1613 | W9: =SUM(C9+E9+G9+K9+O9+S9+U9) -> 7888.8 | X9: =SUM(D9+F9+H9+L9+P9+T9+V9) -> 16290.323 | Y9: 0 | AA9: =SUM(W9+Y9) -> 7888.8 | AB9: =SUM(X9+Z9) -> 16290.323 | AC9: bewölkt | AD9: 3 | AE9: °C | AF9: MA Feier ab 15:00 geschlossen | AH9: =C9+E9+G9+I9+M9+Q9+Y9 -> 5744.7
A10: KW | B10: 1 | C10: =SUM(C5:C9) -> 39087.9 | D10: =SUM(D5:D9) -> 32258.065 | E10: =SUM(E5:E9) -> 366 | F10: =SUM(F5:F9) -> 403.22581 | G10: =SUM(G5:G9) -> 445.5 | H10: =SUM(H5:H9) -> 403.22581 | I10: =SUM(I5:I9) -> 0 | J10: =SUM(J5:J9) -> 0 | K10: =SUM(K5:K9) -> 0 | L10: 0 | M10: =SUM(M5:M9) -> 3070.1 | N10: =SUM(N5:N9) -> 0 | O10: =SUM(O5:O9) -> 3070.1 | P10: =SUM(P5:P9) -> 10112.903 | Q10: =SUM(Q5:Q9) -> 0 | R10: =SUM(R5:R9) -> 0 | S10: =SUM(S5:S9) -> 0 | T10: =SUM(T5:T9) -> 18548.387 | ... AB10: =SUM(AB5:AB9) -> 81451.613 | AC10: Ø Temp | AD10: =SUM(AD5:AD9)/7 -> 0.85714286 | AE10: °C
A11: =SUM(A9+1) -> 6 | B11: Mo | C11: 5189.4 | D11: 6451.6129 | E11: 0 | F11: 80.645161 | G11: 0 | H11: 80.645161 | I11: 0 | K11: =I11+J11 -> 0 | L11: 0 | M11: 1737.4 | O11: =M11+N11 -> 1737.4 | P11: 2022.5806 | Q11: 1225 | R11: 2338 | S11: =Q11+R11 -> 3563 | T11: 3709.6774 | U11: 3658.7 | V11: 3945.1613 | W11: =SUM(C11+E11+G11+K11+O11+S11+U11) -> 14148.5 | X11: =SUM(D11+F11+H11+L11+P11+T11+V11) -> 16290.323 | Y11: 0 | AA11: =SUM(W11+Y11) -> 14148.5 | AB11: =SUM(X11+Z11) -> 16290.323 | AC11: regen | AD11: 5 | AE11: °C | AH11: =C11+E11+G11+I11+M11+Q11+Y11 -> 8151.8
A12: =SUM(A11+1) -> 7 | B12: Di | C12: 3482 | D12: 6451.6129 | E12: 0 | F12: 80.645161 | G12: 0 | H12: 80.645161 | I12: 0 | K12: =I12+J12 -> 0 | L12: 0 | M12: 820 | O12: =M12+N12 -> 820 | P12: 2022.5806 | Q12: 176.2 | R12: 1896 | S12: =Q12+R12 -> 2072.2 | T12: 3709.6774 | U12: 1776.9 | V12: 3945.1613 | W12: =SUM(C12+E12+G12+K12+O12+S12+U12) -> 8151.1 | X12: =SUM(D12+F12+H12+L12+P12+T12+V12) -> 16290.323 | Y12: 0 | AA12: =SUM(W12+Y12) -> 8151.1 | AB12: =SUM(X12+Z12) -> 16290.323 | AC12: sonnig am NA | AD12: 8 | AE12: °C | AH12: =C12+E12+G12+I12+M12+Q12+Y12 -> 4478.2
A13: =SUM(A12+1) -> 8 | B13: Mi | C13: 3186.7 | D13: 6451.6129 | E13: 0 | F13: 80.645161 | G13: 0 | H13: 80.645161 | I13: 0 | K13: =I13+J13 -> 0 | L13: 0 | M13: 0 | O13: =M13+N13 -> 0 | P13: 2022.5806 | Q13: 504.5 | R13: 275 | S13: =Q13+R13 -> 779.5 | T13: 3709.6774 | U13: 1065.95 | V13: 3945.1613 | W13: =SUM(C13+E13+G13+K13+O13+S13+U13) -> 5032.15 | X13: =SUM(D13+F13+H13+L13+P13+T13+V13) -> 16290.323 | Y13: 0 | AA13: =SUM(W13+Y13) -> 5032.15 | AB13: =SUM(X13+Z13) -> 16290.323 | AC13: bedeckt | AD13: 5 | AE13: °C | AH13: =C13+E13+G13+I13+M13+Q13+Y13 -> 3691.2
A14: =SUM(A13+1) -> 9 | B14: Do | C14: 5361.6 | D14: 6451.6129 | E14: 0 | F14: 80.645161 | G14: 0 | H14: 80.645161 | I14: 0 | K14: =I14+J14 -> 0 | L14: 0 | M14: 0 | O14: =M14+N14 -> 0 | P14: 2022.5806 | Q14: 0 | R14: 0 | S14: =Q14+R14 -> 0 | T14: 3709.6774 | U14: 1684.6 | V14: 3945.1613 | W14: =SUM(C14+E14+G14+K14+O14+S14+U14) -> 7046.2 | X14: =SUM(D14+F14+H14+L14+P14+T14+V14) -> 16290.323 | Y14: 0 | AA14: =SUM(W14+Y14) -> 7046.2 | AB14: =SUM(X14+Z14) -> 16290.323 | AC14: regenschauer | AD14: 8 | AE14: °C | AH14: =C14+E14+G14+I14+M14+Q14+Y14 -> 5361.6
A15: =SUM(A14+1) -> 10 | B15: Fr | C15: 7683.8 | D15: 6451.6129 | E15: 0 | F15: 80.645161 | G15: 0 | H15: 80.645161 | I15: 0 | K15: =I15+J15 -> 0 | L15: 0 | M15: 1876.5 | O15: =M15+N15 -> 1876.5 | P15: 2022.5806 | Q15: 811.7 | R15: 2672 | S15: =Q15+R15 -> 3483.7 | T15: 3709.6774 | U15: 1950.6 | V15: 3945.1613 | W15: =SUM(C15+E15+G15+K15+O15+S15+U15) -> 14994.6 | X15: =SUM(D15+F15+H15+L15+P15+T15+V15) -> 16290.323 | Y15: 0 | AA15: =SUM(W15+Y15) -> 14994.6 | AB15: =SUM(X15+Z15) -> 16290.323 | AC15: Regen-Schneeschauer | AD15: 1 | AE15: °C | AH15: =C15+E15+G15+I15+M15+Q15+Y15 -> 10372
A16: =SUM(A15+1) -> 11 | B16: Sa | C16: 10294 | D16: 6451.6129 | E16: 48.3 | F16: 80.645161 | G16: 389.8 | H16: 80.645161 | I16: 0 | K16: =I16+J16 -> 0 | L16: 0 | M16: 6580.2 | O16: =M16+N16 -> 6580.2 | P16: 2022.5806 | Q16: 0 | R16: 0 | S16: =Q16+R16 -> 0 | T16: 3709.6774 | U16: 3057.6 | V16: 3945.1613 | W16: =SUM(C16+E16+G16+K16+O16+S16+U16) -> 20369.9 | X16: =SUM(D16+F16+H16+L16+P16+T16+V16) -> 16290.323 | Y16: 0 | AA16: =SUM(W16+Y16) -> 20369.9 | AB16: =SUM(X16+Z16) -> 16290.323 | AC16: sonnig am NA | AD16: -3 | AE16: °C | AH16: =C16+E16+G16+I16+M16+Q16+Y16 -> 17312.3
A17: =SUM(A16+1) -> 12 | B17: So | C17: 10291.8 | D17: 6451.6129 | E17: 195.1 | F17: 80.645161 | G17: 293.9 | H17: 80.645161 | I17: 0 | K17: =I17+J17 -> 0 | L17: 0 | M17: 1300 | O17: =M17+N17 -> 1300 | P17: 2022.5806 | Q17: 0 | R17: 280 | S17: =Q17+R17 -> 280 | T17: 3709.6774 | U17: 2146 | V17: 3945.1613 | W17: =SUM(C17+E17+G17+K17+O17+S17+U17) -> 14506.8 | X17: =SUM(D17+F17+H17+L17+P17+T17+V17) -> 16290.323 | Y17: 0 | AA17: =SUM(W17+Y17) -> 14506.8 | AB17: =SUM(X17+Z17) -> 16290.323 | AC17: sonnig am NA | AD17: -4 | AE17: °C | AH17: =C17+E17+G17+I17+M17+Q17+Y17 -> 12080.8
A18: KW | B18: =SUM(B10+1) -> 2 | C18: =SUM(C11:C17) -> 45489.3 | D18: =SUM(D11:D17) -> 45161.29 | E18: =SUM(E11:E17) -> 243.4 | F18: =SUM(F11:F17) -> 564.51613 | G18: =SUM(G11:G17) -> 683.7 | H18: =SUM(H11:H17) -> 564.51613 | I18: =SUM(I11:I17) -> 0 | J18: =SUM(J11:J17) -> 0 | K18: =SUM(K11:K17) -> 0 | L18: 0 | M18: =SUM(M11:M17) -> 12314.1 | N18: =SUM(N11:N17) -> 0 | O18: =SUM(O11:O17) -> 12314.1 | P18: =SUM(P11:P17) -> 14158.065 | Q18: =SUM(Q11:Q17) -> 2717.4 | R18: =SUM(R11:R17) -> 7461 | S18: =SUM(S11:S17) -> 10178.4 | T18: =SUM(T11:T17) -> 25967.742 | ... AB18: =SUM(AB11:AB17) -> 114032.26 | AC18: Ø Temp | AD18: =SUM(AD11:AD17)/7 -> 2.8571429 | AE18: °C
A19: =SUM(A17+1) -> 13 | B19: Mo | C19: 3503.1 | D19: 6451.6129 | E19: 0 | F19: 80.645161 | G19: 0 | H19: 80.645161 | I19: 0 | K19: =I19+J19 -> 0 | L19: 0 | M19: 0 | O19: =M19+N19 -> 0 | P19: 2022.5806 | Q19: 115 | R19: 585 | S19: =Q19+R19 -> 700 | T19: 3709.6774 | U19: 4151.8 | V19: 3945.1613 | W19: =SUM(C19+E19+G19+K19+O19+S19+U19) -> 8354.9 | X19: =SUM(D19+F19+H19+L19+P19+T19+V19) -> 16290.323 | Y19: 0 | AA19: =SUM(W19+Y19) -> 8354.9 | AB19: =SUM(X19+Z19) -> 16290.323 | AC19: sonnig am NA | AD19: -4 | AE19: °C | AH19: =C19+E19+G19+I19+M19+Q19+Y19 -> 3618.1
A20: =SUM(A19+1) -> 14 | B20: Di | C20: 4733 | D20: 6451.6129 | E20: 0 | F20: 80.645161 | G20: 0 | H20: 80.645161 | I20: 0 | K20: =I20+J20 -> 0 | L20: 0 | M20: 0 | O20: =M20+N20 -> 0 | P20: 2022.5806 | Q20: 771.3 | R20: 545 | S20: =Q20+R20 -> 1316.3 | T20: 3709.6774 | U20: 4183.6 | V20: 3945.1613 | W20: =SUM(C20+E20+G20+K20+O20+S20+U20) -> 10232.9 | X20: =SUM(D20+F20+H20+L20+P20+T20+V20) -> 16290.323 | Y20: 0 | AA20: =SUM(W20+Y20) -> 10232.9 | AB20: =SUM(X20+Z20) -> 16290.323 | AC20: sonnig am NA | AD20: -5 | AE20: °C | AH20: =C20+E20+G20+I20+M20+Q20+Y20 -> 5504.3
A21: =SUM(A20+1) -> 15 | B21: Mi | C21: 4421.1 | D21: 6451.6129 | E21: 0 | F21: 80.645161 | G21: 0 | H21: 80.645161 | I21: 0 | K21: =I21+J21 -> 0 | L21: 0 | M21: 674.2 | O21: =M21+N21 -> 674.2 | P21: 2022.5806 | Q21: 1430.9 | R21: 460 | S21: =Q21+R21 -> 1890.9 | T21: 3709.6774 | U21: 5961.4 | V21: 3945.1613 | W21: =SUM(C21+E21+G21+K21+O21+S21+U21) -> 12947.6 | X21: =SUM(D21+F21+H21+L21+P21+T21+V21) -> 16290.323 | Y21: 0 | AA21: =SUM(W21+Y21) -> 12947.6 | AB21: =SUM(X21+Z21) -> 16290.323 | AC21: teilweise sonnig | AD21: -2 | AE21: °C | AH21: =C21+E21+G21+I21+M21+Q21+Y21 -> 6526.2
A22: =SUM(A21+1) -> 16 | B22: Do | C22: 5663 | D22: 6451.6129 | E22: 0 | F22: 80.645161 | G22: 0 | H22: 80.645161 | I22: 0 | K22: =I22+J22 -> 0 | L22: 0 | M22: 1000 | O22: =M22+N22 -> 1000 | P22: 2022.5806 | Q22: 796.3 | R22: 4362 | S22: =Q22+R22 -> 5158.3 | T22: 3709.6774 | U22: 4752.45 | V22: 3945.1613 | W22: =SUM(C22+E22+G22+K22+O22+S22+U22) -> 16573.75 | X22: =SUM(D22+F22+H22+L22+P22+T22+V22) -> 16290.323 | Y22: 0 | AA22: =SUM(W22+Y22) -> 16573.75 | AB22: =SUM(X22+Z22) -> 16290.323 | AC22: teilweise sonnig | AD22: 1 | AE22: °C | AH22: =C22+E22+G22+I22+M22+Q22+Y22 -> 7459.3
A23: =SUM(A22+1) -> 17 | B23: Fr | C23: 8229 | D23: 6451.6129 | E23: 0 | F23: 80.645161 | G23: 0 | H23: 80.645161 | I23: 0 | K23: =I23+J23 -> 0 | L23: 0 | M23: 0 | O23: =M23+N23 -> 0 | P23: 2022.5806 | Q23: 18 | R23: 3521 | S23: =Q23+R23 -> 3539 | T23: 3709.6774 | U23: 1787.8 | V23: 3945.1613 | W23: =SUM(C23+E23+G23+K23+O23+S23+U23) -> 13555.8 | X23: =SUM(D23+F23+H23+L23+P23+T23+V23) -> 16290.323 | Y23: 0 | AA23: =SUM(W23+Y23) -> 13555.8 | AB23: =SUM(X23+Z23) -> 16290.323 | AC23: teilweise sonnig | AD23: 2 | AE23: °C | AH23: =C23+E23+G23+I23+M23+Q23+Y23 -> 8247
A24: =SUM(A23+1) -> 18 | B24: Sa | C24: 10307.7 | D24: 6451.6129 | E24: 0 | F24: 80.645161 | G24: 0 | H24: 80.645161 | I24: 0 | K24: =I24+J24 -> 0 | L24: 0 | M24: 3227.9 | O24: =M24+N24 -> 3227.9 | P24: 2022.5806 | Q24: 2452 | R24: 11576 | S24: =Q24+R24 -> 14028 | T24: 3709.6774 | U24: 4332.9 | V24: 3945.1613 | W24: =SUM(C24+E24+G24+K24+O24+S24+U24) -> 31896.5 | X24: =SUM(D24+F24+H24+L24+P24+T24+V24) -> 16290.323 | Y24: 0 | AA24: =SUM(W24+Y24) -> 31896.5 | AB24: =SUM(X24+Z24) -> 16290.323 | AC24: teilweise sonnig | AD24: 2 | AE24: °C | AH24: =C24+E24+G24+I24+M24+Q24+Y24 -> 15987.6
A25: =SUM(A24+1) -> 19 | B25: So | C25: 7956.3 | D25: 6451.6129 | E25: 0 | F25: 80.645161 | G25: 65 | H25: 80.645161 | I25: 0 | K25: =I25+J25 -> 0 | L25: 0 | M25: 5851.3 | O25: =M25+N25 -> 5851.3 | P25: 2022.5806 | Q25: 0 | R25: 0 | S25: =Q25+R25 -> 0 | T25: 3709.6774 | U25: 1128.9 | V25: 3945.1613 | W25: =SUM(C25+E25+G25+K25+O25+S25+U25) -> 15001.5 | X25: =SUM(D25+F25+H25+L25+P25+T25+V25) -> 16290.323 | Y25: 0 | AA25: =SUM(W25+Y25) -> 15001.5 | AB25: =SUM(X25+Z25) -> 16290.323 | AC25: teilweise sonnig | AD25: 1 | AE25: °C | AH25: =C25+E25+G25+I25+M25+Q25+Y25 -> 13872.6
A26: KW | B26: =SUM(B18+1) -> 3 | C26: =SUM(C19:C25) -> 44813.2 | D26: =SUM(D19:D25) -> 45161.29 | E26: =SUM(E19:E25) -> 0 | F26: =SUM(F19:F25) -> 564.51613 | G26: =SUM(G19:G25) -> 65 | H26: =SUM(H19:H25) -> 564.51613 | I26: =SUM(I19:I25) -> 0 | J26: =SUM(J19:J25) -> 0 | ... AB26: =SUM(AB19:AB25) -> 114032.26 | AC26: Ø Temp | AD26: =SUM(AD19:AD25)/7 -> -0.71428571 | AE26: °C
A27: =SUM(A25+1) -> 20 | B27: Mo | C27: 6007.4 | D27: 6451.6129 | E27: 0 | F27: 80.645161 | G27: 0 | H27: 80.645161 | I27: 0 | K27: =I27+J27 -> 0 | L27: 0 | M27: 0 | O27: =M27+N27 -> 0 | P27: 2022.5806 | Q27: 130 | R27: 2833 | S27: =Q27+R27 -> 2963 | T27: 3709.6774 | U27: 1846.5 | V27: 3945.1613 | W27: =SUM(C27+E27+G27+K27+O27+S27+U27) -> 10816.9 | X27: =SUM(D27+F27+H27+L27+P27+T27+V27) -> 16290.323 | Y27: 0 | AA27: =SUM(W27+Y27) -> 10816.9 | AB27: =SUM(X27+Z27) -> 16290.323 | AC27: nebel | AD27: -2 | AE27: °C | AH27: =C27+E27+G27+I27+M27+Q27+Y27 -> 6137.4
A28: =SUM(A27+1) -> 21 | B28: Di | C28: 5744.95 | D28: 6451.6129 | E28: 0 | F28: 80.645161 | G28: 0 | H28: 80.645161 | I28: 0 | K28: =I28+J28 -> 0 | L28: 0 | M28: 1606.9 | O28: =M28+N28 -> 1606.9 | P28: 2022.5806 | Q28: 7516.1 | R28: 1907 | S28: =Q28+R28 -> 9423.1 | T28: 3709.6774 | U28: 6841.7 | V28: 3945.1613 | W28: =SUM(C28+E28+G28+K28+O28+S28+U28) -> 23616.65 | X28: =SUM(D28+F28+H28+L28+P28+T28+V28) -> 16290.323 | Y28: 0 | AA28: =SUM(W28+Y28) -> 23616.65 | AB28: =SUM(X28+Z28) -> 16290.323 | AC28: nebel | AD28: -2 | AE28: °C | AH28: =C28+E28+G28+I28+M28+Q28+Y28 -> 14867.95
A29: =SUM(A28+1) -> 22 | B29: Mi | C29: 6388.2 | D29: 6451.6129 | E29: 0 | F29: 80.645161 | G29: 36 | H29: 80.645161 | I29: 0 | K29: =I29+J29 -> 0 | L29: 0 | M29: 0 | O29: =M29+N29 -> 0 | P29: 2022.5806 | Q29: 398.5 | R29: 4100 | S29: =Q29+R29 -> 4498.5 | T29: 3709.6774 | U29: 4506.9 | V29: 3945.1613 | W29: =SUM(C29+E29+G29+K29+O29+S29+U29) -> 15429.6 | X29: =SUM(D29+F29+H29+L29+P29+T29+V29) -> 16290.323 | Y29: 0 | AA29: =SUM(W29+Y29) -> 15429.6 | AB29: =SUM(X29+Z29) -> 16290.323 | AC29: regenschauer | AD29: 1 | AE29: °C | AH29: =C29+E29+G29+I29+M29+Q29+Y29 -> 6822.7
A30: =SUM(A29+1) -> 23 | B30: Do | C30: 4353.6 | D30: 6451.6129 | E30: 0 | F30: 80.645161 | G30: 5.1 | H30: 80.645161 | I30: 0 | K30: =I30+J30 -> 0 | L30: 0 | O30: =M30+N30 -> 0 | P30: 2022.5806 | Q30: 1446.2 | R30: 4448 | S30: =Q30+R30 -> 5894.2 | T30: 3709.6774 | U30: 5324.4 | V30: 3945.1613 | W30: =SUM(C30+E30+G30+K30+O30+S30+U30) -> 15577.3 | X30: =SUM(D30+F30+H30+L30+P30+T30+V30) -> 16290.323 | Y30: 0 | AA30: =SUM(W30+Y30) -> 15577.3 | AB30: =SUM(X30+Z30) -> 16290.323 | AC30: regenschauer | AD30: 4 | AE30: °C | AH30: =C30+E30+G30+I30+M30+Q30+Y30 -> 5804.9
A31: =SUM(A30+1) -> 24 | B31: Fr | C31: 9150.9 | D31: 6451.6129 | E31: 5.2 | F31: 80.645161 | G31: 92.3 | H31: 80.645161 | I31: 0 | K31: =I31+J31 -> 0 | L31: 0 | M31: 9144.9 | O31: =M31+N31 -> 9144.9 | P31: 2022.5806 | Q31: 0 | R31: 2817 | S31: =Q31+R31 -> 2817 | T31: 3709.6774 | U31: 3082.2 | V31: 3945.1613 | W31: =SUM(C31+E31+G31+K31+O31+S31+U31) -> 24292.5 | X31: =SUM(D31+F31+H31+L31+P31+T31+V31) -> 16290.323 | Y31: 0 | AA31: =SUM(W31+Y31) -> 24292.5 | AB31: =SUM(X31+Z31) -> 16290.323 | AC31: sonnig am NA | AD31: 5 | AE31: °C | AH31: =C31+E31+G31+I31+M31+Q31+Y31 -> 18393.3
A32: =SUM(A31+1) -> 25 | B32: Sa | C32: 10929.9 | D32: 6451.6129 | E32: 892.1 | F32: 80.645161 | G32: 377.5 | H32: 80.645161 | I32: 0 | K32: =I32+J32 -> 0 | L32: 0 | M32: 19186 | O32: =M32+N32 -> 19186 | P32: 2022.5806 | Q32: 0 | R32: 0 | S32: =Q32+R32 -> 0 | T32: 3709.6774 | U32: 6170.2 | V32: 3945.1613 | W32: =SUM(C32+E32+G32+K32+O32+S32+U32) -> 37555.7 | X32: =SUM(D32+F32+H32+L32+P32+T32+V32) -> 16290.323 | Y32: 0 | AA32: =SUM(W32+Y32) -> 37555.7 | AB32: =SUM(X32+Z32) -> 16290.323 | AC32: sonnig am NA | AD32: 6 | AE32: °C | AH32: =C32+E32+G32+I32+M32+Q32+Y32 -> 31385.5
A33: =SUM(A32+1) -> 26 | B33: So | C33: 12478 | D33: 6451.6129 | E33: 1599.2 | F33: 80.645161 | G33: 582.8 | H33: 80.645161 | I33: 0 | K33: =I33+J33 -> 0 | L33: 0 | M33: 2659.1 | O33: =M33+N33 -> 2659.1 | P33: 2022.5806 | Q33: 0 | R33: 0 | S33: =Q33+R33 -> 0 | T33: 3709.6774 | U33: 2374.4 | V33: 3945.1613 | W33: =SUM(C33+E33+G33+K33+O33+S33+U33) -> 19693.5 | X33: =SUM(D33+F33+H33+L33+P33+T33+V33) -> 16290.323 | Y33: 0 | AA33: =SUM(W33+Y33) -> 19693.5 | AB33: =SUM(X33+Z33) -> 16290.323 | AC33: sonnig | AD33: 5 | AE33: °C | AH33: =C33+E33+G33+I33+M33+Q33+Y33 -> 17319.1
A34: KW | B34: =SUM(B26+1) -> 4 | C34: =SUM(C27:C33) -> 55052.95 | D34: =SUM(D27:D33) -> 45161.29 | E34: =SUM(E27:E33) -> 2496.5 | F34: =SUM(F27:F33) -> 564.51613 | G34: =SUM(G27:G33) -> 1093.7 | H34: =SUM(H27:H33) -> 564.51613 | I34: =SUM(I27:I33) -> 0 | J34: =SUM(J27:J33) -> 0 | ... AB34: =SUM(AB27:AB33) -> 114032.26 | AC34: Ø Temp | AD34: =SUM(AD27:AD33)/7 -> 2.4285714 | AE34: °C
A35: =SUM(A33+1) -> 27 | B35: Mo | C35: 4108.8 | D35: 6451.6129 | E35: 0 | F35: 80.645161 | G35: 0 | H35: 80.645161 | I35: 0 | K35: =I35+J35 -> 0 | L35: 0 | M35: 0 | O35: =M35+N35 -> 0 | P35: 2022.5806 | Q35: 0 | R35: 0 | S35: =Q35+R35 -> 0 | T35: 3709.6774 | U35: 1572 | V35: 3945.1613 | W35: =SUM(C35+E35+G35+K35+O35+S35+U35) -> 5680.8 | X35: =SUM(D35+F35+H35+L35+P35+T35+V35) -> 16290.323 | Y35: 0 | AA35: =SUM(W35+Y35) -> 5680.8 | AB35: =SUM(X35+Z35) -> 16290.323 | AC35: regen | AD35: 5 | AE35: °C | AH35: =C35+E35+G35+I35+M35+Q35+Y35 -> 4108.8
A36: =SUM(A35+1) -> 28 | B36: Di. | C36: 6216.3 | D36: 6451.6129 | E36: 0 | F36: 80.645161 | G36: 9.5 | H36: 80.645161 | I36: 0 | K36: =I36+J36 -> 0 | L36: 0 | M36: 161 | O36: =M36+N36 -> 161 | P36: 2022.5806 | Q36: 142.4 | R36: 0 | S36: =Q36+R36 -> 142.4 | T36: 3709.6774 | U36: 1885.9 | V36: 3945.1613 | W36: =SUM(C36+E36+G36+K36+O36+S36+U36) -> 8415.1 | X36: =SUM(D36+F36+H36+L36+P36+T36+V36) -> 16290.323 | Y36: 0 | AA36: =SUM(W36+Y36) -> 8415.1 | AB36: =SUM(X36+Z36) -> 16290.323 | AC36: regen | AD36: 4 | AH36: =C36+E36+G36+I36+M36+Q36+Y36 -> 6529.2
A37: =SUM(A35+1) -> 28 | B37: Mi. | C37: 5782.9 | D37: 6451.6129 | E37: 22.7 | F37: 80.645161 | G37: 227.6 | H37: 80.645161 | I37: 0 | K37: =I37+J37 -> 0 | L37: 0 | M37: 120 | O37: =M37+N37 -> 120 | P37: 2022.5806 | Q37: 0 | R37: 0 | S37: =Q37+R37 -> 0 | T37: 3709.6774 | U37: 2354.49 | V37: 3945.1613 | W37: =SUM(C37+E37+G37+K37+O37+S37+U37) -> 8507.69 | X37: =SUM(D37+F37+H37+L37+P37+T37+V37) -> 16290.323 | Y37: 0 | AA37: =SUM(W37+Y37) -> 8507.69 | AB37: =SUM(X37+Z37) -> 16290.323 | AC37: sonnig NA | AD37: 5 | AH37: =C37+E37+G37+I37+M37+Q37+Y37 -> 6153.2
A38: 30 | B38: Do. | C38: 4639.65 | D38: 6451.6129 | E38: 0 | F38: 80.645161 | G38: 15 | H38: 80.645161 | I38: 0 | K38: =I38+J38 -> 0 | L38: 0 | M38: 0 | O38: =M38+N38 -> 0 | P38: 2022.5806 | Q38: 127.6 | R38: 1555 | S38: =Q38+R38 -> 1682.6 | T38: 3709.6774 | U38: 2008.42 | V38: 3945.1613 | W38: =SUM(C38+E38+G38+K38+O38+S38+U38) -> 8345.67 | X38: =SUM(D38+F38+H38+L38+P38+T38+V38) -> 16290.323 | Y38: 0 | AA38: =SUM(W38+Y38) -> 8345.67 | AB38: =SUM(X38+Z38) -> 16290.323 | AC38: regenschauer | AD38: 3 | AE38: °C | AH38: =C38+E38+G38+I38+M38+Q38+Y38 -> 4782.25
A39: 31 | B39: Fr. | C39: 9208.3 | D39: 6451.6129 | F39: 80.645161 | H39: 80.645161 | I39: 0 | K39: =I39+J39 -> 0 | L39: 0 | M39: 9851.5 | O39: =M39+N39 -> 9851.5 | P39: 2022.5806 | Q39: 0 | R39: 0 | S39: =Q39+R39 -> 0 | T39: 3709.6774 | U39: 2552.3 | V39: 3945.1613 | W39: =SUM(C39+E39+G39+K39+O39+S39+U39) -> 21612.1 | X39: =SUM(D39+F39+H39+L39+P39+T39+V39) -> 16290.323 | Y39: 0 | AA39: =SUM(W39+Y39) -> 21612.1 | AB39: =SUM(X39+Z39) -> 16290.323 | AC39: bewölkt | AD39: 3 | AE39: °C | AH39: =C39+E39+G39+I39+M39+Q39+Y39 -> 19059.8
A40: KW | B40: 5 | C40: =SUM(C35:C39) -> 29955.95 | D40: =SUM(D35:D39) -> 32258.065 | E40: =SUM(E35:E39) -> 22.7 | F40: =SUM(F35:F39) -> 403.22581 | G40: =SUM(G35:G39) -> 252.1 | H40: =SUM(H35:H39) -> 403.22581 | I40: =SUM(I35:I39) -> 0 | J40: =SUM(J35:J39) -> 0 | ... AB40: =SUM(AB35:AB39) -> 81451.613 | AC40: Ø Temp | AD40: =SUM(AD27:AD33)/7 -> 2.4285714 | AE40: °C
A41: Umsatz kumuliert | C41: =SUM(C10+C18+C26+C40+C34) -> 214399.3 | D41: =SUM(D10+D18+D26+D34+D40) -> 200000 | E41: =SUM(E10+E18+E26+E40+E34) -> 3128.6 | F41: =SUM(F10+F18+F26+F40+F34) -> 2500 | G41: =SUM(G10+G18+G26+G40+G34) -> 2540 | H41: =SUM(H10+H18+H26+H40+H34) -> 2500 | I41: =SUM(I10+I18+I26+I40+I34) -> 0 | J41: =SUM(J10+J18+J26+J40+J34) -> 0 | K41: =SUM(K10+K18+K26+K40+K34) -> 0 | L41: =SUM(L10+L18+L26+L40+L34) -> 0 | ... AB41: =SUM(AB10+AB18+AB26+AB40+AB34) -> 505000 | AC41: Umsatz kumuliert
A42: Umsatz pro Tag | C42: =C41/31 -> 6916.1065 | D42: =D41/31 -> 6451.6129 | E42: =E41/31 -> 100.92258 | F42: =F41/31 -> 80.645161 | G42: =G41/31 -> 81.935484 | H42: =H41/31 -> 80.645161 | I42: =I41/30 -> 0 | L42: =L41/31 -> 0 | M42: =M41/30 -> 2295.5667 | P42: =P41/30 -> 2090 | Q42: =Q41/30 -> 602.05667 | T42: =T41/30 -> 3833.3333 | U42: =U41/31 -> 3222.2326 | V42: =V41/31 -> 3945.1613 | W42: =W41/31 -> 14614.704 | X42: =X41/31 -> 16290.323 | Y42: =Y41/31 -> 0 | Z42: =Z41/31 -> 0 | AA42: =AA41/31 -> 14614.704 | AB42: =AB41/31 -> 16290.323 | AC42: Budget pro Tag
A43: Diff. zu Budget | C43: =SUM(C41-D41) -> 14399.3 | E43: =SUM(E41-F41) -> 628.6 | G43: =SUM(G41-H41) -> 40 | I43: =SUM(100/#REF!*I41) -> #REF! | M43: =SUM(100/P41*M41) -> 109.83573 | P43: =SUM(O41-P41) -> 6167 | Q43: =SUM(100/T41*Q41) -> 15.705826 | T43: =SUM(S41-T41) -> -50768.3 | U43: =SUM(U41-V41) -> -22410.79 | W43: =SUM(W41-X41) -> -51944.19 | Y43: =SUM(Y41-Z41) -> 0 | AA43: =SUM(AA41-AB41) -> -51944.19 | AH43: =SUM(AH5:AH39) -> 306996.6
A44: Index | C44: =SUM(100/D41*C41) -> 107.19965 | E44: =SUM(100/F41*E41) -> 125.144 | G44: =SUM(100/H41*G41) -> 101.6 | K44: =SUM(100/#REF!*K41) -> #REF! | O44: =SUM(100/P41*O41) -> 109.83573 | S44: =SUM(100/T41*S41) -> 55.853652 | U44: =SUM(100/V41*U41) -> 81.67556 | W44: =SUM(100/AB41*AA41) -> 89.714022 | AA44: =SUM(100/AB41*AA41) -> 89.714022
D48: =D41+F41+H41+P41+T41 -> 382700

Sheet 02_25
A1: Tagesumsätze | H1: 45689
C3: Restaurant | E3: Terrasse | G3: Lounge | I3: Pavillon | K3: Bankett | O3: Seminar | S3: Hotel | U3: TOTAL Gesamtbetrieb ohne Seebad | W3: Seebad | Y3: TOTAL Gesamtbetrieb mit Seebad | AA3: Info's | AF3: Gegenkontrolle Gastronovi
C4: IST | D4: Budget | E4: IST | F4: Budget | G4: IST | H4: Budget | I4: IST | J4: Budget | K4: IST/GN | L4: IST/ET | M4: TOTAL IST | N4: Budget | O4: IST/GN | P4: IST/ET | Q4: TOTAL IST | R4: Budget | S4: IST | T4: Budget | U4: IST | V4: Budget | W4: IST | X4: Budget | Y4: IST | Z4: Budget | AA4: Wetter | AB4: Temp. | AD4: Bemerkung
A5: 1 | B5: Sa | C5: 15286.3 | D5: 8571.4286 | E5: 0 | F5: 321.42857 | G5: 6 | H5: 178.57143 | I5: 0 | J5: 0 | K5: 4001 | M5: =K5+L5 -> 4001 | N5: 892.85714 | O5: 0 | P5: 0 | Q5: =SUM(O5:P5) -> 0 | R5: 2142.8571 | S5: 3620.4 | T5: 2714.2857 | U5: =C5+E5+G5+I5+M5+Q5+S5 -> 22913.7 | V5: =D5+F5+H5+J5+N5+R5+T5 -> 14821.429 | W5: 0 | Y5: =SUM(U5+W5) -> 22913.7 | Z5: =SUM(V5+X5) -> 14821.429 | AA5: bewölkt | AB5: 2 | AC5: °C | AF5: =+C5+E5+G5+K5+O5+W5 -> 19293.3
A6: =SUM(A5+1) -> 2 | B6: So | C6: 8277.1 | D6: 8571.4286 | F6: 321.42857 | H6: 178.57143 | I6: 0 | J6: 0 | K6: 12533.8 | M6: =K6+L6 -> 12533.8 | N6: 892.85714 | O6: 0 | P6: 0 | Q6: =SUM(O6:P6) -> 0 | R6: 2142.8571 | S6: 1652.8 | T6: 2714.2857 | U6: =C6+E6+G6+I6+M6+Q6+S6 -> 22463.7 | V6: =D6+F6+H6+J6+N6+R6+T6 -> 14821.429 | W6: 0 | Y6: =SUM(U6+W6) -> 22463.7 | Z6: =SUM(V6+X6) -> 14821.429 | AA6: bewölkt | AB6: 3 | AC6: °C | AF6: =+C6+E6+G6+K6+O6+W6 -> 20810.9
A7: KW | B7: 5 | C7: =SUM(C5:C6) -> 23563.4 | D7: =SUM(D5:D6) -> 17142.857 | E7: =SUM(E5:E6) -> 0 | F7: =SUM(F5:F6) -> 642.85714 | G7: =SUM(G5:G6) -> 6 | H7: =SUM(H5:H6) -> 357.14286 | I7: =SUM(I5:I6) -> 0 | J7: =SUM(J5:J6) -> 0 | ... Z7: =SUM(Z5:Z6) -> 29642.857 | AA7: Ø Temp | AB7: =SUM(AB5:AB6)/7 -> 0.71428571 | AC7: °C
A8: =SUM(A6+1) -> 3 | B8: Mo | C8: 3634.3 | D8: 8571.4286 | E8: 0 | F8: 321.42857 | G8: 0 | H8: 178.57143 | I8: 0 | J8: 0 | K8: 0 | M8: =K8+L8 -> 0 | N8: 892.85714 | O8: 106.6 | P8: 0 | Q8: =SUM(O8:P8) -> 106.6 | R8: 2142.8571 | S8: 2552.8 | T8: 2714.2857 | U8: =C8+E8+G8+I8+M8+Q8+S8 -> 6293.7 | V8: =D8+F8+H8+J8+N8+R8+T8 -> 14821.429 | W8: 0 | Y8: =SUM(U8+W8) -> 6293.7 | Z8: =SUM(V8+X8) -> 14821.429 | AA8: hochnebel | AB8: 3 | AC8: °C | AF8: =+C8+E8+G8+K8+O8+W8 -> 3740.9
A9: =SUM(A8+1) -> 4 | B9: Di | C9: 4572.2 | D9: 8571.4286 | E9: 0 | F9: 321.42857 | G9: 0 | H9: 178.57143 | I9: 0 | J9: 0 | K9: 1056 | M9: =K9+L9 -> 1056 | N9: 892.85714 | O9: 207 | P9: 2476 | Q9: =SUM(O9:P9) -> 2683 | R9: 2142.8571 | S9: 3235.6 | T9: 2714.2857 | U9: =C9+E9+G9+I9+M9+Q9+S9 -> 11546.8 | V9: =D9+F9+H9+J9+N9+R9+T9 -> 14821.429 | W9: 0 | Y9: =SUM(U9+W9) -> 11546.8 | Z9: =SUM(V9+X9) -> 14821.429 | AA9: sonnig am NA | AB9: 1 | AC9: °C | AF9: =+C9+E9+G9+K9+O9+W9 -> 5835.2
A10: =SUM(A9+1) -> 5 | B10: Mi | C10: 4537 | D10: 8571.4286 | E10: 0 | F10: 321.42857 | G10: 55 | H10: 178.57143 | I10: 0 | J10: 0 | K10: 0 | M10: =K10+L10 -> 0 | N10: 892.85714 | O10: 69 | P10: 1900 | Q10: =SUM(O10:P10) -> 1969 | R10: 2142.8571 | S10: 5029.55 | T10: 2714.2857 | U10: =C10+E10+G10+I10+M10+Q10+S10 -> 11590.55 | V10: =D10+F10+H10+J10+N10+R10+T10 -> 14821.429 | W10: 0 | Y10: =SUM(U10+W10) -> 11590.55 | Z10: =SUM(V10+X10) -> 14821.429 | AA10: bewölkt | AB10: -1 | AC10: °C | AF10: =+C10+E10+G10+K10+O10+W10 -> 4661
A11: =SUM(A10+1) -> 6 | B11: Do | C11: 5320.9 | D11: 8571.4286 | E11: 0 | F11: 321.42857 | G11: 0 | H11: 178.57143 | I11: 0 | J11: 0 | K11: 2593.3 | M11: =K11+L11 -> 2593.3 | N11: 892.85714 | O11: 941.6 | P11: 8250 | Q11: =SUM(O11:P11) -> 9191.6 | R11: 2142.8571 | S11: 4640.95 | T11: 2714.2857 | U11: =C11+E11+G11+I11+M11+Q11+S11 -> 21746.75 | V11: =D11+F11+H11+J11+N11+R11+T11 -> 14821.429 | W11: 0 | Y11: =SUM(U11+W11) -> 21746.75 | Z11: =SUM(V11+X11) -> 14821.429 | AA11: bewölkt | AB11: -1 | AC11: °C | AF11: =+C11+E11+G11+K11+O11+W11 -> 8855.8
A12: =SUM(A11+1) -> 7 | B12: Fr | C12: 8669.1 | D12: 8571.4286 | E12: 0 | F12: 321.42857 | G12: 19.8 | H12: 178.57143 | I12: 0 | J12: 0 | K12: 6790 | M12: =K12+L12 -> 6790 | N12: 892.85714 | O12: 556 | P12: 2324 | Q12: =SUM(O12:P12) -> 2880 | R12: 2142.8571 | S12: 2758.55 | T12: 2714.2857 | U12: =C12+E12+G12+I12+M12+Q12+S12 -> 21117.45 | V12: =D12+F12+H12+J12+N12+R12+T12 -> 14821.429 | W12: 0 | Y12: =SUM(U12+W12) -> 21117.45 | Z12: =SUM(V12+X12) -> 14821.429 | AA12: sonnig am NA | AB12: 1 | AC12: °C | AF12: =+C12+E12+G12+K12+O12+W12 -> 16034.9
A13: =SUM(A12+1) -> 8 | B13: Sa | C13: 11973 | D13: 8571.4286 | E13: 843 | F13: 321.42857 | G13: 181.9 | H13: 178.57143 | I13: 0 | J13: 0 | K13: 13072.4 | M13: =K13+L13 -> 13072.4 | N13: 892.85714 | O13: 0 | P13: 535 | Q13: =SUM(O13:P13) -> 535 | R13: 2142.8571 | S13: 5607.65 | T13: 2714.2857 | U13: =C13+E13+G13+I13+M13+Q13+S13 -> 32212.95 | V13: =D13+F13+H13+J13+N13+R13+T13 -> 14821.429 | W13: 0 | Y13: =SUM(U13+W13) -> 32212.95 | Z13: =SUM(V13+X13) -> 14821.429 | AA13: sonnig am NA | AB13: 5 | AC13: °C | AF13: =+C13+E13+G13+K13+O13+W13 -> 26070.3
A14: =SUM(A13+1) -> 9 | B14: So | C14: 10669.1 | D14: 8571.4286 | E14: 1862.4 | F14: 321.42857 | G14: 548.1 | H14: 178.57143 | I14: 0 | J14: 0 | K14: 0 | M14: =K14+L14 -> 0 | N14: 892.85714 | O14: 200 | P14: 2571 | Q14: =SUM(O14:P14) -> 2771 | R14: 2142.8571 | S14: 3177.43 | T14: 2714.2857 | U14: =C14+E14+G14+I14+M14+Q14+S14 -> 19028.03 | V14: =D14+F14+H14+J14+N14+R14+T14 -> 14821.429 | W14: 0 | Y14: =SUM(U14+W14) -> 19028.03 | Z14: =SUM(V14+X14) -> 14821.429 | AA14: hochnebel | AB14: 3 | AC14: °C | AF14: =+C14+E14+G14+K14+O14+W14 -> 13279.6
A15: KW | B15: =SUM(B7+1) -> 6 | C15: =SUM(C8:C14) -> 49375.6 | D15: =SUM(D8:D14) -> 60000 | E15: =SUM(E8:E14) -> 2705.4 | F15: =SUM(F8:F14) -> 2250 | G15: =SUM(G8:G14) -> 804.8 | H15: =SUM(H8:H14) -> 1250 | I15: =SUM(I8:I14) -> 0 | J15: =SUM(J8:J14) -> 0 | ... Z15: =SUM(Z8:Z14) -> 103750 | AA15: Ø Temp | AB15: =SUM(AB8:AB14)/7 -> 1.5714286 | AC15: °C
A16: =SUM(A14+1) -> 10 | B16: Mo | C16: 3735.5 | D16: 8571.4286 | E16: 0 | F16: 321.42857 | G16: 0 | H16: 178.57143 | I16: 0 | J16: 0 | K16: 0 | M16: =K16+L16 -> 0 | N16: 892.85714 | O16: 180 | P16: 725 | Q16: =SUM(O16:P16) -> 905 | R16: 2142.8571 | S16: 2520 | T16: 2714.2857 | U16: =C16+E16+G16+I16+M16+Q16+S16 -> 7160.5 | V16: =D16+F16+H16+J16+N16+R16+T16 -> 14821.429 | W16: 0 | Y16: =SUM(U16+W16) -> 7160.5 | Z16: =SUM(V16+X16) -> 14821.429 | AA16: bewölkt | AB16: 5 | AC16: °C | AF16: =+C16+E16+G16+K16+O16+W16 -> 3915.5
A17: =SUM(A16+1) -> 11 | B17: Di | C17: 5461.5 | D17: 8571.4286 | E17: 0 | F17: 321.42857 | G17: 0 | H17: 178.57143 | I17: 0 | J17: 0 | K17: 0 | M17: =K17+L17 -> 0 | N17: 892.85714 | O17: 416.2 | P17: 1804 | Q17: =SUM(O17:P17) -> 2220.2 | R17: 2142.8571 | S17: 4504.7 | T17: 2714.2857 | U17: =C17+E17+G17+I17+M17+Q17+S17 -> 12186.4 | V17: =D17+F17+H17+J17+N17+R17+T17 -> 14821.429 | W17: 0 | Y17: =SUM(U17+W17) -> 12186.4 | Z17: =SUM(V17+X17) -> 14821.429 | AA17: regen | AB17: 7 | AC17: °C | AF17: =+C17+E17+G17+K17+O17+W17 -> 5877.7
A18: =SUM(A17+1) -> 12 | B18: Mi | C18: 8047 | D18: 8571.4286 | E18: 0 | F18: 321.42857 | G18: 20.8 | H18: 178.57143 | I18: 0 | J18: 0 | K18: 0 | M18: =K18+L18 -> 0 | N18: 892.85714 | O18: 814.5 | P18: 2536.5 | Q18: =SUM(O18:P18) -> 3351 | R18: 2142.8571 | S18: 3730.47 | T18: 2714.2857 | U18: =C18+E18+G18+I18+M18+Q18+S18 -> 15149.27 | V18: =D18+F18+H18+J18+N18+R18+T18 -> 14821.429 | W18: 0 | Y18: =SUM(U18+W18) -> 15149.27 | Z18: =SUM(V18+X18) -> 14821.429 | AA18: regen | AB18: 7 | AC18: °C | AF18: =+C18+E18+G18+K18+O18+W18 -> 8882.3
A19: =SUM(A18+1) -> 13 | B19: Do | C19: 6676.6 | D19: 8571.4286 | E19: 0 | F19: 321.42857 | G19: 0 | H19: 178.57143 | I19: 0 | J19: 0 | K19: 550 | M19: =K19+L19 -> 550 | N19: 892.85714 | O19: 18 | P19: 861 | Q19: =SUM(O19:P19) -> 879 | R19: 2142.8571 | S19: 2256.3 | T19: 2714.2857 | U19: =C19+E19+G19+I19+M19+Q19+S19 -> 10361.9 | V19: =D19+F19+H19+J19+N19+R19+T19 -> 14821.429 | W19: 0 | Y19: =SUM(U19+W19) -> 10361.9 | Z19: =SUM(V19+X19) -> 14821.429 | AA19: nebel | AB19: 1 | AC19: °C | AF19: =+C19+E19+G19+K19+O19+W19 -> 7244.6
A20: =SUM(A19+1) -> 14 | B20: Fr | C20: 15846.7 | D20: 8571.4286 | E20: 0 | F20: 321.42857 | G20: 0 | H20: 178.57143 | I20: 0 | J20: 0 | K20: 6056.6 | M20: =K20+L20 -> 6056.6 | N20: 892.85714 | O20: 0 | P20: 0 | Q20: =SUM(O20:P20) -> 0 | R20: 2142.8571 | S20: 10627.17 | T20: 2714.2857 | U20: =C20+E20+G20+I20+M20+Q20+S20 -> 32530.47 | V20: =D20+F20+H20+J20+N20+R20+T20 -> 14821.429 | W20: 0 | Y20: =SUM(U20+W20) -> 32530.47 | Z20: =SUM(V20+X20) -> 14821.429 | AA20: schnee | AB20: -1 | AC20: °C | AD20: Valentinstag | AF20: =+C20+E20+G20+K20+O20+W20 -> 21903.3
A21: =SUM(A20+1) -> 15 | B21: Sa | C21: 14133.9 | D21: 8571.4286 | E21: 0 | F21: 321.42857 | G21: 15 | H21: 178.57143 | I21: 0 | J21: 0 | K21: 7291.25 | M21: =K21+L21 -> 7291.25 | N21: 892.85714 | O21: 0 | P21: 0 | Q21: =SUM(O21:P21) -> 0 | R21: 2142.8571 | S21: 6159.68 | T21: 2714.2857 | U21: =C21+E21+G21+I21+M21+Q21+S21 -> 27599.83 | V21: =D21+F21+H21+J21+N21+R21+T21 -> 14821.429 | W21: 0 | Y21: =SUM(U21+W21) -> 27599.83 | Z21: =SUM(V21+X21) -> 14821.429 | AA21: teils bewölkt | AB21: 2 | AC21: °C | AF21: =+C21+E21+G21+K21+O21+W21 -> 21440.15
A22: =SUM(A21+1) -> 16 | B22: So | C22: 13805.1 | D22: 8571.4286 | E22: 0 | F22: 321.42857 | G22: 0 | H22: 178.57143 | I22: 0 | J22: 0 | K22: 676.8 | M22: =K22+L22 -> 676.8 | N22: 892.85714 | O22: 0 | P22: 0 | Q22: =SUM(O22:P22) -> 0 | R22: 2142.8571 | S22: 2628.83 | T22: 2714.2857 | U22: =C22+E22+G22+I22+M22+Q22+S22 -> 17110.73 | V22: =D22+F22+H22+J22+N22+R22+T22 -> 14821.429 | W22: 0 | Y22: =SUM(U22+W22) -> 17110.73 | Z22: =SUM(V22+X22) -> 14821.429 | AA22: überwiegend bewölkt | AB22: 3 | AC22: °C | AF22: =+C22+E22+G22+K22+O22+W22 -> 14481.9
A23: KW | B23: =SUM(B15+1) -> 7 | C23: =SUM(C16:C22) -> 67706.3 | D23: =SUM(D16:D22) -> 60000 | E23: =SUM(E16:E22) -> 0 | F23: =SUM(F16:F22) -> 2250 | G23: =SUM(G16:G22) -> 35.8 | H23: =SUM(H16:H22) -> 1250 | I23: =SUM(I16:I22) -> 0 | J23: =SUM(J16:J22) -> 0 | ... Z23: =SUM(Z16:Z22) -> 103750 | AA23: Ø Temp | AB23: =SUM(AB16:AB22)/7 -> 3.4285714 | AC23: °C
A24: =SUM(A22+1) -> 17 | B24: Mo | C24: 5751.2 | D24: 8571.4286 | E24: 0 | F24: 321.42857 | G24: 0 | H24: 178.57143 | I24: 0 | J24: 0 | K24: 0 | M24: =K24+L24 -> 0 | N24: 892.85714 | O24: 6 | P24: 2172 | Q24: =SUM(O24:P24) -> 2178 | R24: 2142.8571 | S24: 1777.7 | T24: 2714.2857 | U24: =C24+E24+G24+I24+M24+Q24+S24 -> 9706.9 | V24: =D24+F24+H24+J24+N24+R24+T24 -> 14821.429 | W24: 0 | Y24: =SUM(U24+W24) -> 9706.9 | Z24: =SUM(V24+X24) -> 14821.429 | AA24: teils bewölkt | AB24: 4 | AC24: °C | AF24: =+C24+E24+G24+K24+O24+W24 -> 5757.2
A25: =SUM(A24+1) -> 18 | B25: Di | C25: 8241.1 | D25: 8571.4286 | E25: 0 | F25: 321.42857 | G25: 0 | H25: 178.57143 | I25: 0 | J25: 0 | K25: 836 | M25: =K25+L25 -> 836 | N25: 892.85714 | O25: 480.5 | P25: 1642 | Q25: =SUM(O25:P25) -> 2122.5 | R25: 2142.8571 | S25: 4381.7 | T25: 2714.2857 | U25: =C25+E25+G25+I25+M25+Q25+S25 -> 15581.3 | V25: =D25+F25+H25+J25+N25+R25+T25 -> 14821.429 | W25: 0 | Y25: =SUM(U25+W25) -> 15581.3 | Z25: =SUM(V25+X25) -> 14821.429 | AA25: bewölkt | AB25: 3 | AC25: °C | AF25: =+C25+E25+G25+K25+O25+W25 -> 9557.6
A26: =SUM(A25+1) -> 19 | B26: Mi | C26: 4999.9 | D26: 8571.4286 | E26: 0 | F26: 321.42857 | G26: 11 | H26: 178.57143 | I26: 0 | J26: 0 | K26: 0 | M26: =K26+L26 -> 0 | N26: 892.85714 | O26: 30 | P26: 2798 | Q26: =SUM(O26:P26) -> 2828 | R26: 2142.8571 | S26: 2167.95 | T26: 2714.2857 | U26: =C26+E26+G26+I26+M26+Q26+S26 -> 10006.85 | V26: =D26+F26+H26+J26+N26+R26+T26 -> 14821.429 | W26: 0 | Y26: =SUM(U26+W26) -> 10006.85 | Z26: =SUM(V26+X26) -> 14821.429 | AA26: bedeckt | AB26: 3 | AC26: °C | AF26: =+C26+E26+G26+K26+O26+W26 -> 5040.9
A27: =SUM(A26+1) -> 20 | B27: Do | C27: 4987.4 | D27: 8571.4286 | E27: 0 | F27: 321.42857 | G27: 44.5 | H27: 178.57143 | I27: 0 | J27: 0 | K27: 0 | M27: =K27+L27 -> 0 | N27: 892.85714 | O27: 723.9 | P27: 2807 | Q27: =SUM(O27:P27) -> 3530.9 | R27: 2142.8571 | S27: 1663.45 | T27: 2714.2857 | U27: =C27+E27+G27+I27+M27+Q27+S27 -> 10226.25 | V27: =D27+F27+H27+J27+N27+R27+T27 -> 14821.429 | W27: 0 | Y27: =SUM(U27+W27) -> 10226.25 | Z27: =SUM(V27+X27) -> 14821.429 | AA27: teilweise sonnig | AB27: 8 | AC27: °C | AF27: =+C27+E27+G27+K27+O27+W27 -> 5755.8
A28: =SUM(A27+1) -> 21 | B28: Fr | C28: 10549.2 | D28: 8571.4286 | E28: 225.5 | F28: 321.42857 | G28: 319.2 | H28: 178.57143 | I28: 0 | J28: 0 | K28: 1850 | M28: =K28+L28 -> 1850 | N28: 892.85714 | O28: 0 | P28: 0 | Q28: =SUM(O28:P28) -> 0 | R28: 2142.8571 | S28: 4065.95 | T28: 2714.2857 | U28: =C28+E28+G28+I28+M28+Q28+S28 -> 17009.85 | V28: =D28+F28+H28+J28+N28+R28+T28 -> 14821.429 | W28: 0 | Y28: =SUM(U28+W28) -> 17009.85 | Z28: =SUM(V28+X28) -> 14821.429 | AA28: sonnig | AB28: 11 | AC28: °C | AF28: =+C28+E28+G28+K28+O28+W28 -> 12943.9
A29: =SUM(A28+1) -> 22 | B29: Sa | C29: 12771.9 | D29: 8571.4286 | E29: 255.6 | F29: 321.42857 | G29: 423.6 | H29: 178.57143 | I29: 0 | J29: 0 | K29: 3765.5 | M29: =K29+L29 -> 3765.5 | N29: 892.85714 | O29: 488.8 | P29: 0 | Q29: =SUM(O29:P29) -> 488.8 | R29: 2142.8571 | S29: 5843.61 | T29: 2714.2857 | U29: =C29+E29+G29+I29+M29+Q29+S29 -> 23549.01 | V29: =D29+F29+H29+J29+N29+R29+T29 -> 14821.429 | W29: 0 | Y29: =SUM(U29+W29) -> 23549.01 | Z29: =SUM(V29+X29) -> 14821.429 | AA29: stark bewölkt | AB29: 13 | AC29: °C | AF29: =+C29+E29+G29+K29+O29+W29 -> 17705.4
A30: =SUM(A29+1) -> 23 | B30: So | C30: 11932.2 | D30: 8571.4286 | E30: 0 | F30: 321.42857 | G30: 49.5 | H30: 178.57143 | I30: 0 | J30: 0 | K30: 0 | M30: =K30+L30 -> 0 | N30: 892.85714 | O30: 0 | P30: 0 | Q30: =SUM(O30:P30) -> 0 | R30: 2142.8571 | S30: 2801.62 | T30: 2714.2857 | U30: =C30+E30+G30+I30+M30+Q30+S30 -> 14783.32 | V30: =D30+F30+H30+J30+N30+R30+T30 -> 14821.429 | W30: 0 | Y30: =SUM(U30+W30) -> 14783.32 | Z30: =SUM(V30+X30) -> 14821.429 | AA30: vereinzelte Regenschauer | AB30: 9 | AC30: °C | AF30: =+C30+E30+G30+K30+O30+W30 -> 11981.7
A31: KW | B31: =SUM(B23+1) -> 8 | C31: =SUM(C24:C30) -> 59232.9 | D31: =SUM(D24:D30) -> 60000 | E31: =SUM(E24:E30) -> 481.1 | F31: =SUM(F24:F30) -> 2250 | G31: =SUM(G24:G30) -> 847.8 | H31: =SUM(H24:H30) -> 1250 | I31: =SUM(I24:I30) -> 0 | J31: =SUM(J24:J30) -> 0 | ... Z31: =SUM(Z24:Z30) -> 103750 | AA31: Ø Temp | AB31: =SUM(AB24:AB30)/7 -> 7.2857143 | AC31: °C
A32: =SUM(A30+1) -> 24 | B32: Mo | C32: 7168.7 | D32: 8571.4286 | E32: 0 | F32: 321.42857 | G32: 0 | H32: 178.57143 | I32: 0 | J32: 0 | K32: 250 | M32: =K32+L32 -> 250 | N32: 892.85714 | O32: 0 | P32: 0 | Q32: =SUM(O32:P32) -> 0 | R32: 2142.8571 | S32: 3860.86 | T32: 2714.2857 | U32: =C32+E32+G32+I32+M32+Q32+S32 -> 11279.56 | V32: =D32+F32+H32+J32+N32+R32+T32 -> 14821.429 | W32: 0 | Y32: =SUM(U32+W32) -> 11279.56 | Z32: =SUM(V32+X32) -> 14821.429 | AA32: vereinzelte Regenschauer | AB32: 9 | AC32: °C | AF32: =+C32+E32+G32+K32+O32+W32 -> 7418.7
A33: =SUM(A32+1) -> 25 | B33: Di. | C33: 10861.3 | D33: 8571.4286 | E33: 0 | F33: 321.42857 | G33: 5.1 | H33: 178.57143 | I33: 0 | J33: 0 | K33: 1654.3 | M33: =K33+L33 -> 1654.3 | N33: 892.85714 | O33: 286.8 | P33: 4930.7 | Q33: =SUM(O33:P33) -> 5217.5 | R33: 2142.8571 | S33: 6096.45 | T33: 2714.2857 | U33: =C33+E33+G33+I33+M33+Q33+S33 -> 23834.65 | V33: =D33+F33+H33+J33+N33+R33+T33 -> 14821.429 | W33: 0 | Y33: =SUM(U33+W33) -> 23834.65 | Z33: =SUM(V33+X33) -> 14821.429 | AA33: Regenschauer | AB33: 8 | AC33: °C | AF33: =+C33+E33+G33+K33+O33+W33 -> 12807.5
A34: =SUM(A33+1) -> 26 | B34: Mi. | C34: 10205.4 | D34: 8571.4286 | E34: 0 | F34: 321.42857 | G34: 0 | H34: 178.57143 | I34: 0 | J34: 0 | K34: 0 | M34: =K34+L34 -> 0 | N34: 892.85714 | O34: 400.1 | P34: 2746 | Q34: =SUM(O34:P34) -> 3146.1 | R34: 2142.8571 | S34: 4970 | T34: 2714.2857 | U34: =C34+E34+G34+I34+M34+Q34+S34 -> 18321.5 | V34: =D34+F34+H34+J34+N34+R34+T34 -> 14821.429 | W34: 0 | Y34: =SUM(U34+W34) -> 18321.5 | Z34: =SUM(V34+X34) -> 14821.429 | AA34: bewölkt und regenschauer | AB34: 8 | AC34: °C | AF34: =+C34+E34+G34+K34+O34+W34 -> 10605.5
A35: =SUM(A34+1) -> 27 | B35: Do. | C35: 4512.8 | D35: 8571.4286 | E35: 0 | F35: 321.42857 | G35: 11.6 | H35: 178.57143 | I35: 0 | J35: 0 | K35: 2237.6 | M35: =K35+L35 -> 2237.6 | N35: 892.85714 | O35: 289.1 | P35: 1884 | Q35: =SUM(O35:P35) -> 2173.1 | R35: 2142.8571 | S35: 2444 | T35: 2714.2857 | U35: =C35+E35+G35+I35+M35+Q35+S35 -> 11379.1 | V35: =D35+F35+H35+J35+N35+R35+T35 -> 14821.429 | W35: 0 | Y35: =SUM(U35+W35) -> 11379.1 | Z35: =SUM(V35+X35) -> 14821.429 | AA35: Schneeschauer, sonnig | AB35: 4 | AC35: °C | AD35: Schmudo | AF35: =+C35+E35+G35+K35+O35+W35 -> 7051.1
A36: =SUM(A35+1) -> 28 | B36: Fr. | C36: 9524.3 | D36: 8571.4286 | E36: 0 | F36: 321.42857 | G36: 73.4 | H36: 178.57143 | I36: 0 | J36: 0 | K36: 0 | M36: =K36+L36 -> 0 | N36: 892.85714 | O36: 370.7 | P36: 3144 | Q36: =SUM(O36:P36) -> 3514.7 | R36: 2142.8571 | S36: 5087.15 | T36: 2714.2857 | U36: =C36+E36+G36+I36+M36+Q36+S36 -> 18199.55 | V36: =D36+F36+H36+J36+N36+R36+T36 -> 14821.429 | W36: 0 | Y36: =SUM(U36+W36) -> 18199.55 | Z36: =SUM(V36+X36) -> 14821.429 | AA36: bewölkt | AB36: 5 | AC36: °C | AF36: =+C36+E36+G36+K36+O36+W36 -> 9968.4
A37: KW | B37: =SUM(B31+1) -> 9 | C37: =SUM(C32:C36) -> 42272.5 | D37: =SUM(D32:D36) -> 42857.143 | E37: =SUM(E32:E36) -> 0 | F37: =SUM(F32:F36) -> 1607.1429 | G37: =SUM(G32:G36) -> 90.1 | H37: =SUM(H32:H36) -> 892.85714 | I37: =SUM(I32:I36) -> 0 | J37: 0 | K37: =SUM(K32:K36) -> 4141.9 | L37: =SUM(L32:L36) -> 0 | M37: =SUM(M32:M36) -> 4141.9 | N37: =SUM(N32:N36) -> 4464.2857 | O37: =SUM(O32:O36) -> 1346.7 | P37: =SUM(P32:P36) -> 12704.7 | Q37: =SUM(Q32:Q36) -> 14051.4 | R37: =SUM(R32:R36) -> 10714.286 | ... Z37: =SUM(Z32:Z36) -> 74107.143 | AA37: Ø Temp | AB37: =SUM(AB24:AB30)/7 -> 7.2857143 | AC37: °C
A38: Umsatz kumuliert | C38: =SUM(C7+C15+C23+C31+C37) -> 242150.7 | D38: =SUM(D7+D15+D23+D31+D37) -> 240000 | E38: =SUM(E7+E15+E23+E31+E37) -> 3186.5 | F38: =SUM(F7+F15+F23+F31+F37) -> 9000 | G38: =SUM(G7+G15+G23+G31+G37) -> 1784.5 | H38: =SUM(H7+H15+H23+H31+H37) -> 5000 | I38: =SUM(I7+I15+I23+I31+I37) -> 0 | J38: =SUM(J7+J15+J23+J31+J37) -> 0 | ... Z38: =SUM(Z7+Z15+Z23+Z31+Z37) -> 415000 | AA38: Umsatz kumuliert | AF38: =SUM(AF5:AF37) -> 318921.05
A39: Umsatz pro Tag | C39: =C38/28 -> 8648.2393 | D39: =D38/28 -> 8571.4286 | E39: =E38/28 -> 113.80357 | F39: =F38/28 -> 321.42857 | G39: =G38/28 -> 63.732143 | H39: =H38/28 -> 178.57143 | I39: =I38/28 -> 0 | J39: =J38/28 -> 0 | K39: =K38/28 -> 2329.0911 | N39: =N38/28 -> 892.85714 | O39: =O38/30 -> 219.49333 | R39: =R38/30 -> 2000 | S39: =S38/28 -> 3923.69 | T39: =T38/28 -> 2714.2857 | U39: =U38/28 -> 16960.377 | V39: =V38/28 -> 14821.429 | W39: =W38/28 -> 0 | X39: =X38/28 -> 0 | Y39: =Y38/28 -> 16960.377 | Z39: =Z38/28 -> 14821.429 | AA39: Budget pro Tag
A40: Diff. zu Budget | C40: =SUM(C38-D38) -> 2150.7 | E40: =SUM(E38-F38) -> -5813.5 | G40: =SUM(G38-H38) -> -3215.5 | I40: =SUM(I38-J38) -> 0 | K40: =SUM(K38-N38) -> 40214.55 | R40: =SUM(Q38-R38) -> -7309 | S40: =SUM(S38-T38) -> 33863.32 | U40: =SUM(U38-V38) -> 59890.57 | W40: =SUM(W38-X38) -> 0 | Y40: =SUM(Y38-Z38) -> 59890.57
A41: Index | C41: =SUM(100/D38*C38) -> 100.89613 | E41: =SUM(100/F38*E38) -> 35.405556 | G41: =SUM(100/H38*G38) -> 35.69 | I41: =SUM(100/J38*I38) -> #DIV/0! | K41: =SUM(100/N38*K38) -> 260.8582 | Q41: =SUM(100/R38*Q38) -> 87.818333 | S41: =SUM(100/T38*S38) -> 144.557 | U41: =SUM(100/V38*U38) -> 114.43146 | W41: =SUM(100/X38*W38) -> #DIV/0! | Y41: =SUM(100/Z38*Y38) -> 114.43146

Sheet 03_25
A1: Tagesumsätze | H1: 45717
C3: Restaurant | E3: Terrasse | G3: Lounge | I3: Pavillon | K3: Bankett | O3: Seminar | S3: Hotel | U3: TOTAL Gesamtbetrieb ohne Seebad | W3: Seebad | Y3: TOTAL Gesamtbetrieb mit Seebad | AA3: Info's | AF3: Gegenkontrolle Gastronovi
C4: IST | D4: Budget | E4: IST | F4: Budget | G4: IST | H4: Budget | I4: IST | J4: Budget | K4: IST/GN | L4: IST/ET | M4: TOTAL IST | N4: Budget | O4: IST/GN | P4: IST/ET | Q4: TOTAL IST | R4: Budget | S4: IST | T4: Budget | U4: IST | V4: Budget | W4: IST | X4: Budget | Y4: IST | Z4: Budget | AA4: Wetter | AB4: Temp. | AD4: Bemerkung
A5: 1 | B5: Sa | C5: 15765.3 | D5: 9516.129 | E5: 0 | F5: 483.87097 | G5: 0 | H5: 258.06452 | I5: 0 | K5: 200 | M5: =K5+L5 -> 200 | N5: 2670.9677 | O5: 0 | P5: 1095 | Q5: =SUM(O5:P5) -> 1095 | R5: 3225.8065 | S5: 2561.32 | T5: 4812.9032 | U5: =SUM(C5+E5+G5+I5+K5+Q5+S5) -> 19621.62 | V5: =SUM(D5+F5+H5+J5+N5+R5+T5) -> 20967.742 | W5: 0 | Y5: =SUM(U5+W5) -> 19621.62 | Z5: =SUM(V5+X5) -> 20967.742 | AA5: bewölkt | AB5: 4 | AC5: °C | AF5: =C5+E5+G5+K5+O5+W5 -> 15965.3
A6: =SUM(A5+1) -> 2 | B6: So | C6: 12145.4 | D6: 9516.129 | E6: 299.1 | F6: 483.87097 | G6: 308.7 | H6: 258.06452 | I6: 0 | K6: 0 | M6: =K6+L6 -> 0 | N6: 2670.9677 | O6: 0 | P6: 0 | Q6: =SUM(O6:P6) -> 0 | R6: 3225.8065 | S6: 1457.96 | T6: 4812.9032 | U6: =SUM(C6+E6+G6+I6+K6+Q6+S6) -> 14211.16 | V6: =SUM(D6+F6+H6+J6+N6+R6+T6) -> 20967.742 | W6: 0 | Y6: =SUM(U6+W6) -> 14211.16 | Z6: =SUM(V6+X6) -> 20967.742 | AA6: 0 | AB6: 5 | AC6: °C | AF6: =C6+E6+G6+K6+O6+W6 -> 12753.2
A7: KW | B7: 9 | C7: =SUM(C5:C6) -> 27910.7 | D7: =SUM(D5:D6) -> 19032.258 | E7: =SUM(E5:E6) -> 299.1 | F7: =SUM(F5:F6) -> 967.74194 | G7: =SUM(G5:G6) -> 308.7 | H7: =SUM(H5:H6) -> 516.12903 | I7: =SUM(I5:I6) -> 0 | J7: =SUM(J5:J6) -> 0 | ... Z7: =SUM(Z5:Z6) -> 41935.484 | AA7: Ø Temp | AB7: =SUM(AB5:AB6)/7 -> 1.2857143 | AC7: °C
A8: =SUM(A6+1) -> 3 | B8: Mo | C8: 7034.5 | D8: 9516.129 | E8: 1013.4 | F8: 483.87097 | G8: 531.7 | H8: 258.06452 | I8: 0 | K8: 0 | M8: =K8+L8 -> 0 | N8: 2670.9677 | O8: 1950.6 | P8: 755 | Q8: =SUM(O8:P8) -> 2705.6 | R8: 3225.8065 | S8: 3994.7 | T8: 4812.9032 | U8: =SUM(C8+E8+G8+I8+K8+Q8+S8) -> 15279.9 | V8: =SUM(D8+F8+H8+J8+N8+R8+T8) -> 20967.742 | W8: 0 | Y8: =SUM(U8+W8) -> 15279.9 | Z8: =SUM(V8+X8) -> 20967.742 | AA8: sonnig | AB8: 10 | AC8: °C | AD8: Güdismontag | AF8: =C8+E8+G8+K8+O8+W8 -> 10530.2
A9: =SUM(A8+1) -> 4 | B9: Di | C9: 9266.3 | D9: 9516.129 | E9: 1557.3 | F9: 483.87097 | G9: 448.1 | H9: 258.06452 | I9: 0 | K9: 0 | M9: =K9+L9 -> 0 | N9: 2670.9677 | O9: 2106.1 | P9: 5718.8 | Q9: =SUM(O9:P9) -> 7824.9 | R9: 3225.8065 | S9: 6085.45 | T9: 4812.9032 | U9: =SUM(C9+E9+G9+I9+K9+Q9+S9) -> 25182.05 | V9: =SUM(D9+F9+H9+J9+N9+R9+T9) -> 20967.742 | W9: 0 | Y9: =SUM(U9+W9) -> 25182.05 | Z9: =SUM(V9+X9) -> 20967.742 | AA9: sonnig | AB9: 11 | AC9: °C | AD9: Güdisdienstag | AF9: =C9+E9+G9+K9+O9+W9 -> 13377.8
A10: =SUM(A9+1) -> 5 | B10: Mi | C10: 10047.9 | D10: 9516.129 | E10: 2459.8 | F10: 483.87097 | G10: 549.1 | H10: 258.06452 | I10: 0 | K10: 1400 | M10: =K10+L10 -> 1400 | N10: 2670.9677 | O10: 1841.8 | P10: 4254.5 | Q10: =SUM(O10:P10) -> 6096.3 | R10: 3225.8065 | S10: 4171.7 | T10: 4812.9032 | U10: =SUM(C10+E10+G10+I10+K10+Q10+S10) -> 24724.8 | V10: =SUM(D10+F10+H10+J10+N10+R10+T10) -> 20967.742 | W10: 0 | Y10: =SUM(U10+W10) -> 24724.8 | Z10: =SUM(V10+X10) -> 20967.742 | AA10: sonnig | AB10: 13 | AC10: °C | AD10: Aschermittwoch | AF10: =C10+E10+G10+K10+O10+W10 -> 16298.6
A11: =SUM(A10+1) -> 6 | B11: Do | C11: 8079.1 | D11: 9516.129 | E11: 2717.2 | F11: 483.87097 | G11: 871.8 | H11: 258.06452 | I11: 0 | K11: 820 | M11: =K11+L11 -> 820 | N11: 2670.9677 | O11: 1529.8 | P11: 8220.5 | Q11: =SUM(O11:P11) -> 9750.3 | R11: 3225.8065 | S11: 3802.65 | T11: 4812.9032 | U11: =SUM(C11+E11+G11+I11+K11+Q11+S11) -> 26041.05 | V11: =SUM(D11+F11+H11+J11+N11+R11+T11) -> 20967.742 | W11: 0 | Y11: =SUM(U11+W11) -> 26041.05 | Z11: =SUM(V11+X11) -> 20967.742 | AA11: sonnig | AB11: 13 | AC11: °C | AF11: =C11+E11+G11+K11+O11+W11 -> 14017.9
A12: =SUM(A11+1) -> 7 | B12: Fr | C12: 14695 | D12: 9516.129 | E12: 4385.8 | F12: 483.87097 | G12: 632.3 | H12: 258.06452 | I12: 0 | K12: 908.6 | M12: =K12+L12 -> 908.6 | N12: 2670.9677 | O12: 383 | P12: 4692 | Q12: =SUM(O12:P12) -> 5075 | R12: 3225.8065 | S12: 5639.6 | T12: 4812.9032 | U12: =SUM(C12+E12+G12+I12+K12+Q12+S12) -> 31336.3 | V12: =SUM(D12+F12+H12+J12+N12+R12+T12) -> 20967.742 | W12: 0 | Y12: =SUM(U12+W12) -> 31336.3 | Z12: =SUM(V12+X12) -> 20967.742 | AA12: sonnig | AB12: 15 | AC12: °C | AF12: =C12+E12+G12+K12+O12+W12 -> 21004.7
A13: =SUM(A12+1) -> 8 | B13: Sa | C13: 15635.8 | D13: 9516.129 | E13: 10155.8 | F13: 483.87097 | G13: 1444.3 | H13: 258.06452 | I13: 0 | K13: 6563.8 | M13: =K13+L13 -> 6563.8 | N13: 2670.9677 | O13: 0 | P13: 1521 | Q13: =SUM(O13:P13) -> 1521 | R13: 3225.8065 | S13: 5520.29 | T13: 4812.9032 | U13: =SUM(C13+E13+G13+I13+K13+Q13+S13) -> 40840.99 | V13: =SUM(D13+F13+H13+J13+N13+R13+T13) -> 20967.742 | W13: 0 | Y13: =SUM(U13+W13) -> 40840.99 | Z13: =SUM(V13+X13) -> 20967.742 | AA13: sonnig | AB13: 16 | AC13: °C | AF13: =C13+E13+G13+K13+O13+W13 -> 33799.7
A14: =SUM(A13+1) -> 9 | B14: So | C14: 15005.6 | D14: 9516.129 | E14: 6343.7 | F14: 483.87097 | G14: 1110.1 | H14: 258.06452 | I14: 0 | K14: 3911.4 | M14: =K14+L14 -> 3911.4 | N14: 2670.9677 | O14: 0 | P14: 0 | Q14: =SUM(O14:P14) -> 0 | R14: 3225.8065 | S14: 3404.8 | T14: 4812.9032 | U14: =SUM(C14+E14+G14+I14+K14+Q14+S14) -> 29775.6 | V14: =SUM(D14+F14+H14+J14+N14+R14+T14) -> 20967.742 | W14: 0 | Y14: =SUM(U14+W14) -> 29775.6 | Z14: =SUM(V14+X14) -> 20967.742 | AA14: sonnig | AB14: 15 | AC14: °C | AF14: =C14+E14+G14+K14+O14+W14 -> 26370.8
A15: KW | B15: =SUM(B7+1) -> 10 | C15: =SUM(C8:C14) -> 79764.2 | D15: =SUM(D8:D14) -> 66612.903 | E15: =SUM(E8:E14) -> 28633 | F15: =SUM(F8:F14) -> 3387.0968 | G15: =SUM(G8:G14) -> 5587.4 | H15: =SUM(H8:H14) -> 1806.4516 | I15: =SUM(I8:I14) -> 0 | J15: =SUM(J8:J14) -> 0 | ... Z15: =SUM(Z8:Z14) -> 146774.19 | AA15: Ø Temp | AB15: =SUM(AB8:AB14)/7 -> 13.285714 | AC15: °C
A16: =SUM(A14+1) -> 10 | B16: Mo | C16: 5933.7 | D16: 9516.129 | E16: 71.7 | F16: 483.87097 | G16: 197.5 | H16: 258.06452 | I16: 0 | K16: 1362.8 | M16: =K16+L16 -> 1362.8 | N16: 2670.9677 | O16: 743.8 | P16: 2792 | Q16: =SUM(O16:P16) -> 3535.8 | R16: 3225.8065 | S16: 5883.8 | T16: 4812.9032 | U16: =SUM(C16+E16+G16+I16+K16+Q16+S16) -> 16985.3 | V16: =SUM(D16+F16+H16+J16+N16+R16+T16) -> 20967.742 | W16: 0 | Y16: =SUM(U16+W16) -> 16985.3 | Z16: =SUM(V16+X16) -> 20967.742 | AA16: bewölkt / teilweise Regen | AB16: 11 | AC16: °C | AF16: =C16+E16+G16+K16+O16+W16 -> 8309.5
A17: =SUM(A16+1) -> 11 | B17: Di | C17: 4132.7 | D17: 9516.129 | E17: 299.1 | F17: 483.87097 | G17: 159.9 | H17: 258.06452 | I17: 0 | K17: 0 | M17: =K17+L17 -> 0 | N17: 2670.9677 | O17: 788.6 | P17: 11353 | Q17: =SUM(O17:P17) -> 12141.6 | R17: 3225.8065 | S17: 7690.55 | T17: 4812.9032 | U17: =SUM(C17+E17+G17+I17+K17+Q17+S17) -> 24423.85 | V17: =SUM(D17+F17+H17+J17+N17+R17+T17) -> 20967.742 | W17: 0 | Y17: =SUM(U17+W17) -> 24423.85 | Z17: =SUM(V17+X17) -> 20967.742 | AA17: teilweise sonnig | AB17: 12 | AC17: °C | AF17: =C17+E17+G17+K17+O17+W17 -> 5380.3
A18: =SUM(A17+1) -> 12 | B18: Mi | C18: 5647.5 | D18: 9516.129 | E18: 0 | F18: 483.87097 | G18: 14.6 | H18: 258.06452 | I18: 0 | K18: 3884.5 | M18: =K18+L18 -> 3884.5 | N18: 2670.9677 | O18: 1011.6 | P18: 7139 | Q18: =SUM(O18:P18) -> 8150.6 | R18: 3225.8065 | S18: 3552.85 | T18: 4812.9032 | U18: =SUM(C18+E18+G18+I18+K18+Q18+S18) -> 21250.05 | V18: =SUM(D18+F18+H18+J18+N18+R18+T18) -> 20967.742 | W18: 0 | Y18: =SUM(U18+W18) -> 21250.05 | Z18: =SUM(V18+X18) -> 20967.742 | AA18: regen | AB18: 8 | AC18: °C | AF18: =C18+E18+G18+K18+O18+W18 -> 10558.2
A19: =SUM(A18+1) -> 13 | B19: Do | C19: 7114.3 | D19: 9516.129 | E19: 0 | F19: 483.87097 | G19: 0 | H19: 258.06452 | I19: 0 | K19: 165 | M19: =K19+L19 -> 165 | N19: 2670.9677 | O19: 256.9 | P19: 1467 | Q19: =SUM(O19:P19) -> 1723.9 | R19: 3225.8065 | S19: 4302.6 | T19: 4812.9032 | U19: =SUM(C19+E19+G19+I19+K19+Q19+S19) -> 13305.8 | V19: =SUM(D19+F19+H19+J19+N19+R19+T19) -> 20967.742 | W19: 0 | Y19: =SUM(U19+W19) -> 13305.8 | Z19: =SUM(V19+X19) -> 20967.742 | AA19: bewölkt | AB19: 4 | AC19: °C | AF19: =C19+E19+G19+K19+O19+W19 -> 7536.2
A20: =SUM(A19+1) -> 14 | B20: Fr | C20: 9456.3 | D20: 9516.129 | E20: 0 | F20: 483.87097 | G20: 0 | H20: 258.06452 | I20: 0 | K20: 7130.8 | M20: =K20+L20 -> 7130.8 | N20: 2670.9677 | O20: 105 | P20: 1823 | Q20: =SUM(O20:P20) -> 1928 | R20: 3225.8065 | S20: 8999.15 | T20: 4812.9032 | U20: =SUM(C20+E20+G20+I20+K20+Q20+S20) -> 27514.25 | V20: =SUM(D20+F20+H20+J20+N20+R20+T20) -> 20967.742 | W20: 0 | Y20: =SUM(U20+W20) -> 27514.25 | Z20: =SUM(V20+X20) -> 20967.742 | AA20: bewölkt | AB20: 3 | AC20: °C | AF20: =C20+E20+G20+K20+O20+W20 -> 16692.1
A21: =SUM(A20+1) -> 15 | B21: Sa | C21: 9893.4 | D21: 9516.129 | E21: 0 | F21: 483.87097 | G21: 5.1 | H21: 258.06452 | I21: 0 | K21: 6235.1 | M21: =K21+L21 -> 6235.1 | N21: 2670.9677 | O21: 0 | P21: 0 | Q21: =SUM(O21:P21) -> 0 | R21: 3225.8065 | S21: 5509.89 | T21: 4812.9032 | U21: =SUM(C21+E21+G21+I21+K21+Q21+S21) -> 21643.49 | V21: =SUM(D21+F21+H21+J21+N21+R21+T21) -> 20967.742 | W21: 0 | Y21: =SUM(U21+W21) -> 21643.49 | Z21: =SUM(V21+X21) -> 20967.742 | AA21: bewölkt | AB21: 2 | AC21: °C | AF21: =C21+E21+G21+K21+O21+W21 -> 16133.6
A22: =SUM(A21+1) -> 16 | B22: So | C22: 13303.8 | D22: 9516.129 | E22: 0 | F22: 483.87097 | G22: 0 | H22: 258.06452 | I22: 0 | K22: 10562.5 | M22: =K22+L22 -> 10562.5 | N22: 2670.9677 | O22: 254 | P22: 0 | Q22: =SUM(O22:P22) -> 254 | R22: 3225.8065 | S22: 1311.3 | T22: 4812.9032 | U22: =SUM(C22+E22+G22+I22+K22+Q22+S22) -> 25431.6 | V22: =SUM(D22+F22+H22+J22+N22+R22+T22) -> 20967.742 | W22: 0 | Y22: =SUM(U22+W22) -> 25431.6 | Z22: =SUM(V22+X22) -> 20967.742 | AA22: bewölkt / teilweise Regen | AB22: 3 | AC22: °C | AF22: =C22+E22+G22+K22+O22+W22 -> 24120.3
A23: KW | B23: =SUM(B15+1) -> 11 | C23: =SUM(C16:C22) -> 55481.7 | D23: =SUM(D16:D22) -> 66612.903 | E23: =SUM(E16:E22) -> 370.8 | F23: =SUM(F16:F22) -> 3387.0968 | G23: =SUM(G16:G22) -> 377.1 | H23: =SUM(H16:H22) -> 1806.4516 | I23: 0 | J23: =SUM(J16:J22) -> 0 | K23: =SUM(K16:K22) -> 29340.7 | L23: =SUM(L16:L22) -> 0 | M23: =SUM(M16:M22) -> 29340.7 | N23: =SUM(N16:N22) -> 18696.774 | O23: =SUM(O16:O22) -> 3159.9 | P23: =SUM(P16:P22) -> 24574 | Q23: =SUM(Q16:Q22) -> 27733.9 | ... Z23: =SUM(Z16:Z22) -> 146774.19 | AA23: Ø Temp | AB23: =SUM(AB16:AB22)/7 -> 6.1428571 | AC23: °C
A24: =SUM(A22+1) -> 17 | B24: Mo | C24: 5292.1 | D24: 9516.129 | E24: 28.6 | F24: 483.87097 | G24: 14.1 | H24: 258.06452 | I24: 0 | K24: 0 | M24: =K24+L24 -> 0 | N24: 2670.9677 | O24: 1098 | P24: 5279 | Q24: =SUM(O24:P24) -> 6377 | R24: 3225.8065 | S24: 6341.35 | T24: 4812.9032 | U24: =SUM(C24+E24+G24+I24+K24+Q24+S24) -> 18053.15 | V24: =SUM(D24+F24+H24+J24+N24+R24+T24) -> 20967.742 | W24: 0 | Y24: =SUM(U24+W24) -> 18053.15 | Z24: =SUM(V24+X24) -> 20967.742 | AA24: bewölkt | AB24: 3 | AC24: °C | AF24: =C24+E24+G24+K24+O24+W24 -> 6432.8
A25: =SUM(A24+1) -> 18 | B25: Di | C25: 4930.9 | D25: 9516.129 | E25: 771.8 | F25: 483.87097 | G25: 268.7 | H25: 258.06452 | I25: 0 | K25: 0 | M25: =K25+L25 -> 0 | N25: 2670.9677 | O25: 1868.9 | P25: 8832 | Q25: =SUM(O25:P25) -> 10700.9 | R25: 3225.8065 | S25: 6008.85 | T25: 4812.9032 | U25: =SUM(C25+E25+G25+I25+K25+Q25+S25) -> 22681.15 | V25: =SUM(D25+F25+H25+J25+N25+R25+T25) -> 20967.742 | W25: 0 | Y25: =SUM(U25+W25) -> 22681.15 | Z25: =SUM(V25+X25) -> 20967.742 | AA25: sonnig | AB25: 9 | AC25: °C | AF25: =C25+E25+G25+K25+O25+W25 -> 7840.3
A26: =SUM(A25+1) -> 19 | B26: Mi | C26: 6317.5 | D26: 9516.129 | E26: 2736.4 | F26: 483.87097 | G26: 723.2 | H26: 258.06452 | I26: 0 | K26: 1560 | M26: =K26+L26 -> 1560 | N26: 2670.9677 | O26: 88 | P26: 5902 | Q26: =SUM(O26:P26) -> 5990 | R26: 3225.8065 | S26: 3114.25 | T26: 4812.9032 | U26: =SUM(C26+E26+G26+I26+K26+Q26+S26) -> 20441.35 | V26: =SUM(D26+F26+H26+J26+N26+R26+T26) -> 20967.742 | W26: 0 | Y26: =SUM(U26+W26) -> 20441.35 | Z26: =SUM(V26+X26) -> 20967.742 | AA26: sonnig | AB26: 13 | AC26: °C | AF26: =C26+E26+G26+K26+O26+W26 -> 11425.1
A27: =SUM(A26+1) -> 20 | B27: Do | C27: 7879.1 | D27: 9516.129 | E27: 1694.5 | F27: 483.87097 | G27: 551.7 | H27: 258.06452 | I27: 0 | K27: 2806.9 | M27: =K27+L27 -> 2806.9 | N27: 2670.9677 | O27: 1164.4 | P27: 2448 | Q27: =SUM(O27:P27) -> 3612.4 | R27: 3225.8065 | S27: 2697.17 | T27: 4812.9032 | U27: =SUM(C27+E27+G27+I27+K27+Q27+S27) -> 19241.77 | V27: =SUM(D27+F27+H27+J27+N27+R27+T27) -> 20967.742 | W27: 0 | Y27: =SUM(U27+W27) -> 19241.77 | Z27: =SUM(V27+X27) -> 20967.742 | AA27: sonnig | AB27: 13 | AC27: °C | AF27: =C27+E27+G27+K27+O27+W27 -> 14096.6
A28: =SUM(A27+1) -> 21 | B28: Fr | C28: 9714.5 | D28: 9516.129 | E28: 559.1 | F28: 483.87097 | G28: 376.8 | H28: 258.06452 | I28: 0 | K28: 0 | M28: =K28+L28 -> 0 | N28: 2670.9677 | O28: 92.8 | P28: 450 | Q28: =SUM(O28:P28) -> 542.8 | R28: 3225.8065 | S28: 3578.98 | T28: 4812.9032 | U28: =SUM(C28+E28+G28+I28+K28+Q28+S28) -> 14772.18 | V28: =SUM(D28+F28+H28+J28+N28+R28+T28) -> 20967.742 | W28: 0 | Y28: =SUM(U28+W28) -> 14772.18 | Z28: =SUM(V28+X28) -> 20967.742 | AA28: bewölkt | AB28: 16 | AC28: °C | AF28: =C28+E28+G28+K28+O28+W28 -> 10743.2
A29: =SUM(A28+1) -> 22 | B29: Sa | C29: 14912.3 | D29: 9516.129 | E29: 5260.6 | F29: 483.87097 | G29: 1137.8 | H29: 258.06452 | I29: 0 | K29: 6285.7 | M29: =K29+L29 -> 6285.7 | N29: 2670.9677 | O29: 0 | P29: 0 | Q29: =SUM(O29:P29) -> 0 | R29: 3225.8065 | S29: 8129.6 | T29: 4812.9032 | U29: =SUM(C29+E29+G29+I29+K29+Q29+S29) -> 35726 | V29: =SUM(D29+F29+H29+J29+N29+R29+T29) -> 20967.742 | W29: 0 | Y29: =SUM(U29+W29) -> 35726 | Z29: =SUM(V29+X29) -> 20967.742 | AA29: sonnig | AB29: 17 | AC29: °C | AF29: =C29+E29+G29+K29+O29+W29 -> 27596.4
A30: =SUM(A29+1) -> 23 | B30: So | C30: 13138 | D30: 9516.129 | E30: 1462.7 | F30: 483.87097 | G30: 579.9 | H30: 258.06452 | I30: 0 | K30: 1720 | M30: =K30+L30 -> 1720 | N30: 2670.9677 | O30: 0 | P30: 0 | Q30: =SUM(O30:P30) -> 0 | R30: 3225.8065 | S30: 2563.11 | T30: 4812.9032 | U30: =SUM(C30+E30+G30+I30+K30+Q30+S30) -> 19463.71 | V30: =SUM(D30+F30+H30+J30+N30+R30+T30) -> 20967.742 | W30: 0 | Y30: =SUM(U30+W30) -> 19463.71 | Z30: =SUM(V30+X30) -> 20967.742 | AA30: bewölkt / sonnig | AB30: 15 | AC30: °C | AF30: =C30+E30+G30+K30+O30+W30 -> 16900.6
A31: KW | B31: =SUM(B23+1) -> 12 | C31: =SUM(C24:C30) -> 62184.4 | D31: =SUM(D24:D30) -> 66612.903 | E31: =SUM(E24:E30) -> 12513.7 | F31: =SUM(F24:F30) -> 3387.0968 | G31: =SUM(G24:G30) -> 3652.2 | H31: =SUM(H24:H30) -> 1806.4516 | I31: =SUM(I24:I30) -> 0 | J31: =SUM(J24:J30) -> 0 | ... Z31: =SUM(Z24:Z30) -> 146774.19 | AA31: Ø Temp | AB31: =SUM(AB24:AB30)/7 -> 12.285714 | AC31: °C
A32: =SUM(A30+1) -> 24 | B32: Mo | C32: 4868.1 | D32: 9516.129 | E32: 244.2 | F32: 483.87097 | G32: 93.3 | H32: 258.06452 | I32: 0 | K32: 652.1 | M32: =K32+L32 -> 652.1 | N32: 2670.9677 | O32: 1703.1 | P32: 610 | Q32: =SUM(O32:P32) -> 2313.1 | R32: 3225.8065 | S32: 3609.6 | T32: 4812.9032 | U32: =SUM(C32+E32+G32+I32+K32+Q32+S32) -> 11780.4 | V32: =SUM(D32+F32+H32+J32+N32+R32+T32) -> 20967.742 | W32: 0 | Y32: =SUM(U32+W32) -> 11780.4 | Z32: =SUM(V32+X32) -> 20967.742 | AA32: bewölkt / Regenschauer | AB32: 11 | AC32: °C | AF32: =C32+E32+G32+K32+O32+W32 -> 7560.8
A33: =SUM(A32+1) -> 25 | B33: Di | C33: 7446.3 | D33: 9516.129 | E33: 0 | F33: 483.87097 | G33: 29.9 | H33: 258.06452 | I33: 0 | K33: 2338 | M33: =K33+L33 -> 2338 | N33: 2670.9677 | O33: 1890.9 | P33: 5652 | Q33: =SUM(O33:P33) -> 7542.9 | R33: 3225.8065 | S33: 5646.86 | T33: 4812.9032 | U33: =SUM(C33+E33+G33+I33+K33+Q33+S33) -> 23003.96 | V33: =SUM(D33+F33+H33+J33+N33+R33+T33) -> 20967.742 | W33: 0 | Y33: =SUM(U33+W33) -> 23003.96 | Z33: =SUM(V33+X33) -> 20967.742 | AA33: regen | AB33: 5 | AC33: °C | AF33: =C33+E33+G33+K33+O33+W33 -> 11705.1
A34: =SUM(A33+1) -> 26 | B34: Mi | C34: 6297.2 | D34: 9516.129 | E34: 0 | F34: 483.87097 | G34: 100.5 | H34: 258.06452 | I34: 0 | K34: 0 | M34: =K34+L34 -> 0 | N34: 2670.9677 | O34: 2037.6 | P34: 8974.5 | Q34: =SUM(O34:P34) -> 11012.1 | R34: 3225.8065 | S34: 8591.59 | T34: 4812.9032 | U34: =SUM(C34+E34+G34+I34+K34+Q34+S34) -> 26001.39 | V34: =SUM(D34+F34+H34+J34+N34+R34+T34) -> 20967.742 | W34: 0 | Y34: =SUM(U34+W34) -> 26001.39 | Z34: =SUM(V34+X34) -> 20967.742 | AA34: bewölkt | AB34: 4 | AC34: °C | AF34: =C34+E34+G34+K34+O34+W34 -> 8435.3
A35: =SUM(A34+1) -> 27 | B35: Do | C35: 6439.3 | D35: 9516.129 | E35: 5.2 | F35: 483.87097 | G35: 22.4 | H35: 258.06452 | I35: 0 | K35: 1699.6 | M35: =K35+L35 -> 1699.6 | N35: 2670.9677 | O35: 601.1 | P35: 9284 | Q35: =SUM(O35:P35) -> 9885.1 | R35: 3225.8065 | S35: 5292.07 | T35: 4812.9032 | U35: =SUM(C35+E35+G35+I35+K35+Q35+S35) -> 23343.67 | V35: =SUM(D35+F35+H35+J35+N35+R35+T35) -> 20967.742 | W35: 0 | Y35: =SUM(U35+W35) -> 23343.67 | Z35: =SUM(V35+X35) -> 20967.742 | AA35: regen | AB35: 5 | AC35: °C | AF35: =C35+E35+G35+K35+O35+W35 -> 8767.6
A36: 28 | B36: Fr | C36: 10134 | D36: 9516.129 | E36: 0 | F36: 483.87097 | G36: 85.1 | H36: 258.06452 | I36: 0 | K36: 0 | M36: =K36+L36 -> 0 | N36: 2670.9677 | O36: 0 | P36: 0 | Q36: =SUM(O36:P36) -> 0 | R36: 3225.8065 | S36: 3573.08 | T36: 4812.9032 | U36: =SUM(C36+E36+G36+I36+K36+Q36+S36) -> 13792.18 | V36: =SUM(D36+F36+H36+J36+N36+R36+T36) -> 20967.742 | W36: 0 | Y36: =SUM(U36+W36) -> 13792.18 | Z36: =SUM(V36+X36) -> 20967.742 | AA36: teilweise Regen | AB36: 10 | AC36: °C | AF36: =C36+E36+G36+K36+O36+W36 -> 10219.1
A37: =SUM(A36+1) -> 29 | B37: Sa | C37: 15940.8 | D37: 9516.129 | E37: 0 | F37: 483.87097 | G37: 0 | H37: 258.06452 | I37: 0 | K37: 9860.7 | M37: =K37+L37 -> 9860.7 | N37: 2670.9677 | O37: 0 | P37: 125 | Q37: =SUM(O37:P37) -> 125 | R37: 3225.8065 | S37: 4681.77 | T37: 4812.9032 | U37: =SUM(C37+E37+G37+I37+K37+Q37+S37) -> 30608.27 | V37: =SUM(D37+F37+H37+J37+N37+R37+T37) -> 20967.742 | W37: 0 | Y37: =SUM(U37+W37) -> 30608.27 | Z37: =SUM(V37+X37) -> 20967.742 | AA37: Regen | AB37: 8 | AC37: °C | AF37: =C37+E37+G37+K37+O37+W37 -> 25801.5
A38: =SUM(A37+1) -> 30 | B38: So | C38: 19089.7 | D38: 9516.129 | E38: 2750.3 | F38: 483.87097 | G38: 911.9 | H38: 258.06452 | I38: 0 | K38: 3012.5 | M38: =K38+L38 -> 3012.5 | N38: 2670.9677 | O38: 0 | P38: 0 | Q38: =SUM(O38:P38) -> 0 | R38: 3225.8065 | S38: 1923.35 | T38: 4812.9032 | U38: =SUM(C38+E38+G38+I38+K38+Q38+S38) -> 27687.75 | V38: =SUM(D38+F38+H38+J38+N38+R38+T38) -> 20967.742 | W38: 0 | Y38: =SUM(U38+W38) -> 27687.75 | Z38: =SUM(V38+X38) -> 20967.742 | AA38: teilweise bewölkt | AB38: 13 | AC38: °C | AF38: =C38+E38+G38+K38+O38+W38 -> 25764.4
A39: KW | B39: =SUM(B31+1) -> 13 | C39: =SUM(C32:C38) -> 70215.4 | D39: =SUM(D32:D38) -> 66612.903 | E39: =SUM(E32:E38) -> 2999.7 | F39: =SUM(F32:F38) -> 3387.0968 | G39: =SUM(G32:G38) -> 1243.1 | H39: =SUM(H32:H38) -> 1806.4516 | I39: =SUM(I32:I38) -> 0 | J39: =SUM(J32:J38) -> 0 | ... Z39: =SUM(Z32:Z38) -> 146774.19 | AA39: Ø Temp | AB39: =SUM(AB32:AB36)/4 -> 8.75 | AC39: °C
A40: =A38+1 -> 31 | B40: Mo | C40: 6774.6 | D40: 9516.129 | E40: 87.3 | F40: 483.87097 | G40: 188.2 | H40: 258.06452 | I40: 0 | K40: 690 | M40: =K40+L40 -> 690 | N40: 2670.9677 | O40: 288.9 | P40: 2055 | Q40: 3243 | R40: 3225.8065 | S40: 2696.8 | T40: 4812.9032 | U40: =SUM(C40+E40+G40+I40+K40+Q40+S40) -> 13679.9 | V40: =SUM(D40+F40+H40+J40+N40+R40+T40) -> 20967.742 | W40: 0 | Y40: =SUM(U40+W40) -> 13679.9 | Z40: =SUM(V40+X40) -> 20967.742 | AA40: wechselhaft | AB40: 10 | AC40: °C | AF40: =C40+E40+G40+K40+O40+W40 -> 8029
A41: KW | B41: =SUM(B39+1) -> 14 | C41: =SUM(C40) -> 6774.6 | D41: =SUM(D40) -> 9516.129 | E41: =SUM(E40) -> 87.3 | F41: =SUM(F40) -> 483.87097 | G41: =SUM(G40) -> 188.2 | H41: =SUM(H40) -> 258.06452 | I41: =SUM(I40) -> 0 | J41: =SUM(J40) -> 0 | ... Z41: =SUM(Z40) -> 20967.742 | AA41: Ø Temp | AB41: =SUM(AB34:AB38)/4 -> 10 | AC41: °C | AF41: =SUM(AF5:AF40) -> 454166.2
A42: Umsatz kumuliert | C42: =SUM(C7+C15+C23+C31+C39+C41) -> 302331 | D42: =SUM(D7+D15+D23+D31+D39+D41) -> 295000 | E42: =SUM(E7+E15+E23+E31+E39+E41) -> 44903.6 | F42: =SUM(F7+F15+F23+F31+F39+F41) -> 15000 | G42: =SUM(G7+G15+G23+G31+G39+G41) -> 11356.7 | H42: =SUM(H7+H15+H23+H31+H39+H41) -> 8000 | I42: =SUM(I7+I15+I23+I31+I39+I41) -> 0 | J42: =SUM(J7+J15+J23+J31+J39+J41) -> 0 | ... Z42: =SUM(Z7+Z15+Z23+Z31+Z39+Z41) -> 650000 | AA42: Umsatz kumuliert
A43: Umsatz pro Tag | C43: =C42/31 -> 9752.6129 | D43: =D42/31 -> 9516.129 | E43: =E42/31 -> 1448.5032 | F43: =F42/31 -> 483.87097 | G43: =G42/31 -> 366.34516 | H43: =H42/31 -> 258.06452 | I43: =I42/31 -> 0 | J43: =J42/31 -> 0 | K43: =K42/31 -> 2379.6774 | N43: =N42/31 -> 2670.9677 | O43: =O42/30 -> 726.83 | P43: =P42/31 -> 3240.0742 | R43: =R42/30 -> 3333.3333 | S43: =S42/31 -> 4591.5174 | T43: =T42/31 -> 4812.9032 | U43: =U42/31 -> 22511.117 | V43: =V42/31 -> 20967.742 | W43: =W42/31 -> 0 | X43: =X42/31 -> 0 | Y43: =Y42/31 -> 22511.117 | Z43: =Z42/31 -> 20967.742 | AA43: Budget pro Tag
A44: Diff. zu Budget | C44: =SUM(C42-D42) -> 7331 | E44: =SUM(E42-F42) -> 29903.6 | G44: =SUM(G42-H42) -> 3356.7 | I44: =SUM(I42-J42) -> 0 | K44: =SUM(K42-N42) -> -9030 | Q44: =SUM(Q42-R42) -> 23146.3 | S44: =SUM(S42-T42) -> -6862.96 | U44: =SUM(U42-V42) -> 47844.64 | W44: =SUM(W42-X42) -> 0 | Y44: =SUM(Y42-Z42) -> 47844.64
A45: Index | C45: =SUM(100/D42*C42) -> 102.48508 | E45: =SUM(100/F42*E42) -> 299.35733 | G45: =SUM(100/H42*G42) -> 141.95875 | I45: =SUM(100/J42*I42) -> #DIV/0! | K45: =SUM(100/N42*K42) -> 89.094203 | Q45: =SUM(100/R42*Q42) -> 123.1463 | S45: =SUM(100/T42*S42) -> 95.400161 | U45: =SUM(100/V42*U42) -> 107.36071 | W45: =SUM(100/X42*W42) -> #DIV/0! | Y45: =SUM(100/Z42*Y42) -> 107.36071

Sheet 04_25
A1: Tagesumsätze | H1: 45748
C3: Restaurant | E3: Terrasse | G3: Lounge | I3: Pavillon | K3: Bankett | O3: Seminar | S3: Hotel | U3: TOTAL Gesamtbetrieb ohne Seebad | W3: Seebad | Y3: TOTAL Gesamtbetrieb mit Seebad | AA3: Info's | AH3: Gegenkontrolle Gastronovi
C4: IST | D4: Budget | E4: IST | F4: Budget | G4: IST | H4: Budget | I4: IST | J4: Budget | K4: IST/GN | L4: IST/ET | M4: TOTAL IST | N4: Budget | O4: IST/GN | P4: IST/ET | Q4: TOTAL IST | R4: Budget | S4: IST | T4: Budget | U4: IST | V4: Budget | W4: IST | X4: Budget | Y4: IST | Z4: Budget | AA4: Wetter | AB4: Temp. | AD4: Bemerkung
A5: 1 | B5: Di | C5: 7760.9 | D5: 8333.3333 | E5: 131.6 | F5: 3166.6667 | G5: 255.4 | H5: 333.33333 | I5: 0 | K5: 1233.9 | M5: =K5+L5 -> 1233.9 | N5: 5066.6667 | O5: 1476.4 | P5: 10464 | Q5: =O5+P5 -> 11940.4 | R5: 3000 | S5: 6676.65 | T5: 5433.3333 | U5: =C5+E5+G5+I5+M5+Q5+S5 -> 27998.85 | V5: =D5+F5+H5+J5+N5+R5+T5 -> 25333.333 | X5: 66.666667 | Y5: =SUM(U5+W5) -> 27998.85 | Z5: =SUM(V5+X5) -> 25400 | AA5: sonnig, sehr windig | AB5: 14 | AC5: °C | AH5: =SUM(C5+E5+G5+I5+K5+O5) -> 10858.2
A6: =SUM(A5+1) -> 2 | B6: Mi | C6: 8985.7 | D6: 8333.3333 | E6: 1567.9 | F6: 3166.6667 | G6: 401.8 | H6: 333.33333 | I6: 0 | K6: 0 | M6: =K6+L6 -> 0 | N6: 5066.6667 | O6: 1053.1 | P6: 10057 | Q6: =O6+P6 -> 11110.1 | R6: 3000 | S6: 6671.86 | T6: 5433.3333 | U6: =C6+E6+G6+I6+M6+Q6+S6 -> 28737.36 | V6: =D6+F6+H6+J6+N6+R6+T6 -> 25333.333 | X6: 66.666667 | Y6: =SUM(U6+W6) -> 28737.36 | Z6: =SUM(V6+X6) -> 25400 | AA6: sonnig | AB6: 10 | AC6: °C | AH6: =SUM(C6+E6+G6+I6+K6+O6) -> 12008.5
A7: =SUM(A6+1) -> 3 | B7: Do | C7: 5506 | D7: 8333.3333 | E7: 3353.6 | F7: 3166.6667 | G7: 771.5 | H7: 333.33333 | I7: 0 | K7: 1613.9 | M7: =K7+L7 -> 1613.9 | N7: 5066.6667 | O7: 1336.4 | P7: 6627 | Q7: =O7+P7 -> 7963.4 | R7: 3000 | S7: 8134.05 | T7: 5433.3333 | U7: =C7+E7+G7+I7+M7+Q7+S7 -> 27342.45 | V7: =D7+F7+H7+J7+N7+R7+T7 -> 25333.333 | X7: 66.666667 | Y7: =SUM(U7+W7) -> 27342.45 | Z7: =SUM(V7+X7) -> 25400 | AA7: sonnig | AB7: 14 | AC7: °C | AH7: =SUM(C7+E7+G7+I7+K7+O7) -> 12581.4
A8: =SUM(A7+1) -> 4 | B8: Fr | C8: 8572 | D8: 8333.3333 | E8: 8225.9 | F8: 3166.6667 | G8: 1261.6 | H8: 333.33333 | I8: 0 | K8: 2950 | M8: =K8+L8 -> 2950 | N8: 5066.6667 | O8: 4305.8 | P8: 4514 | Q8: =O8+P8 -> 8819.8 | R8: 3000 | S8: 3830.27 | T8: 5433.3333 | U8: =C8+E8+G8+I8+M8+Q8+S8 -> 33659.57 | V8: =D8+F8+H8+J8+N8+R8+T8 -> 25333.333 | X8: 66.666667 | Y8: =SUM(U8+W8) -> 33659.57 | Z8: =SUM(V8+X8) -> 25400 | AA8: sonnig | AB8: 16 | AC8: °C | AH8: =SUM(C8+E8+G8+I8+K8+O8) -> 25315.3
A9: =SUM(A8+1) -> 5 | B9: Sa | C9: 12146.5 | D9: 8333.3333 | E9: 10292.7 | F9: 3166.6667 | G9: 1324.7 | H9: 333.33333 | I9: 0 | K9: 16248 | M9: =K9+L9 -> 16248 | N9: 5066.6667 | O9: -4126.8 | P9: 0 | Q9: =O9+P9 -> -4126.8 | R9: 3000 | S9: 7948.72 | T9: 5433.3333 | U9: =C9+E9+G9+I9+M9+Q9+S9 -> 43833.82 | V9: =D9+F9+H9+J9+N9+R9+T9 -> 25333.333 | X9: 66.666667 | Y9: =SUM(U9+W9) -> 43833.82 | Z9: =SUM(V9+X9) -> 25400 | AA9: sonnig | AB9: 19 | AC9: °C | AH9: =SUM(C9+E9+G9+I9+K9+O9) -> 35885.1
A10: =SUM(A9+1) -> 6 | B10: So | C10: 17831 | D10: 8333.3333 | E10: 4154 | F10: 3166.6667 | G10: 796.7 | H10: 333.33333 | I10: 0 | K10: 5719.4 | M10: =K10+L10 -> 5719.4 | N10: 5066.6667 | O10: 0 | P10: 0 | Q10: =O10+P10 -> 0 | R10: 3000 | S10: 3604.75 | T10: 5433.3333 | U10: =C10+E10+G10+I10+M10+Q10+S10 -> 32105.85 | V10: =D10+F10+H10+J10+N10+R10+T10 -> 25333.333 | X10: 66.666667 | Y10: =SUM(U10+W10) -> 32105.85 | Z10: =SUM(V10+X10) -> 25400 | AA10: sonnig | AB10: 11 | AC10: °C | AH10: =SUM(C10+E10+G10+I10+K10+O10) -> 28501.1
A11: KW | B11: 14 | C11: =SUM(C5:C10) -> 60802.1 | D11: =SUM(D5:D10) -> 50000 | E11: =SUM(E5:E10) -> 27725.7 | F11: =SUM(F5:F10) -> 19000 | G11: =SUM(G5:G10) -> 4811.7 | H11: =SUM(H5:H10) -> 2000 | I11: =SUM(I5:I10) -> 0 | J11: =SUM(J5:J10) -> 0 | ... Z11: =SUM(Z5:Z10) -> 152400 | AA11: Ø Temp | AB11: =SUM(AB5:AB10)/7 -> 12 | AC11: °C
A12: =SUM(A10+1) -> 7 | B12: Mo | C12: 6745.5 | D12: 8333.3333 | E12: 2198.6 | F12: 3166.6667 | G12: 545.8 | H12: 333.33333 | I12: 0 | K12: 0 | M12: =K12+L12 -> 0 | N12: 5066.6667 | O12: 489.5 | P12: 2210 | Q12: =O12+P12 -> 2699.5 | R12: 3000 | S12: 5725.71 | T12: 5433.3333 | U12: =C12+E12+G12+I12+M12+Q12+S12 -> 17915.11 | V12: =D12+F12+H12+J12+N12+R12+T12 -> 25333.333 | X12: 66.666667 | Y12: =SUM(U12+W12) -> 17915.11 | Z12: =SUM(V12+X12) -> 25400 | AA12: sonnig | AB12: 12 | AC12: °C | AH12: =SUM(C12+E12+G12+I12+K12+O12) -> 9979.4
A13: =SUM(A12+1) -> 8 | B13: Di | C13: 10587.5 | D13: 8333.3333 | E13: 1428.8 | F13: 3166.6667 | G13: 502.7 | H13: 333.33333 | I13: 0 | K13: 874 | M13: =K13+L13 -> 874 | N13: 5066.6667 | O13: 3025.7 | P13: 5121 | Q13: =O13+P13 -> 8146.7 | R13: 3000 | S13: 7477.14 | T13: 5433.3333 | U13: =C13+E13+G13+I13+M13+Q13+S13 -> 29016.84 | V13: =D13+F13+H13+J13+N13+R13+T13 -> 25333.333 | X13: 66.666667 | Y13: =SUM(U13+W13) -> 29016.84 | Z13: =SUM(V13+X13) -> 25400 | AA13: sonnig | AB13: 14 | AC13: °C | AH13: =SUM(C13+E13+G13+I13+K13+O13) -> 16418.7
A14: =SUM(A13+1) -> 9 | B14: Mi | C14: 8274.5 | D14: 8333.3333 | E14: 3172.6 | F14: 3166.6667 | G14: 817.2 | H14: 333.33333 | I14: 0 | K14: 430 | M14: =K14+L14 -> 430 | N14: 5066.6667 | O14: 1555.9 | P14: 5003 | Q14: =O14+P14 -> 6558.9 | R14: 3000 | S14: 6958.29 | T14: 5433.3333 | U14: =C14+E14+G14+I14+M14+Q14+S14 -> 26211.49 | V14: =D14+F14+H14+J14+N14+R14+T14 -> 25333.333 | X14: 66.666667 | Y14: =SUM(U14+W14) -> 26211.49 | Z14: =SUM(V14+X14) -> 25400 | AA14: sonnig | AB14: 13 | AC14: °C | AH14: =SUM(C14+E14+G14+I14+K14+O14) -> 14250.2
A15: =SUM(A14+1) -> 10 | B15: Do | C15: 6796.1 | D15: 8333.3333 | E15: 4546.9 | F15: 3166.6667 | G15: 513.7 | H15: 333.33333 | I15: 0 | K15: 10963.8 | M15: =K15+L15 -> 10963.8 | N15: 5066.6667 | O15: 1429.2 | P15: 3308 | Q15: =O15+P15 -> 4737.2 | R15: 3000 | S15: 5459.25 | T15: 5433.3333 | U15: =C15+E15+G15+I15+M15+Q15+S15 -> 33016.95 | V15: =D15+F15+H15+J15+N15+R15+T15 -> 25333.333 | X15: 66.666667 | Y15: =SUM(U15+W15) -> 33016.95 | Z15: =SUM(V15+X15) -> 25400 | AA15: sonnig | AB15: 15 | AC15: °C | AH15: =SUM(C15+E15+G15+I15+K15+O15) -> 24249.7
A16: =SUM(A15+1) -> 11 | B16: Fr | C16: 9626 | D16: 8333.3333 | E16: 9143.5 | F16: 3166.6667 | G16: 1257.6 | H16: 333.33333 | I16: 0 | K16: 0 | M16: =K16+L16 -> 0 | N16: 5066.6667 | O16: 1564.1 | P16: 4370 | Q16: =O16+P16 -> 5934.1 | R16: 3000 | S16: 7396.7 | T16: 5433.3333 | U16: =C16+E16+G16+I16+M16+Q16+S16 -> 33357.9 | V16: =D16+F16+H16+J16+N16+R16+T16 -> 25333.333 | X16: 66.666667 | Y16: =SUM(U16+W16) -> 33357.9 | Z16: =SUM(V16+X16) -> 25400 | AA16: sonnig | AB16: 17 | AC16: °C | AH16: =SUM(C16+E16+G16+I16+K16+O16) -> 21591.2
A17: =SUM(A16+1) -> 12 | B17: Sa | C17: 11882.9 | D17: 8333.3333 | E17: 9312.3 | F17: 3166.6667 | G17: 1375.1 | H17: 333.33333 | I17: 0 | K17: 11258.7 | M17: =K17+L17 -> 11258.7 | N17: 5066.6667 | O17: 2706.8 | P17: 4771 | Q17: =O17+P17 -> 7477.8 | R17: 3000 | S17: 5936.21 | T17: 5433.3333 | U17: =C17+E17+G17+I17+M17+Q17+S17 -> 47243.01 | V17: =D17+F17+H17+J17+N17+R17+T17 -> 25333.333 | X17: 66.666667 | Y17: =SUM(U17+W17) -> 47243.01 | Z17: =SUM(V17+X17) -> 25400 | AA17: sonnig, bewölkt | AB17: 18 | AC17: °C | AH17: =SUM(C17+E17+G17+I17+K17+O17) -> 36535.8
A18: =SUM(A17+1) -> 13 | B18: So | C18: 14012.2 | D18: 8333.3333 | E18: 1335.1 | F18: 3166.6667 | G18: 607 | H18: 333.33333 | I18: 0 | K18: 8051.5 | M18: =K18+L18 -> 8051.5 | N18: 5066.6667 | O18: -2415.8 | P18: 1380 | Q18: =O18+P18 -> -1035.8 | R18: 3000 | S18: 6502.9 | T18: 5433.3333 | U18: =C18+E18+G18+I18+M18+Q18+S18 -> 29472.9 | V18: =D18+F18+H18+J18+N18+R18+T18 -> 25333.333 | X18: 66.666667 | Y18: =SUM(U18+W18) -> 29472.9 | Z18: =SUM(V18+X18) -> 25400 | AA18: teilweise Regen, bewölkt | AB18: 16 | AC18: °C | AH18: =SUM(C18+E18+G18+I18+K18+O18) -> 21590
A19: KW | B19: =SUM(B11+1) -> 15 | C19: =SUM(C12:C18) -> 67924.7 | D19: =SUM(D12:D18) -> 58333.333 | E19: =SUM(E12:E18) -> 31137.8 | F19: =SUM(F12:F18) -> 22166.667 | G19: =SUM(G12:G18) -> 5619.1 | H19: =SUM(H12:H18) -> 2333.3333 | I19: =SUM(I12:I18) -> 0 | J19: =SUM(J12:J18) -> 0 | ... Z19: =SUM(Z12:Z18) -> 177800 | AA19: Ø Temp | AB19: =SUM(AB12:AB18)/7 -> 15 | AC19: °C
A20: =SUM(A18+1) -> 14 | B20: Mo | C20: 7694.6 | D20: 8333.3333 | E20: 1470.4 | F20: 3166.6667 | G20: 211.6 | H20: 333.33333 | I20: 0 | K20: 2117.1 | M20: =K20+L20 -> 2117.1 | N20: 5066.6667 | O20: 876.5 | P20: 1032 | Q20: =O20+P20 -> 1908.5 | R20: 3000 | S20: 4550.54 | T20: 5433.3333 | U20: =C20+E20+G20+I20+M20+Q20+S20 -> 17952.74 | V20: =D20+F20+H20+J20+N20+R20+T20 -> 25333.333 | X20: 66.666667 | Y20: =SUM(U20+W20) -> 17952.74 | Z20: =SUM(V20+X20) -> 25400 | AA20: stark bewölkt | AB20: 18 | AC20: °C | AH20: =SUM(C20+E20+G20+I20+K20+O20) -> 12370.2
A21: =SUM(A20+1) -> 15 | B21: Di | C21: 7273.15 | D21: 8333.3333 | E21: 892 | F21: 3166.6667 | G21: 639.7 | H21: 333.33333 | I21: 0 | K21: 4094.2 | M21: =K21+L21 -> 4094.2 | N21: 5066.6667 | O21: 582.2 | P21: 2580 | Q21: =O21+P21 -> 3162.2 | R21: 3000 | S21: 4346.03 | T21: 5433.3333 | U21: =C21+E21+G21+I21+M21+Q21+S21 -> 20407.28 | V21: =D21+F21+H21+J21+N21+R21+T21 -> 25333.333 | X21: 66.666667 | Y21: =SUM(U21+W21) -> 20407.28 | Z21: =SUM(V21+X21) -> 25400 | AA21: stark bewölkt | AB21: 13 | AC21: °C | AH21: =SUM(C21+E21+G21+I21+K21+O21) -> 13481.25
A22: =SUM(A21+1) -> 16 | B22: Mi | C22: 10737.1 | D22: 8333.3333 | E22: 0 | F22: 3166.6667 | G22: 0 | H22: 333.33333 | I22: 0 | K22: 3280 | M22: =K22+L22 -> 3280 | N22: 5066.6667 | O22: 253 | P22: 5830 | Q22: =O22+P22 -> 6083 | R22: 3000 | S22: 5153.17 | T22: 5433.3333 | U22: =C22+E22+G22+I22+M22+Q22+S22 -> 25253.27 | V22: =D22+F22+H22+J22+N22+R22+T22 -> 25333.333 | W22: 33 | X22: 66.666667 | Y22: =SUM(U22+W22) -> 25286.27 | Z22: =SUM(V22+X22) -> 25400 | AA22: teilweise Regen, bewölkt | AB22: 9 | AC22: °C | AH22: =SUM(C22+E22+G22+I22+K22+O22+W22) -> 14303.1
A23: =SUM(A22+1) -> 17 | B23: Do | C23: 10022.1 | D23: 8333.3333 | E23: 0 | F23: 3166.6667 | G23: 12 | H23: 333.33333 | I23: 0 | K23: 3485.7 | M23: =K23+L23 -> 3485.7 | N23: 5066.6667 | O23: 0 | P23: 0 | Q23: =O23+P23 -> 0 | R23: 3000 | S23: 5866.39 | T23: 5433.3333 | U23: =C23+E23+G23+I23+M23+Q23+S23 -> 19386.19 | V23: =D23+F23+H23+J23+N23+R23+T23 -> 25333.333 | X23: 66.666667 | Y23: =SUM(U23+W23) -> 19386.19 | Z23: =SUM(V23+X23) -> 25400 | AA23: Regen | AB23: 6 | AC23: °C | AH23: =SUM(C23+E23+G23+I23+K23+O23) -> 13519.8
A24: =SUM(A23+1) -> 18 | B24: Fr | C24: 23608.3 | D24: 8333.3333 | E24: 0 | F24: 3166.6667 | G24: 0 | H24: 333.33333 | I24: 0 | K24: 0 | M24: =K24+L24 -> 0 | N24: 5066.6667 | O24: 0 | P24: 0 | Q24: =O24+P24 -> 0 | R24: 3000 | S24: 8467.79 | T24: 5433.3333 | U24: =C24+E24+G24+I24+M24+Q24+S24 -> 32076.09 | V24: =D24+F24+H24+J24+N24+R24+T24 -> 25333.333 | X24: 66.666667 | Y24: =SUM(U24+W24) -> 32076.09 | Z24: =SUM(V24+X24) -> 25400 | AA24: stark bewölkt | AB24: 10 | AC24: °C | AD24: Karfreitag | AH24: =SUM(C24+E24+G24+I24+K24+O24) -> 23608.3
A25: =SUM(A24+1) -> 19 | B25: Sa | C25: 16831.9 | D25: 8333.3333 | E25: 7114.1 | F25: 3166.6667 | G25: 1324.6 | H25: 333.33333 | I25: 0 | K25: 0 | M25: =K25+L25 -> 0 | N25: 5066.6667 | O25: 0 | P25: 0 | Q25: =O25+P25 -> 0 | R25: 3000 | S25: 7633.77 | T25: 5433.3333 | U25: =C25+E25+G25+I25+M25+Q25+S25 -> 32904.37 | V25: =D25+F25+H25+J25+N25+R25+T25 -> 25333.333 | X25: 66.666667 | Y25: =SUM(U25+W25) -> 32904.37 | Z25: =SUM(V25+X25) -> 25400 | AA25: sonnig, bewölkt | AB25: 18 | AC25: °C | AH25: =SUM(C25+E25+G25+I25+K25+O25) -> 25270.6
A26: =SUM(A25+1) -> 20 | B26: So | C26: 27465.2 | D26: 8333.3333 | E26: 412.1 | F26: 3166.6667 | G26: 242.7 | H26: 333.33333 | I26: 0 | K26: 0 | M26: =K26+L26 -> 0 | N26: 5066.6667 | O26: 0 | P26: 0 | Q26: =O26+P26 -> 0 | R26: 3000 | S26: 7736.84 | T26: 5433.3333 | U26: =C26+E26+G26+I26+M26+Q26+S26 -> 35856.84 | V26: =D26+F26+H26+J26+N26+R26+T26 -> 25333.333 | X26: 66.666667 | Y26: =SUM(U26+W26) -> 35856.84 | Z26: =SUM(V26+X26) -> 25400 | AA26: teilweise Regen, bewölkt | AB26: 13 | AC26: °C | AD26: Ostersonntag | AH26: =SUM(C26+E26+G26+I26+K26+O26) -> 28120
A27: KW | B27: =SUM(B19+1) -> 16 | C27: =SUM(C20:C26) -> 103632.35 | D27: =SUM(D20:D26) -> 58333.333 | E27: =SUM(E20:E26) -> 9888.6 | F27: =SUM(F20:F26) -> 22166.667 | G27: =SUM(G20:G26) -> 2430.6 | H27: =SUM(H20:H26) -> 2333.3333 | I27: =SUM(I20:I26) -> 0 | J27: =SUM(J20:J26) -> 0 | ... Z27: =SUM(Z20:Z26) -> 177800 | AA27: Ø Temp | AB27: =SUM(AB20:AB26)/7 -> 12.428571 | AC27: °C
A28: =SUM(A26+1) -> 21 | B28: Mo | C28: 18547.6 | D28: 8333.3333 | E28: 938.6 | F28: 3166.6667 | G28: 432.7 | H28: 333.33333 | I28: 0 | K28: 0 | M28: =K28+L28 -> 0 | N28: 5066.6667 | O28: 0 | Q28: =O28+P28 -> 0 | R28: 3000 | S28: 4047.03 | T28: 5433.3333 | U28: =C28+E28+G28+I28+M28+Q28+S28 -> 23965.93 | V28: =D28+F28+H28+J28+N28+R28+T28 -> 25333.333 | X28: 66.666667 | Y28: =SUM(U28+W28) -> 23965.93 | Z28: =SUM(V28+X28) -> 25400 | AA28: bewökt | AB28: 13 | AC28: °C | AD28: Ostermontag | AH28: =SUM(C28+E28+G28+I28+K28+O28) -> 19918.9
A29: =SUM(A28+1) -> 22 | B29: Di | C29: 7632.9 | D29: 8333.3333 | E29: 3849.1 | F29: 3166.6667 | G29: 623.1 | H29: 333.33333 | I29: 0 | K29: 0 | M29: =K29+L29 -> 0 | N29: 5066.6667 | O29: 0 | Q29: =O29+P29 -> 0 | R29: 3000 | S29: 3527.47 | T29: 5433.3333 | U29: =C29+E29+G29+I29+M29+Q29+S29 -> 15632.57 | V29: =D29+F29+H29+J29+N29+R29+T29 -> 25333.333 | X29: 66.666667 | Y29: =SUM(U29+W29) -> 15632.57 | Z29: =SUM(V29+X29) -> 25400 | AA29: teilweise bewölkt | AB29: 16 | AC29: °C | AH29: =SUM(C29+E29+G29+I29+K29+O29) -> 12105.1
A30: =SUM(A29+1) -> 23 | B30: Mi | C30: 4021 | D30: 8333.3333 | E30: 2238.9 | F30: 3166.6667 | G30: 226.1 | H30: 333.33333 | I30: 0 | K30: 0 | M30: =K30+L30 -> 0 | N30: 5066.6667 | O30: 0 | Q30: =O30+P30 -> 0 | R30: 3000 | S30: 3109.15 | T30: 5433.3333 | U30: =C30+E30+G30+I30+M30+Q30+S30 -> 9595.15 | V30: =D30+F30+H30+J30+N30+R30+T30 -> 25333.333 | X30: 66.666667 | Y30: =SUM(U30+W30) -> 9595.15 | Z30: =SUM(V30+X30) -> 25400 | AA30: sonnig | AB30: 15 | AC30: °C | AH30: =SUM(C30+E30+G30+I30+K30+O30) -> 6486
A31: =SUM(A30+1) -> 24 | B31: Do | C31: 6528.3 | D31: 8333.3333 | E31: 0 | F31: 3166.6667 | G31: 177.7 | H31: 333.33333 | I31: 0 | K31: 0 | M31: =K31+L31 -> 0 | N31: 5066.6667 | O31: 0 | Q31: =O31+P31 -> 0 | R31: 3000 | S31: 4140.54 | T31: 5433.3333 | U31: =C31+E31+G31+I31+M31+Q31+S31 -> 10846.54 | V31: =D31+F31+H31+J31+N31+R31+T31 -> 25333.333 | W31: -33 | X31: 66.666667 | Y31: =SUM(U31+W31) -> 10813.54 | Z31: =SUM(V31+X31) -> 25400 | AA31: bewölkt | AB31: 11 | AC31: °C | AH31: =SUM(C31+E31+G31+I31+K31+O31+W31) -> 6673
A32: =SUM(A31+1) -> 25 | B32: Fr | C32: 10929.6 | D32: 8333.3333 | E32: 50 | F32: 3166.6667 | G32: 157.3 | H32: 333.33333 | I32: 0 | K32: 0 | M32: =K32+L32 -> 0 | N32: 5066.6667 | O32: 0 | Q32: =O32+P32 -> 0 | R32: 3000 | S32: 5339.44 | T32: 5433.3333 | U32: =C32+E32+G32+I32+M32+Q32+S32 -> 16476.34 | V32: =D32+F32+H32+J32+N32+R32+T32 -> 25333.333 | X32: 66.666667 | Y32: =SUM(U32+W32) -> 16476.34 | Z32: =SUM(V32+X32) -> 25400 | AA32: regen | AB32: 10 | AC32: °C | AH32: =SUM(C32+E32+G32+I32+K32+O32) -> 11136.9
A33: =SUM(A32+1) -> 26 | B33: Sa | C33: 14417.4 | D33: 8333.3333 | E33: 2039.3 | F33: 3166.6667 | G33: 1016.2 | H33: 333.33333 | I33: 0 | K33: 13055.1 | M33: =K33+L33 -> 13055.1 | N33: 5066.6667 | O33: 0 | Q33: =O33+P33 -> 0 | R33: 3000 | S33: 7201.97 | T33: 5433.3333 | U33: =C33+E33+G33+I33+M33+Q33+S33 -> 37729.97 | V33: =D33+F33+H33+J33+N33+R33+T33 -> 25333.333 | X33: 66.666667 | Y33: =SUM(U33+W33) -> 37729.97 | Z33: =SUM(V33+X33) -> 25400 | AA33: stark bewölkt | AB33: 13 | AC33: °C | AH33: =SUM(C33+E33+G33+I33+K33+O33) -> 30528
A34: =SUM(A33+1) -> 27 | B34: So | C34: 8553.7 | D34: 8333.3333 | E34: 2734 | F34: 3166.6667 | G34: 1013.5 | H34: 333.33333 | I34: 0 | K34: 23726.6 | M34: =K34+L34 -> 23726.6 | N34: 5066.6667 | O34: 0 | Q34: =O34+P34 -> 0 | R34: 3000 | S34: 3130.05 | T34: 5433.3333 | U34: =C34+E34+G34+I34+M34+Q34+S34 -> 39157.85 | V34: =D34+F34+H34+J34+N34+R34+T34 -> 25333.333 | X34: 66.666667 | Y34: =SUM(U34+W34) -> 39157.85 | Z34: =SUM(V34+X34) -> 25400 | AA34: stark bewölkt | AB34: 13 | AC34: °C | AD34: Weisser Sonntag | AH34: =SUM(C34+E34+G34+I34+K34+O34) -> 36027.8
A35: KW | B35: =SUM(B27+1) -> 17 | C35: =SUM(C28:C34) -> 70630.5 | D35: =SUM(D28:D34) -> 58333.333 | E35: =SUM(E28:E34) -> 11849.9 | F35: =SUM(F28:F34) -> 22166.667 | G35: =SUM(G28:G34) -> 3646.6 | H35: =SUM(H28:H34) -> 2333.3333 | I35: =SUM(I28:I34) -> 0 | J35: =SUM(J28:J34) -> 0 | ... N35: =SUM(N28:N34) -> 35466.667 | Q35: =SUM(Q28:Q34) -> 0 | R35: =SUM(R28:R34) -> 21000 | S35: =SUM(S28:S34) -> 30495.65 | T35: =SUM(T28:T34) -> 38033.333 | U35: =SUM(U28:U34) -> 153404.35 | V35: =SUM(V28:V34) -> 177333.33 | W35: =SUM(W28:W34) -> -33 | X35: =SUM(X28:X34) -> 466.66667 | ... Z35: =SUM(Z28:Z34) -> 177800 | AA35: Ø Temp | AB35: =SUM(AB28:AB34)/7 -> 13 | AC35: °C
A36: =SUM(A34+1) -> 28 | B36: Mo | C36: 3230 | D36: 8333.3333 | E36: 8118.7 | F36: 3166.6667 | G36: 621 | H36: 333.33333 | I36: 0 | K36: 405.9 | M36: =K36+L36 -> 405.9 | N36: 5066.6667 | O36: 0 | Q36: =O36+P36 -> 0 | R36: 3000 | S36: 5560.09 | T36: 5433.3333 | U36: =C36+E36+G36+I36+M36+Q36+S36 -> 17935.69 | V36: =D36+F36+H36+J36+N36+R36+T36 -> 25333.333 | X36: 66.666667 | Y36: =SUM(U36+W36) -> 17935.69 | Z36: =SUM(V36+X36) -> 25400 | AA36: sonnig | AB36: 20 | AC36: °C | AH36: =SUM(C36+E36+G36+I36+K36+O36) -> 12375.6
A37: =SUM(A36+1) -> 29 | B37: Di. | C37: 2567.2 | D37: 8333.3333 | E37: 12202.5 | F37: 3166.6667 | G37: 791.2 | H37: 333.33333 | I37: 0 | K37: 0 | M37: =K37+L37 -> 0 | N37: 5066.6667 | O37: 0 | Q37: =O37+P37 -> 0 | R37: 3000 | S37: 5939.45 | T37: 5433.3333 | U37: =C37+E37+G37+I37+M37+Q37+S37 -> 21500.35 | V37: =D37+F37+H37+J37+N37+R37+T37 -> 25333.333 | X37: 66.666667 | Y37: =SUM(U37+W37) -> 21500.35 | Z37: =SUM(V37+X37) -> 25400 | AA37: sonnig | AB37: 21 | AC37: °C | AH37: =SUM(C37+E37+G37+I37+K37+O37) -> 15560.9
A38: =SUM(A37+1) -> 30 | B38: Mi. | C38: 491.6 | D38: 8333.3333 | E38: 11055.1 | F38: 3166.6667 | G38: 893 | H38: 333.33333 | K38: 1385 | M38: =K38+L38 -> 1385 | N38: 5066.6667 | O38: -960 | Q38: =O38+P38 -> -960 | R38: 3000 | S38: 5033.09 | T38: 5433.3333 | U38: =C38+E38+G38+I38+M38+Q38+S38 -> 17897.79 | V38: =D38+F38+H38+J38+N38+R38+T38 -> 25333.333 | W38: 80 | X38: 66.666667 | Y38: =SUM(U38+W38) -> 17977.79 | Z38: =SUM(V38+X38) -> 25400 | AA38: sonnig | AB38: 22 | AC38: °C | AH38: =SUM(C38+E38+G38+I38+K38+O38+W38) -> 12944.7
A39: KW | B39: =SUM(B35+1) -> 18 | C39: =SUM(C36:C38) -> 6288.8 | D39: =SUM(D36:D38) -> 25000 | E39: =SUM(E36:E38) -> 31376.3 | F39: =SUM(F36:F38) -> 9500 | G39: =SUM(G36:G38) -> 2305.2 | H39: =SUM(H36:H38) -> 1000 | I39: =SUM(I36:I38) -> 0 | J39: =SUM(J36:J38) -> 0 | ... Z39: =SUM(Z36:Z38) -> 76200 | AA39: Ø Temp | AB39: =SUM(AB36:AB38)/5 -> 12.6 | AC39: °C
A40: Umsatz kumuliert | C40: =SUM(C11+C19+C27+C35+C39) -> 309278.45 | D40: =SUM(D11+D19+D27+D35+D39) -> 250000 | E40: =SUM(E11+E19+E27+E35+E39) -> 111978.3 | F40: =SUM(F11+F19+F27+F35+F39) -> 95000 | G40: =SUM(G11+G19+G27+G35+G39) -> 18813.2 | H40: =SUM(H11+H19+H27+H35+H39) -> 10000 | I40: =SUM(I11+I19+I27+I35+I39) -> 0 | J40: =SUM(J11+J19+J27+J35+J39) -> 0 | ... Z40: =SUM(Z11+Z19+Z27+Z35+Z39) -> 762000 | AA40: Umsatz kumuliert | AH40: =SUM(AH5:AH38) -> 564194.75
A41: Umsatz pro Tag | C41: =C40/30 -> 10309.282 | D41: =D40/30 -> 8333.3333 | E41: =E40/30 -> 3732.61 | F41: =F40/30 -> 3166.6667 | G41: =G40/30 -> 627.10667 | H41: =H40/30 -> 333.33333 | I41: =I40/30 -> 0 | J41: =J40/30 -> 0 | ... O41: =O40/30 -> 438.4 | R41: =R40/30 -> 3000 | S41: =S40/30 -> 5770.177 | T41: =T40/30 -> 5433.3333 | U41: =U40/30 -> 26816.235 | V41: =V40/30 -> 25333.333 | W41: =W40/30 -> 2.6666667 | X41: =X40/30 -> 66.666667 | Y41: =Y40/30 -> 26818.902 | Z41: =Z40/30 -> 25400 | AA41: Budget pro Tag
A42: Diff. zu Budget | C42: =SUM(C40-D40) -> 59278.45 | E42: =SUM(E40-F40) -> 16978.3 | G42: =SUM(G40-H40) -> 8813.2 | I42: =SUM(I40-J40) -> 0 | M42: =SUM(M40-N40) -> -41107.2 | Q42: =SUM(Q40-R40) -> -9581 | S42: =SUM(S40-T40) -> 10105.31 | U42: =SUM(U40-V40) -> 44487.06 | W42: =SUM(W40-X40) -> -1920 | Y42: =SUM(Y40-Z40) -> 42567.06
A43: Index | C43: =SUM(100/D40*C40) -> 123.71138 | E43: =SUM(100/F40*E40) -> 117.87189 | G43: =SUM(100/H40*G40) -> 188.132 | I43: =SUM(100/J40*I40) -> #DIV/0! | M43: =SUM(100/N40*M40) -> 72.955789 | Q43: =SUM(100/R40*Q40) -> 89.354444 | S43: =SUM(100/T40*S40) -> 106.19958 | U43: =SUM(100/V40*U40) -> 105.85356 | W43: =SUM(100/X40*W40) -> 4 | Y43: =SUM(100/Z40*Y40) -> 105.58623

Sheet 05_25
A1: Tagesumsätze | H1: 45778
C3: Restaurant | E3: Terrasse | G3: Lounge | I3: Pavillon | K3: Bankett | O3: Seminar | S3: Hotel | U3: TOTAL Gesamtbetrieb ohne Seebad | W3: Seebad | Y3: TOTAL Gesamtbetrieb mit Seebad | AA3: Info's
C4: IST | D4: Budget | E4: IST | F4: Budget | G4: IST | H4: Budget | I4: IST | J4: Budget | K4: IST/GN | L4: IST/ET | M4: TOTAL IST | N4: Budget | O4: IST/GN | P4: IST/ET | Q4: TOTAL IST | R4: Budget | S4: IST | T4: Budget | U4: IST | V4: Budget | W4: IST | X4: Budget | Y4: IST | Z4: Budget | AA4: Wetter | AB4: Temp. | AD4: Bemerkung
A5: 1 | B5: Do | C5: 2997.4 | D5: 8387.0968 | E5: 20779.8 | F5: 5483.871 | G5: 1562.8 | H5: 548.3871 | I5: 0 | J5: 483.87097 | K5: 435 | M5: =K5+L5 -> 435 | N5: 8064.5161 | O5: 360 | P5: 1305.5 | Q5: =O5+P5 -> 1665.5 | R5: 2580.6452 | S5: 7484.91 | T5: 7129.0323 | U5: =SUM(C5+E5+G5+I5+M5+Q5+S5) -> 34925.41 | V5: =SUM(D5+F5+H5+J5+N5+R5+T5) -> 32677.419 | W5: 161 | X5: 709.67742 | Y5: =SUM(U5+W5) -> 35086.41 | Z5: =SUM(V5+X5) -> 33387.097 | AA5: sonnig | AB5: 26 | AC5: °C | AF5: =C5+E5+G5+I5+K5+O5+W5 -> 26296
A6: =SUM(A5+1) -> 2 | B6: Fr | C6: 2298.6 | D6: 8387.0968 | E6: 19572.2 | F6: 5483.871 | G6: 1664.7 | H6: 548.3871 | I6: 4350 | J6: 483.87097 | K6: 11237.1 | M6: =K6+L6 -> 11237.1 | N6: 8064.5161 | O6: 0 | P6: 0 | Q6: =O6+P6 -> 0 | R6: 2580.6452 | S6: 8320.2 | T6: 7129.0323 | U6: =SUM(C6+E6+G6+I6+M6+Q6+S6) -> 47442.8 | V6: =SUM(D6+F6+H6+J6+N6+R6+T6) -> 32677.419 | W6: 873.1 | X6: 709.67742 | Y6: =SUM(U6+W6) -> 48315.9 | Z6: =SUM(V6+X6) -> 33387.097 | AA6: sonnig | AB6: 26 | AC6: °C | AF6: =C6+E6+G6+I6+K6+O6+W6 -> 39995.7
A7: =SUM(A6+1) -> 3 | B7: Sa | C7: 14611.6 | D7: 8387.0968 | E7: 2781.8 | F7: 5483.871 | G7: 1349.7 | H7: 548.3871 | I7: 189 | J7: 483.87097 | K7: 21813.8 | M7: =K7+L7 -> 21813.8 | N7: 8064.5161 | O7: 0 | P7: 0 | Q7: =O7+P7 -> 0 | R7: 2580.6452 | S7: 9895.4 | T7: 7129.0323 | U7: =SUM(C7+E7+G7+I7+M7+Q7+S7) -> 50641.3 | V7: =SUM(D7+F7+H7+J7+N7+R7+T7) -> 32677.419 | W7: 0 | X7: 709.67742 | Y7: =SUM(U7+W7) -> 50641.3 | Z7: =SUM(V7+X7) -> 33387.097 | AA7: sonnig / bedeckt | AB7: 22 | AC7: °C | AF7: =C7+E7+G7+I7+K7+O7+W7 -> 40745.9
A8: =SUM(A7+1) -> 4 | B8: So | C8: 16509.5 | D8: 8387.0968 | E8: 338.8 | F8: 5483.871 | G8: 190.7 | H8: 548.3871 | I8: 0 | J8: 483.87097 | K8: 13438.6 | M8: =K8+L8 -> 13438.6 | N8: 8064.5161 | O8: 0 | P8: 0 | Q8: =O8+P8 -> 0 | R8: 2580.6452 | S8: 4556.9 | T8: 7129.0323 | U8: =SUM(C8+E8+G8+I8+M8+Q8+S8) -> 35034.5 | V8: =SUM(D8+F8+H8+J8+N8+R8+T8) -> 32677.419 | W8: 0 | X8: 709.67742 | Y8: =SUM(U8+W8) -> 35034.5 | Z8: =SUM(V8+X8) -> 33387.097 | AA8: starker Regen | AB8: 16 | AC8: °C | AF8: =C8+E8+G8+I8+K8+O8+W8 -> 30477.6
A9: KW | B9: 18 | C9: =SUM(C5:C8) -> 36417.1 | D9: =SUM(D5:D8) -> 33548.387 | E9: =SUM(E5:E8) -> 43472.6 | F9: =SUM(F5:F8) -> 21935.484 | G9: =SUM(G5:G8) -> 4767.9 | H9: =SUM(H5:H8) -> 2193.5484 | I9: =SUM(I5:I8) -> 4539 | J9: =SUM(J5:J8) -> 1935.4839 | ... Z9: =SUM(Z5:Z8) -> 133548.39 | AA9: Ø Temp | AB9: =SUM(AB5:AB8)/7 -> 12.857143 | AC9: °C
A10: =SUM(A8+1) -> 5 | B10: Mo | C10: 11092.7 | D10: 8387.0968 | E10: 0 | F10: 5483.871 | G10: 0 | H10: 548.3871 | I10: 0 | J10: 483.87097 | K10: 3422.1 | M10: =K10+L10 -> 3422.1 | N10: 8064.5161 | O10: 714 | P10: 4846 | Q10: =O10+P10 -> 5560 | R10: 2580.6452 | S10: 5476.68 | T10: 7129.0323 | U10: =SUM(C10+E10+G10+I10+M10+Q10+S10) -> 25551.48 | V10: =SUM(D10+F10+H10+J10+N10+R10+T10) -> 32677.419 | W10: 0 | X10: 709.67742 | Y10: =SUM(U10+W10) -> 25551.48 | Z10: =SUM(V10+X10) -> 33387.097 | AA10: regen | AB10: 7 | AC10: °C | AF10: =C10+E10+G10+I10+K10+O10+W10 -> 15228.8
A11: =SUM(A10+1) -> 6 | B11: Di | C11: 8891.3 | D11: 8387.0968 | E11: 0 | F11: 5483.871 | G11: 6 | H11: 548.3871 | I11: 0 | J11: 483.87097 | K11: 3750.4 | M11: =K11+L11 -> 3750.4 | N11: 8064.5161 | O11: 1822.5 | P11: 6538 | Q11: =O11+P11 -> 8360.5 | R11: 2580.6452 | S11: 7570.35 | T11: 7129.0323 | U11: =SUM(C11+E11+G11+I11+M11+Q11+S11) -> 28578.55 | V11: =SUM(D11+F11+H11+J11+N11+R11+T11) -> 32677.419 | W11: 0 | X11: 709.67742 | Y11: =SUM(U11+W11) -> 28578.55 | Z11: =SUM(V11+X11) -> 33387.097 | AA11: bewölkt | AB11: 9 | AC11: °C | AF11: =C11+E11+G11+I11+K11+O11+W11 -> 14470.2
A12: =SUM(A11+1) -> 7 | B12: Mi | C12: 7167.3 | D12: 8387.0968 | E12: 0 | F12: 5483.871 | G12: 0 | H12: 548.3871 | I12: 0 | J12: 483.87097 | K12: 0 | M12: =K12+L12 -> 0 | N12: 8064.5161 | O12: 2166 | P12: 4444 | Q12: =O12+P12 -> 6610 | R12: 2580.6452 | S12: 8822.86 | T12: 7129.0323 | U12: =SUM(C12+E12+G12+I12+M12+Q12+S12) -> 22600.16 | V12: =SUM(D12+F12+H12+J12+N12+R12+T12) -> 32677.419 | W12: 0 | X12: 709.67742 | Y12: =SUM(U12+W12) -> 22600.16 | Z12: =SUM(V12+X12) -> 33387.097 | AA12: bewölkt | AB12: 11 | AC12: °C | AF12: =C12+E12+G12+I12+K12+O12+W12 -> 9333.3
A13: =SUM(A12+1) -> 8 | B13: Do | C13: 8058.5 | D13: 8387.0968 | E13: 20.4 | F13: 5483.871 | G13: 123.4 | H13: 548.3871 | I13: 0 | J13: 483.87097 | K13: 0 | M13: =K13+L13 -> 0 | N13: 8064.5161 | O13: 953.4 | P13: 3362 | Q13: =O13+P13 -> 4315.4 | R13: 2580.6452 | S13: 5877.35 | T13: 7129.0323 | U13: =SUM(C13+E13+G13+I13+M13+Q13+S13) -> 18395.05 | V13: =SUM(D13+F13+H13+J13+N13+R13+T13) -> 32677.419 | W13: 0 | X13: 709.67742 | Y13: =SUM(U13+W13) -> 18395.05 | Z13: =SUM(V13+X13) -> 33387.097 | AA13: bewölkt | AB13: 12 | AC13: °C | AF13: =C13+E13+G13+I13+K13+O13+W13 -> 9155.7
A14: =SUM(A13+1) -> 9 | B14: Fr | C14: 14726.3 | D14: 8387.0968 | E14: 104.2 | F14: 5483.871 | G14: 470.1 | H14: 548.3871 | I14: 0 | J14: 483.87097 | K14: 22071.6 | M14: =K14+L14 -> 22071.6 | N14: 8064.5161 | O14: 107.4 | P14: 1937 | Q14: =O14+P14 -> 2044.4 | R14: 2580.6452 | S14: 9779.07 | T14: 7129.0323 | U14: =SUM(C14+E14+G14+I14+M14+Q14+S14) -> 49195.67 | V14: =SUM(D14+F14+H14+J14+N14+R14+T14) -> 32677.419 | W14: 483 | X14: 709.67742 | Y14: =SUM(U14+W14) -> 49678.67 | Z14: =SUM(V14+X14) -> 33387.097 | AA14: bewölkt | AB14: 12 | AC14: °C | AF14: =C14+E14+G14+I14+K14+O14+W14 -> 37962.6
A15: =SUM(A14+1) -> 10 | B15: Sa | C15: 10834.9 | D15: 8387.0968 | E15: 10889.4 | F15: 5483.871 | G15: 1495 | H15: 548.3871 | I15: 4660 | J15: 483.87097 | K15: 21326.5 | M15: =K15+L15 -> 21326.5 | N15: 8064.5161 | O15: 0 | P15: 0 | Q15: =O15+P15 -> 0 | R15: 2580.6452 | S15: 12058.12 | T15: 7129.0323 | U15: =SUM(C15+E15+G15+I15+M15+Q15+S15) -> 61263.92 | V15: =SUM(D15+F15+H15+J15+N15+R15+T15) -> 32677.419 | W15: 1659 | X15: 709.67742 | Y15: =SUM(U15+W15) -> 62922.92 | Z15: =SUM(V15+X15) -> 33387.097 | AA15: sonnig | AB15: 20 | AC15: °C | AF15: =C15+E15+G15+I15+K15+O15+W15 -> 50864.8
A16: =SUM(A15+1) -> 11 | B16: So | C16: 15532.1 | D16: 8387.0968 | E16: 24644 | F16: 5483.871 | G16: 2069.4 | H16: 548.3871 | I16: 0 | J16: 483.87097 | K16: 3458.7 | M16: =K16+L16 -> 3458.7 | N16: 8064.5161 | O16: 248.1 | P16: 0 | Q16: =O16+P16 -> 248.1 | R16: 2580.6452 | S16: 7514.38 | T16: 7129.0323 | U16: =SUM(C16+E16+G16+I16+M16+Q16+S16) -> 53466.68 | V16: =SUM(D16+F16+H16+J16+N16+R16+T16) -> 32677.419 | W16: 2522.4 | X16: 709.67742 | Y16: =SUM(U16+W16) -> 55989.08 | Z16: =SUM(V16+X16) -> 33387.097 | AA16: sonnig | AB16: 20 | AC16: °C | AD16: Muttertag | AF16: =C16+E16+G16+I16+K16+O16+W16 -> 48474.7
A17: KW | B17: =SUM(B9+1) -> 19 | C17: =SUM(C10:C16) -> 76303.1 | D17: =SUM(D10:D16) -> 58709.677 | E17: =SUM(E10:E16) -> 35658 | F17: =SUM(F10:F16) -> 38387.097 | G17: =SUM(G10:G16) -> 4163.9 | H17: =SUM(H10:H16) -> 3838.7097 | I17: =SUM(I10:I16) -> 4660 | J17: =SUM(J10:J16) -> 3387.0968 | ... Z17: =SUM(Z10:Z16) -> 233709.68 | AA17: Ø Temp | AB17: =SUM(AB10:AB16)/7 -> 13 | AC17: °C
A18: =SUM(A16+1) -> 12 | B18: Mo | C18: 8908.5 | D18: 8387.0968 | E18: 1192.8 | F18: 5483.871 | G18: 202.4 | H18: 548.3871 | I18: 0 | J18: 483.87097 | K18: 0 | M18: =K18+L18 -> 0 | N18: 8064.5161 | O18: 324.1 | P18: 5794 | Q18: =O18+P18 -> 6118.1 | R18: 2580.6452 | S18: 7926.7 | T18: 7129.0323 | U18: =SUM(C18+E18+G18+I18+M18+Q18+S18) -> 24348.5 | V18: =SUM(D18+F18+H18+J18+N18+R18+T18) -> 32677.419 | W18: 4 | X18: 709.67742 | Y18: =SUM(U18+W18) -> 24352.5 | Z18: =SUM(V18+X18) -> 33387.097 | AA18: bewölkt / regen | AB18: 16 | AC18: °C | AF18: =C18+E18+G18+I18+K18+O18+W18 -> 10631.8
A19: =SUM(A18+1) -> 13 | B19: Di | C19: 6282.5 | D19: 8387.0968 | E19: 1667.7 | F19: 5483.871 | G19: 463.6 | H19: 548.3871 | I19: 0 | J19: 483.87097 | K19: 0 | M19: =K19+L19 -> 0 | N19: 8064.5161 | O19: 336.6 | P19: 4278 | Q19: =O19+P19 -> 4614.6 | R19: 2580.6452 | S19: 6934.9 | T19: 7129.0323 | U19: =SUM(C19+E19+G19+I19+M19+Q19+S19) -> 19963.3 | V19: =SUM(D19+F19+H19+J19+N19+R19+T19) -> 32677.419 | W19: 0 | X19: 709.67742 | Y19: =SUM(U19+W19) -> 19963.3 | Z19: =SUM(V19+X19) -> 33387.097 | AA19: bedeckt | AB19: 16 | AC19: °C | AF19: =C19+E19+G19+I19+K19+O19+W19 -> 8750.4
A20: =SUM(A19+1) -> 14 | B20: Mi | C20: 1787 | D20: 8387.0968 | E20: 13809.7 | F20: 5483.871 | G20: 860.3 | H20: 548.3871 | I20: 0 | J20: 483.87097 | K20: 229.4 | M20: =K20+L20 -> 229.4 | N20: 8064.5161 | O20: 139.3 | P20: 5501 | Q20: =O20+P20 -> 5640.3 | R20: 2580.6452 | S20: 9343.2 | T20: 7129.0323 | U20: =SUM(C20+E20+G20+I20+M20+Q20+S20) -> 31669.9 | V20: =SUM(D20+F20+H20+J20+N20+R20+T20) -> 32677.419 | W20: 1874.1 | X20: 709.67742 | Y20: =SUM(U20+W20) -> 33544 | Z20: =SUM(V20+X20) -> 33387.097 | AA20: sonnig | AB20: 20 | AC20: °C | AF20: =C20+E20+G20+I20+K20+O20+W20 -> 18699.8
A21: =SUM(A20+1) -> 15 | B21: Do | C21: 4953.2 | D21: 8387.0968 | E21: 7809.3 | F21: 5483.871 | G21: 742.7 | H21: 548.3871 | I21: 0 | J21: 483.87097 | K21: 1455.2 | M21: =K21+L21 -> 1455.2 | N21: 8064.5161 | O21: 1136.9 | P21: 8494 | Q21: =O21+P21 -> 9630.9 | R21: 2580.6452 | S21: 11565.2 | T21: 7129.0323 | U21: =SUM(C21+E21+G21+I21+M21+Q21+S21) -> 36156.5 | V21: =SUM(D21+F21+H21+J21+N21+R21+T21) -> 32677.419 | W21: 920.3 | X21: 709.67742 | Y21: =SUM(U21+W21) -> 37076.8 | Z21: =SUM(V21+X21) -> 33387.097 | AA21: sonnig | AB21: 20 | AC21: °C | AF21: =C21+E21+G21+I21+K21+O21+W21 -> 17017.6
A22: =SUM(A21+1) -> 16 | B22: Fr | C22: 10111.3 | D22: 8387.0968 | E22: 4688.4 | F22: 5483.871 | G22: 682.2 | H22: 548.3871 | I22: 0 | J22: 483.87097 | K22: 4304 | M22: =K22+L22 -> 4304 | N22: 8064.5161 | O22: 2530.2 | P22: 7241 | Q22: =O22+P22 -> 9771.2 | R22: 2580.6452 | S22: 8460.05 | T22: 7129.0323 | U22: =SUM(C22+E22+G22+I22+M22+Q22+S22) -> 38017.15 | V22: =SUM(D22+F22+H22+J22+N22+R22+T22) -> 32677.419 | W22: 725.2 | X22: 709.67742 | Y22: =SUM(U22+W22) -> 38742.35 | Z22: =SUM(V22+X22) -> 33387.097 | AA22: sonnig | AB22: 18 | AC22: °C | AF22: =C22+E22+G22+I22+K22+O22+W22 -> 23041.3
A23: =SUM(A22+1) -> 17 | B23: Sa | C23: 8599.1 | D23: 8387.0968 | E23: 9206.7 | F23: 5483.871 | G23: 1210.6 | H23: 548.3871 | I23: 4539 | J23: 483.87097 | K23: 25710.2 | M23: =K23+L23 -> 25710.2 | N23: 8064.5161 | O23: 0 | P23: 784 | Q23: =O23+P23 -> 784 | R23: 2580.6452 | S23: 11717.76 | T23: 7129.0323 | U23: =SUM(C23+E23+G23+I23+M23+Q23+S23) -> 61767.36 | V23: =SUM(D23+F23+H23+J23+N23+R23+T23) -> 32677.419 | W23: 748.9 | X23: 709.67742 | Y23: =SUM(U23+W23) -> 62516.26 | Z23: =SUM(V23+X23) -> 33387.097 | AA23: sonnig | AB23: 18 | AC23: °C | AF23: =C23+E23+G23+I23+K23+O23+W23 -> 50014.5
A24: =SUM(A23+1) -> 18 | B24: So | C24: 9432.6 | D24: 8387.0968 | E24: 13165.4 | F24: 5483.871 | G24: 1178.3 | H24: 548.3871 | I24: 0 | J24: 483.87097 | K24: 15568.4 | M24: =K24+L24 -> 15568.4 | N24: 8064.5161 | O24: 0 | P24: 0 | Q24: =O24+P24 -> 0 | R24: 2580.6452 | S24: 3081.25 | T24: 7129.0323 | U24: =SUM(C24+E24+G24+I24+M24+Q24+S24) -> 42425.95 | V24: =SUM(D24+F24+H24+J24+N24+R24+T24) -> 32677.419 | W24: 1527.6 | X24: 709.67742 | Y24: =SUM(U24+W24) -> 43953.55 | Z24: =SUM(V24+X24) -> 33387.097 | AA24: sonnig | AB24: 19 | AC24: °C | AF24: =C24+E24+G24+I24+K24+O24+W24 -> 40872.3
A25: KW | B25: =SUM(B17+1) -> 20 | C25: =SUM(C18:C24) -> 50074.2 | D25: =SUM(D18:D24) -> 58709.677 | E25: =SUM(E18:E24) -> 51540 | F25: =SUM(F18:F24) -> 38387.097 | G25: =SUM(G18:G24) -> 5340.1 | H25: =SUM(H18:H24) -> 3838.7097 | I25: =SUM(I18:I24) -> 4539 | J25: =SUM(J18:J24) -> 3387.0968 | ... Z25: =SUM(Z18:Z24) -> 233709.68 | AA25: Ø Temp | AB25: =SUM(AB18:AB24)/7 -> 18.142857 | AC25: °C
A26: =SUM(A24+1) -> 19 | B26: Mo | C26: 2766.8 | D26: 8387.0968 | E26: 7623.5 | F26: 5483.871 | G26: 713.7 | H26: 548.3871 | I26: 0 | J26: 483.87097 | K26: 4150.2 | M26: =K26+L26 -> 4150.2 | N26: 8064.5161 | O26: 591.7 | P26: 5791.7 | Q26: =O26+P26 -> 6383.4 | R26: 2580.6452 | S26: 6848.8 | T26: 7129.0323 | U26: =SUM(C26+E26+G26+I26+M26+Q26+S26) -> 28486.4 | V26: =SUM(D26+F26+H26+J26+N26+R26+T26) -> 32677.419 | W26: 755.5 | X26: 709.67742 | Y26: =SUM(U26+W26) -> 29241.9 | Z26: =SUM(V26+X26) -> 33387.097 | AA26: teilweise sonnig | AB26: 22 | AC26: °C | AF26: =C26+E26+G26+I26+K26+O26+W26 -> 16601.4
A27: =SUM(A26+1) -> 20 | B27: Di | C27: 11783.2 | D27: 8387.0968 | E27: 923.8 | F27: 5483.871 | G27: 260.6 | H27: 548.3871 | I27: 0 | J27: 483.87097 | K27: 0 | M27: =K27+L27 -> 0 | N27: 8064.5161 | O27: 157.3 | P27: 5715.75 | Q27: =O27+P27 -> 5873.05 | R27: 2580.6452 | S27: 5591.28 | T27: 7129.0323 | U27: =SUM(C27+E27+G27+I27+M27+Q27+S27) -> 24431.93 | V27: =SUM(D27+F27+H27+J27+N27+R27+T27) -> 32677.419 | W27: 10.5 | X27: 709.67742 | Y27: =SUM(U27+W27) -> 24442.43 | Z27: =SUM(V27+X27) -> 33387.097 | AA27: bedeckt | AB27: 18 | AC27: °C | AF27: =C27+E27+G27+I27+K27+O27+W27 -> 13135.4
A28: =SUM(A27+1) -> 21 | B28: Mi | C28: 10648.4 | D28: 8387.0968 | E28: 85.4 | F28: 5483.871 | G28: 37 | H28: 548.3871 | I28: 0 | J28: 483.87097 | K28: 0 | M28: =K28+L28 -> 0 | N28: 8064.5161 | O28: 1386.9 | P28: 5577 | Q28: =O28+P28 -> 6963.9 | R28: 2580.6452 | S28: 6742.5 | T28: 7129.0323 | U28: =SUM(C28+E28+G28+I28+M28+Q28+S28) -> 24477.2 | V28: =SUM(D28+F28+H28+J28+N28+R28+T28) -> 32677.419 | W28: 0 | X28: 709.67742 | Y28: =SUM(U28+W28) -> 24477.2 | Z28: =SUM(V28+X28) -> 33387.097 | AA28: regen | AB28: 16 | AC28: °C | AF28: =C28+E28+G28+I28+K28+O28+W28 -> 12157.7
A29: =SUM(A28+1) -> 22 | B29: Do | C29: 5039.5 | D29: 8387.0968 | E29: 0 | F29: 5483.871 | G29: 91.3 | H29: 548.3871 | I29: 0 | J29: 483.87097 | K29: 4237.9 | M29: =K29+L29 -> 4237.9 | N29: 8064.5161 | O29: 630 | P29: 14097.8 | Q29: =O29+P29 -> 14727.8 | R29: 2580.6452 | S29: 5783.5 | T29: 7129.0323 | U29: =SUM(C29+E29+G29+I29+M29+Q29+S29) -> 29880 | V29: =SUM(D29+F29+H29+J29+N29+R29+T29) -> 32677.419 | W29: 0 | X29: 709.67742 | Y29: =SUM(U29+W29) -> 29880 | Z29: =SUM(V29+X29) -> 33387.097 | AA29: regen | AB29: 12 | AC29: °C | AF29: =C29+E29+G29+I29+K29+O29+W29 -> 9998.7
A30: =SUM(A29+1) -> 23 | B30: Fr | C30: 13552.2 | D30: 8387.0968 | E30: 267.3 | F30: 5483.871 | G30: 543 | H30: 548.3871 | I30: 2620.5 | J30: 483.87097 | K30: 13774.2 | M30: =K30+L30 -> 13774.2 | N30: 8064.5161 | O30: 1023.2 | P30: 2466.5 | Q30: =O30+P30 -> 3489.7 | R30: 2580.6452 | S30: 8743.39 | T30: 7129.0323 | U30: =SUM(C30+E30+G30+I30+M30+Q30+S30) -> 42990.29 | V30: =SUM(D30+F30+H30+J30+N30+R30+T30) -> 32677.419 | W30: 0 | X30: 709.67742 | Y30: =SUM(U30+W30) -> 42990.29 | Z30: =SUM(V30+X30) -> 33387.097 | AA30: regen, bewölkt | AB30: 16 | AC30: °C | AF30: =C30+E30+G30+I30+K30+O30+W30 -> 31780.4
A31: =SUM(A30+1) -> 24 | B31: Sa | C31: 12453.3 | D31: 8387.0968 | E31: 4113.5 | F31: 5483.871 | G31: 1354.1 | H31: 548.3871 | I31: 4832 | J31: 483.87097 | K31: 42236.5 | M31: =K31+L31 -> 42236.5 | N31: 8064.5161 | O31: 0 | P31: 0 | Q31: =O31+P31 -> 0 | R31: 2580.6452 | S31: 10148.82 | T31: 7129.0323 | U31: =SUM(C31+E31+G31+I31+M31+Q31+S31) -> 75138.22 | V31: =SUM(D31+F31+H31+J31+N31+R31+T31) -> 32677.419 | W31: 0 | X31: 709.67742 | Y31: =SUM(U31+W31) -> 75138.22 | Z31: =SUM(V31+X31) -> 33387.097 | AA31: teilweise sonnig | AB31: 16 | AC31: °C | AF31: =C31+E31+G31+I31+K31+O31+W31 -> 64989.4
A32: =SUM(A31+1) -> 25 | B32: So | C32: 11087.9 | D32: 8387.0968 | E32: 622.9 | F32: 5483.871 | G32: 365.3 | H32: 548.3871 | I32: 2538 | J32: 483.87097 | K32: 19571.6 | M32: =K32+L32 -> 19571.6 | N32: 8064.5161 | O32: 0 | P32: 0 | Q32: =O32+P32 -> 0 | R32: 2580.6452 | S32: 3811.5 | T32: 7129.0323 | U32: =SUM(C32+E32+G32+I32+M32+Q32+S32) -> 37997.2 | V32: =SUM(D32+F32+H32+J32+N32+R32+T32) -> 32677.419 | W32: 0 | X32: 709.67742 | Y32: =SUM(U32+W32) -> 37997.2 | Z32: =SUM(V32+X32) -> 33387.097 | AA32: regen, bewölkt | AB32: 17 | AC32: °C | AF32: =C32+E32+G32+I32+K32+O32+W32 -> 34185.7
A33: KW | B33: =SUM(B25+1) -> 21 | C33: =SUM(C26:C32) -> 67331.3 | D33: =SUM(D26:D32) -> 58709.677 | E33: =SUM(E26:E32) -> 13636.4 | F33: =SUM(F26:F32) -> 38387.097 | G33: =SUM(G26:G32) -> 3365 | H33: =SUM(H26:H32) -> 3838.7097 | I33: =SUM(I26:I32) -> 9990.5 | J33: =SUM(J26:J32) -> 3387.0968 | ... Z33: =SUM(Z26:Z32) -> 233709.68 | AA33: Ø Temp | AB33: =SUM(AB26:AB32)/7 -> 16.714286 | AC33: °C
A34: =A32+1 -> 26 | B34: Mo | C34: 8769 | D34: 8387.0968 | E34: 0 | F34: 5483.871 | G34: 130.8 | H34: 548.3871 | I34: 0 | J34: 483.87097 | K34: 170 | M34: =K34+L34 -> 170 | N34: 8064.5161 | O34: 591 | P34: 6561 | Q34: =O34+P34 -> 7152 | R34: 2580.6452 | S34: 5374.68 | T34: 7129.0323 | U34: =SUM(C34+E34+G34+I34+M34+Q34+S34) -> 21596.48 | V34: =SUM(D34+F34+H34+J34+N34+R34+T34) -> 32677.419 | W34: 0 | X34: 709.67742 | Y34: =U34+W34 -> 21596.48 | Z34: =SUM(V34+X34) -> 33387.097 | AA34: regen, bewölkt | AB34: 15 | AC34: °C | AF34: =C34+E34+G34+I34+K34+O34+W34 -> 9660.8
A35: =A34+1 -> 27 | B35: Di | C35: 7681.8 | D35: 8387.0968 | E35: 1607.1 | F35: 5483.871 | G35: 150.3 | H35: 548.3871 | I35: 0 | J35: 483.87097 | K35: 1935.8 | M35: =K35+L35 -> 1935.8 | N35: 8064.5161 | O35: 97 | P35: 2318 | Q35: =O35+P35 -> 2415 | R35: 2580.6452 | S35: 6226.93 | T35: 7129.0323 | U35: =SUM(C35+E35+G35+I35+M35+Q35+S35) -> 20016.93 | V35: =SUM(D35+F35+H35+J35+N35+R35+T35) -> 32677.419 | W35: 0 | X35: 709.67742 | Y35: =U35+W35 -> 20016.93 | Z35: =SUM(V35+X35) -> 33387.097 | AA35: überwiegend bewölkt | AB35: 17 | AC35: °C | AF35: =C35+E35+G35+I35+K35+O35+W35 -> 11472
A36: =A35+1 -> 28 | B36: Mi. | C36: 8955.7 | D36: 8387.0968 | E36: 0 | F36: 5483.871 | G36: 400.8 | H36: 548.3871 | I36: 0 | J36: 483.87097 | K36: 4886.6 | M36: =K36+L36 -> 4886.6 | N36: 8064.5161 | O36: -723.8 | P36: 1705 | Q36: =O36+P36 -> 981.2 | R36: 2580.6452 | S36: 6247.56 | T36: 7129.0323 | U36: =SUM(C36+E36+G36+I36+M36+Q36+S36) -> 21471.86 | V36: =SUM(D36+F36+H36+J36+N36+R36+T36) -> 32677.419 | W36: 0 | X36: 709.67742 | Y36: =U36+W36 -> 21471.86 | Z36: =SUM(V36+X36) -> 33387.097 | AA36: regen, bewölkt | AB36: 15 | AC36: °C | AF36: =C36+E36+G36+I36+K36+O36+W36 -> 13519.3
A37: =A36+1 -> 29 | B37: Do. | C37: 13179.8 | D37: 8387.0968 | E37: 9481.3 | F37: 5483.871 | G37: 1328.5 | H37: 548.3871 | I37: 0 | J37: 483.87097 | K37: 4015.6 | M37: =K37+L37 -> 4015.6 | N37: 8064.5161 | O37: 0 | P37: 0 | Q37: =O37+P37 -> 0 | R37: 2580.6452 | S37: 10853.72 | T37: 7129.0323 | U37: =SUM(C37+E37+G37+I37+M37+Q37+S37) -> 38858.92 | V37: =SUM(D37+F37+H37+J37+N37+R37+T37) -> 32677.419 | W37: 613.8 | X37: 709.67742 | Y37: =U37+W37 -> 39472.72 | Z37: =SUM(V37+X37) -> 33387.097 | AA37: bewölkt | AB37: 19 | AC37: °C | AD37: Auffahrt | AF37: =C37+E37+G37+I37+K37+O37+W37 -> 28619
A38: =A37+1 -> 30 | B38: Fr. | C38: 1747 | D38: 8387.0968 | E38: 20775.8 | F38: 5483.871 | G38: 1802.3 | H38: 548.3871 | I38: 0 | J38: 483.87097 | K38: 15460.4 | M38: =K38+L38 -> 15460.4 | N38: 8064.5161 | O38: 0 | P38: 285 | Q38: =O38+P38 -> 285 | R38: 2580.6452 | S38: 12389.17 | T38: 7129.0323 | U38: =SUM(C38+E38+G38+I38+M38+Q38+S38) -> 52459.67 | V38: =SUM(D38+F38+H38+J38+N38+R38+T38) -> 32677.419 | W38: 3055.2 | X38: 709.67742 | Y38: =U38+W38 -> 55514.87 | Z38: =SUM(V38+X38) -> 33387.097 | AA38: sonnig | AB38: 26 | AC38: °C | AF38: =C38+E38+G38+I38+K38+O38+W38 -> 42840.7
A39: =A38+1 -> 31 | B39: Sa. | C39: 5994 | D39: 8387.0968 | E39: 21156.8 | F39: 5483.871 | G39: 1423.1 | H39: 548.3871 | I39: 2947 | J39: 483.87097 | K39: 11717.2 | M39: =K39+L39 -> 11717.2 | N39: 8064.5161 | O39: 0 | P39: 0 | Q39: =O39+P39 -> 0 | R39: 2580.6452 | S39: 11444.12 | T39: 7129.0323 | U39: =SUM(C39+E39+G39+I39+M39+Q39+S39) -> 54682.22 | V39: =SUM(D39+F39+H39+J39+N39+R39+T39) -> 32677.419 | W39: 6885.9 | X39: 709.67742 | Y39: =U39+W39 -> 61568.12 | Z39: =SUM(V39+X39) -> 33387.097 | AA39: sonnig | AB39: 28 | AC39: °C | AF39: =C39+E39+G39+I39+K39+O39+W39 -> 50124
A40: KW | B40: =SUM(B33+1) -> 22 | C40: =SUM(C34:C39) -> 46327.3 | D40: =SUM(D34:D39) -> 50322.581 | E40: =SUM(E34:E39) -> 53021 | F40: =SUM(F34:F39) -> 32903.226 | G40: =SUM(G34:G39) -> 5235.8 | H40: =SUM(H34:H39) -> 3290.3226 | I40: =SUM(I34:I39) -> 2947 | J40: =SUM(J34:J39) -> 2903.2258 | ... Z40: =SUM(Z34:Z39) -> 200322.58 | AA40: Ø Temp | AB40: 0 | AC40: °C | AF40: =SUM(AF5:AF39) -> 831117.5
A41: Umsatz kumuliert | C41: =C9+C17+C25+C33+C40 -> 276453 | D41: =D9+D17+D25+D33+D40 -> 260000 | E41: =E9+E17+E25+E33+E40 -> 197328 | F41: =F9+F17+F25+F33+F40 -> 170000 | G41: =G9+G17+G25+G33+G40 -> 22872.7 | H41: =H9+H17+H25+H33+H40 -> 17000 | I41: =I9+I17+I25+I33+I40 -> 26675.5 | J41: =J9+J17+J25+J33+J40 -> 15000 | ... Z41: =Z9+Z17+Z25+Z33+Z40 -> 1035000 | AA41: Umsatz kumuliert
A42: Umsatz pro Tag | C42: =C41/31 -> 8917.8387 | D42: =D41/31 -> 8387.0968 | E42: =E41/31 -> 6365.4194 | F42: =F41/31 -> 5483.871 | G42: =G41/31 -> 737.82903 | H42: =H41/31 -> 548.3871 | I42: =I41/31 -> 860.5 | J42: =J41/31 -> 483.87097 | K42: =K41/31 -> 8721.8387 | N42: =N41/31 -> 8064.5161 | O42: =O41/31 -> 470.70323 | R42: =R41/31 -> 2580.6452 | S42: =S41/31 -> 7954.5565 | T42: =T41/31 -> 7129.0323 | U42: =U41/31 -> 37223.597 | V42: =V41/31 -> 32677.419 | W42: =W41/31 -> 736.1129 | X42: =X41/31 -> 709.67742 | Y42: =Y41/31 -> 37959.71 | Z42: =Z41/31 -> 33387.097 | AA42: Budget pro Tag
A43: Diff. zu Budget | C43: =SUM(C41-D41) -> 16453 | E43: =SUM(E41-F41) -> 27328 | G43: =SUM(G41-H41) -> 5872.7 | I43: =SUM(I41-J41) -> 11675.5 | M43: =SUM(M41-N41) -> 20377 | Q43: =SUM(Q41-R41) -> 33634.05 | S43: =SUM(S41-T41) -> 25591.25 | U43: =SUM(U41-V41) -> 140931.5 | W43: =SUM(W41-X41) -> 819.5 | Y43: =SUM(Y41-Z41) -> 141751
A44: Index | C44: =SUM(100/D41*C41) -> 106.32808 | E44: =SUM(100/F41*E41) -> 116.07529 | G44: =SUM(100/H41*G41) -> 134.54529 | I44: =SUM(100/J41*I41) -> 177.83667 | M44: =SUM(100/N41*M41) -> 108.1508 | Q44: =SUM(100/R41*Q41) -> 142.04256 | S44: =SUM(100/T41*S41) -> 111.57975 | U44: =SUM(100/V41*U41) -> 113.91229 | W44: =SUM(100/X41*W41) -> 103.725 | Y44: =SUM(100/Z41*Y41) -> 113.69575
C46: ok 31.05 | E46: ok 31.05 | G46: ok 31.05 | I46: ok 31.05 | K46: ok 31.05 | O46: ok 31.05 | P46: ok 31.05/js | S46: ok 31.05 | W46: ok 31.05

Sheet 06_25
A1: Tagesumsätze | H1: 45809
C3: Restaurant | E3: Terrasse | G3: Lounge | I3: Pavillon | K3: Bankett | O3: Seminar | S3: Hotel | U3: TOTAL Gesamtbetrieb ohne Seebad | W3: Seebad | Y3: TOTAL Gesamtbetrieb mit Seebad | AA3: Info's
C4: IST | D4: Budget | E4: IST | F4: Budget | G4: IST | H4: Budget | I4: IST | J4: Budget | K4: IST/GN | L4: IST/ET | M4: TOTAL IST | N4: Budget | O4: IST/GN | P4: IST/ET | Q4: TOTAL IST | R4: Budget | S4: IST | T4: Budget | U4: IST | V4: Budget | W4: IST | X4: Budget | Y4: IST | Z4: Budget | AA4: Wetter | AB4: Temp. | AD4: Bemerkung
A5: 1 | B5: So | C5: 6929.4 | D5: 4000 | E5: 13516.8 | F5: 12666.667 | G5: 1303.1 | H5: 733.33333 | I5: -45 | K5: 7206.9 | M5: =K5+L5 -> 7206.9 | N5: 8000 | O5: 688.4 | P5: 0 | Q5: =O5+P5 -> 688.4 | R5: 4333.3333 | S5: 5425.21 | T5: 8633.3333 | U5: =SUM(C5+E5+G5+I5+K5+Q5+S5) -> 35024.81 | V5: =SUM(D5+F5+H5+J5+N5+R5+T5) -> 38366.667 | W5: 2893.7 | X5: 2833.3333 | Y5: =SUM(U5+W5) -> 37918.51 | Z5: =SUM(V5+X5) -> 41200 | AA5: teilweise sonnig | AB5: 23 | AC5: °C | AF5: =SUM(C5+E5+G5+I5+K5+W5+O5) -> 32493.3
A6: KW | B6: 22 | C6: =SUM(C5:C5) -> 6929.4 | D6: =SUM(D5:D5) -> 4000 | E6: =SUM(E5:E5) -> 13516.8 | F6: =SUM(F5:F5) -> 12666.667 | G6: =SUM(G5:G5) -> 1303.1 | H6: =SUM(H5:H5) -> 733.33333 | I6: =SUM(I5:I5) -> -45 | J6: =SUM(J5:J5) -> 0 | ... Z6: =SUM(Z5:Z5) -> 41200 | AA6: Ø Temp | AB6: =SUM(AB5:AB5)/6 -> 3.8333333 | AC6: °C
A7: =SUM(A5+1) -> 2 | B7: Mo | C7: 5109.7 | D7: 4000 | E7: 847.7 | F7: 12666.667 | G7: 119.1 | H7: 733.33333 | I7: 0 | K7: 0 | M7: =K7+L7 -> 0 | N7: 8000 | O7: 0 | P7: 0 | Q7: =O7+P7 -> 0 | R7: 4333.3333 | S7: 4918.84 | T7: 8633.3333 | U7: =SUM(C7+E7+G7+I7+K7+Q7+S7) -> 10995.34 | V7: =SUM(D7+F7+H7+J7+N7+R7+T7) -> 38366.667 | W7: 0 | X7: 2833.3333 | Y7: =SUM(U7+W7) -> 10995.34 | Z7: =SUM(V7+X7) -> 41200 | AA7: Regen | AB7: 19 | AC7: °C | AD7: Spatenstich Rebberg | AF7: =SUM(C7+E7+G7+I7+K7+W7) -> 6076.5
A8: =SUM(A7+1) -> 3 | B8: Di | C8: 6609.3 | D8: 4000 | E8: 4748.4 | F8: 12666.667 | G8: 281.4 | H8: 733.33333 | I8: 0 | K8: 5055.7 | M8: =K8+L8 -> 5055.7 | N8: 8000 | O8: 1050 | P8: 3748 | Q8: =O8+P8 -> 4798 | R8: 4333.3333 | S8: 8817.75 | T8: 8633.3333 | U8: =SUM(C8+E8+G8+I8+K8+Q8+S8) -> 30310.55 | V8: =SUM(D8+F8+H8+J8+N8+R8+T8) -> 38366.667 | W8: 66.5 | X8: 2833.3333 | Y8: =SUM(U8+W8) -> 30377.05 | Z8: =SUM(V8+X8) -> 41200 | AA8: vereinzelt Regen | AB8: 22 | AC8: °C | AF8: =SUM(C8+E8+G8+I8+K8+W8+O8) -> 17811.3
A9: =SUM(A8+1) -> 4 | B9: Mi | C9: 8903.3 | D9: 4000 | E9: 1687.5 | F9: 12666.667 | G9: 324.9 | H9: 733.33333 | I9: 0 | K9: -340 | M9: =K9+L9 -> -340 | N9: 8000 | O9: 1065.5 | P9: 5820 | Q9: =O9+P9 -> 6885.5 | R9: 4333.3333 | S9: 8529.11 | T9: 8633.3333 | U9: =SUM(C9+E9+G9+I9+K9+Q9+S9) -> 25990.31 | V9: =SUM(D9+F9+H9+J9+N9+R9+T9) -> 38366.667 | W9: 0 | X9: 2833.3333 | Y9: =SUM(U9+W9) -> 25990.31 | Z9: =SUM(V9+X9) -> 41200 | AA9: bewölkt, gewitter | AB9: 22 | AC9: °C | AF9: =SUM(C9+E9+G9+I9+K9+W9+O9) -> 11641.2
A10: =SUM(A9+1) -> 5 | B10: Do | C10: 7888.6 | D10: 4000 | E10: 220.7 | F10: 12666.667 | G10: 222.9 | H10: 733.33333 | I10: 0 | K10: 1660 | M10: =K10+L10 -> 1660 | N10: 8000 | O10: 5953.5 | P10: 6981 | Q10: =O10+P10 -> 12934.5 | R10: 4333.3333 | S10: 9616.94 | T10: 8633.3333 | U10: =SUM(C10+E10+G10+I10+K10+Q10+S10) -> 32543.64 | V10: =SUM(D10+F10+H10+J10+N10+R10+T10) -> 38366.667 | W10: 0 | X10: 2833.3333 | Y10: =SUM(U10+W10) -> 32543.64 | Z10: =SUM(V10+X10) -> 41200 | AA10: bewölkt, teilweise regen | AB10: 23 | AC10: °C | AF10: =SUM(C10+E10+G10+I10+K10+W10+O10) -> 15945.7
A11: =SUM(A10+1) -> 6 | B11: Fr | C11: 15366.5 | D11: 4000 | E11: 1853.1 | F11: 12666.667 | G11: 454.4 | H11: 733.33333 | I11: 4226 | J11: 3500 | K11: 25696.8 | M11: =K11+L11 -> 25696.8 | N11: 8000 | O11: 134.1 | P11: 3767 | Q11: =O11+P11 -> 3901.1 | R11: 4333.3333 | S11: 9998.04 | T11: 8633.3333 | U11: =SUM(C11+E11+G11+I11+K11+Q11+S11) -> 61495.94 | V11: =SUM(D11+F11+H11+J11+N11+R11+T11) -> 41866.667 | W11: 64 | X11: 2833.3333 | Y11: =SUM(U11+W11) -> 61559.94 | Z11: =SUM(V11+X11) -> 44700 | AA11: bewölkt | AB11: 21 | AC11: °C | AF11: =SUM(C11+E11+G11+I11+K11+W11+O11) -> 47794.9
A12: =SUM(A11+1) -> 7 | B12: Sa | C12: 15367.6 | D12: 4000 | E12: 228.8 | F12: 12666.667 | G12: 603.9 | H12: 733.33333 | I12: 0 | J12: 3500 | K12: 12223.5 | M12: =K12+L12 -> 12223.5 | N12: 8000 | O12: 159.2 | P12: 0 | Q12: =O12+P12 -> 159.2 | R12: 4333.3333 | S12: 10428.63 | T12: 8633.3333 | U12: =SUM(C12+E12+G12+I12+K12+Q12+S12) -> 39011.63 | V12: =SUM(D12+F12+H12+J12+N12+R12+T12) -> 41866.667 | W12: 0 | X12: 2833.3333 | Y12: =SUM(U12+W12) -> 39011.63 | Z12: =SUM(V12+X12) -> 44700 | AA12: regen | AB12: 18 | AC12: °C | AF12: =SUM(C12+E12+G12+I12+K12+W12+O12) -> 28583
A13: =SUM(A12+1) -> 8 | B13: So | C13: 23519.3 | D13: 4000 | E13: 1172.7 | F13: 12666.667 | G13: 711.5 | H13: 733.33333 | I13: 0 | K13: 2800 | M13: =K13+L13 -> 2800 | N13: 8000 | O13: 0 | P13: 0 | Q13: =O13+P13 -> 0 | R13: 4333.3333 | S13: 11746.25 | T13: 8633.3333 | U13: =SUM(C13+E13+G13+I13+K13+Q13+S13) -> 39949.75 | V13: =SUM(D13+F13+H13+J13+N13+R13+T13) -> 38366.667 | W13: 0 | X13: 2833.3333 | Y13: =SUM(U13+W13) -> 39949.75 | Z13: =SUM(V13+X13) -> 41200 | AA13: Windig, teilweise Regen | AB13: 19 | AC13: °C | AD13: Pfingstsonntag | AF13: =SUM(C13+E13+G13+I13+K13+W13+O13) -> 28203.5
A14: KW | B14: =SUM(B6+1) -> 23 | C14: =SUM(C7:C13) -> 82764.3 | D14: =SUM(D7:D13) -> 28000 | E14: =SUM(E7:E13) -> 10758.9 | F14: =SUM(F7:F13) -> 88666.667 | G14: =SUM(G7:G13) -> 2718.1 | H14: =SUM(H7:H13) -> 5133.3333 | I14: =SUM(I7:I13) -> 4226 | J14: =SUM(J7:J13) -> 7000 | ... Z14: =SUM(Z7:Z13) -> 295400 | AA14: Ø Temp | AB14: =SUM(AB7:AB13)/7 -> 20.571429 | AC14: °C
A15: =SUM(A13+1) -> 9 | B15: Mo | C15: 2239.2 | D15: 4000 | E15: 20808.5 | F15: 12666.667 | G15: 1657.9 | H15: 733.33333 | I15: 0 | K15: 3012.2 | M15: =K15+L15 -> 3012.2 | N15: 8000 | O15: 0 | P15: 0 | Q15: =O15+P15 -> 0 | R15: 4333.3333 | S15: 7580.95 | T15: 8633.3333 | U15: =SUM(C15+E15+G15+I15+K15+Q15+S15) -> 35298.75 | V15: =SUM(D15+F15+H15+J15+N15+R15+T15) -> 38366.667 | W15: 2993.1 | X15: 2833.3333 | Y15: =SUM(U15+W15) -> 38291.85 | Z15: =SUM(V15+X15) -> 41200 | AA15: Sonnig | AB15: 23 | AC15: °C | AD15: Pfingstsmontag | AF15: =SUM(C15+E15+G15+I15+K15+W15+O15) -> 30710.9
A16: =SUM(A15+1) -> 10 | B16: Di | C16: 2028.5 | D16: 4000 | E16: 10280.4 | F16: 12666.667 | G16: 950.6 | H16: 733.33333 | I16: 0 | K16: 4900 | M16: =K16+L16 -> 4900 | N16: 8000 | O16: 547.3 | P16: 4410 | Q16: =O16+P16 -> 4957.3 | R16: 4333.3333 | S16: 5293.46 | T16: 8633.3333 | U16: =SUM(C16+E16+G16+I16+K16+Q16+S16) -> 28410.26 | V16: =SUM(D16+F16+H16+J16+N16+R16+T16) -> 38366.667 | W16: 1147.5 | X16: 2833.3333 | Y16: =SUM(U16+W16) -> 29557.76 | Z16: =SUM(V16+X16) -> 41200 | AA16: bewölkt teilweise | AB16: 24 | AC16: °C | AF16: =SUM(C16+E16+G16+I16+K16+W16+O16) -> 19854.3
A17: =SUM(A16+1) -> 11 | B17: Mi | C17: 830.2 | D17: 4000 | E17: 15932.6 | F17: 12666.667 | G17: 376.4 | H17: 733.33333 | I17: 0 | K17: 3993.7 | M17: =K17+L17 -> 3993.7 | N17: 8000 | O17: 1164.6 | P17: 6851 | Q17: =O17+P17 -> 8015.6 | R17: 4333.3333 | S17: 9236.2 | T17: 8633.3333 | U17: =SUM(C17+E17+G17+I17+K17+Q17+S17) -> 38384.7 | V17: =SUM(D17+F17+H17+J17+N17+R17+T17) -> 38366.667 | W17: 3306.8 | X17: 2833.3333 | Y17: =SUM(U17+W17) -> 41691.5 | Z17: =SUM(V17+X17) -> 41200 | AA17: sonnig | AB17: 25 | AC17: °C | AF17: =SUM(C17+E17+G17+I17+K17+W17+O17) -> 25604.3
A18: =SUM(A17+1) -> 12 | B18: Do | C18: 563 | D18: 4000 | E18: 15842.35 | F18: 12666.667 | G18: 1119.9 | H18: 733.33333 | I18: 0 | K18: 0 | M18: =K18+L18 -> 0 | N18: 8000 | O18: 1639 | P18: 9232 | Q18: =O18+P18 -> 10871 | R18: 4333.3333 | S18: 12776.66 | T18: 8633.3333 | U18: =SUM(C18+E18+G18+I18+K18+Q18+S18) -> 41172.91 | V18: =SUM(D18+F18+H18+J18+N18+R18+T18) -> 38366.667 | W18: 4063.4 | X18: 2833.3333 | Y18: =SUM(U18+W18) -> 45236.31 | Z18: =SUM(V18+X18) -> 41200 | AA18: sonnig | AB18: 28 | AC18: °C | AF18: =SUM(C18+E18+G18+I18+K18+W18+O18) -> 23227.65
A19: =SUM(A18+1) -> 13 | B19: Fr | C19: 2624.2 | D19: 4000 | E19: 19542.6 | F19: 12666.667 | G19: 1024.9 | H19: 733.33333 | I19: 3494 | J19: 3500 | K19: 8436.8 | M19: =K19+L19 -> 8436.8 | N19: 8000 | O19: 451.7 | P19: 6586.4 | Q19: =O19+P19 -> 7038.1 | R19: 4333.3333 | S19: 12435.4 | T19: 8633.3333 | U19: =SUM(C19+E19+G19+I19+K19+Q19+S19) -> 54596 | V19: =SUM(D19+F19+H19+J19+N19+R19+T19) -> 41866.667 | W19: 5825 | X19: 2833.3333 | Y19: =SUM(U19+W19) -> 60421 | Z19: =SUM(V19+X19) -> 44700 | AA19: sonnig | AB19: 31 | AC19: °C | AF19: =SUM(C19+E19+G19+I19+K19+W19+O19) -> 41399.2
A20: =SUM(A19+1) -> 14 | B20: Sa | C20: 4915.8 | D20: 4000 | E20: 23701.9 | F20: 12666.667 | G20: 1793.2 | H20: 733.33333 | I20: 3042 | J20: 3500 | K20: 21524.3 | M20: =K20+L20 -> 21524.3 | N20: 8000 | O20: 0 | P20: 0 | Q20: =O20+P20 -> 0 | R20: 4333.3333 | S20: 12862.25 | T20: 8633.3333 | U20: =SUM(C20+E20+G20+I20+K20+Q20+S20) -> 67839.45 | V20: =SUM(D20+F20+H20+J20+N20+R20+T20) -> 41866.667 | W20: 7925.4 | X20: 2833.3333 | Y20: =SUM(U20+W20) -> 75764.85 | Z20: =SUM(V20+X20) -> 44700 | AA20: sonnig | AB20: 33 | AC20: °C | AD20: Tagesrekord! | AF20: =SUM(C20+E20+G20+I20+K20+W20+O20) -> 62902.6
A21: =SUM(A20+1) -> 15 | B21: So | C21: 4595.6 | D21: 4000 | E21: 13540.5 | F21: 12666.667 | G21: 983.9 | H21: 733.33333 | I21: 0 | K21: 16849.5 | M21: =K21+L21 -> 16849.5 | N21: 8000 | O21: 0 | P21: 0 | Q21: =O21+P21 -> 0 | R21: 4333.3333 | S21: 5874.1 | T21: 8633.3333 | U21: =SUM(C21+E21+G21+I21+K21+Q21+S21) -> 41843.6 | V21: =SUM(D21+F21+H21+J21+N21+R21+T21) -> 38366.667 | W21: 3292.6 | X21: 2833.3333 | Y21: =SUM(U21+W21) -> 45136.2 | Z21: =SUM(V21+X21) -> 41200 | AA21: Regenschauer | AB21: 27 | AC21: °C | AF21: =SUM(C21+E21+G21+I21+K21+W21+O21) -> 39262.1
A22: KW | B22: =SUM(B14+1) -> 24 | C22: =SUM(C15:C21) -> 17796.5 | D22: =SUM(D15:D21) -> 28000 | E22: =SUM(E15:E21) -> 119648.85 | F22: =SUM(F15:F21) -> 88666.667 | G22: =SUM(G15:G21) -> 7906.8 | H22: =SUM(H15:H21) -> 5133.3333 | I22: =SUM(I15:I21) -> 6536 | J22: =SUM(J15:J21) -> 7000 | ... Z22: =SUM(Z15:Z21) -> 295400 | AA22: Ø Temp | AB22: =SUM(AB15:AB21)/7 -> 27.285714 | AC22: °C
A23: =SUM(A21+1) -> 16 | B23: Mo | C23: 1485.6 | D23: 4000 | E23: 7548.5 | F23: 12666.667 | G23: 798.8 | H23: 733.33333 | I23: 0 | K23: 430 | M23: =K23+L23 -> 430 | N23: 8000 | O23: 641.8 | P23: 4660 | Q23: =O23+P23 -> 5301.8 | R23: 4333.3333 | S23: 8731.24 | T23: 8633.3333 | U23: =SUM(C23+E23+G23+I23+K23+Q23+S23) -> 24295.94 | V23: =SUM(D23+F23+H23+J23+N23+R23+T23) -> 38366.667 | W23: 251.5 | X23: 2833.3333 | Y23: =SUM(U23+W23) -> 24547.44 | Z23: =SUM(V23+X23) -> 41200 | AA23: teilweise sonnig | AB23: 21 | AC23: °C | AF23: =SUM(C23+E23+G23+I23+K23+W23+O23) -> 11156.2
A24: =SUM(A23+1) -> 17 | B24: Di | C24: 1169.1 | D24: 4000 | E24: 14673.4 | F24: 12666.667 | G24: 1030.5 | H24: 733.33333 | I24: 0 | K24: 5946.3 | M24: =K24+L24 -> 5946.3 | N24: 8000 | O24: 781.5 | P24: 3864 | Q24: =O24+P24 -> 4645.5 | R24: 4333.3333 | S24: 7957.4 | T24: 8633.3333 | U24: =SUM(C24+E24+G24+I24+K24+Q24+S24) -> 35422.2 | V24: =SUM(D24+F24+H24+J24+N24+R24+T24) -> 38366.667 | W24: 1827.1 | X24: 2833.3333 | Y24: =SUM(U24+W24) -> 37249.3 | Z24: =SUM(V24+X24) -> 41200 | AA24: sonnig | AB24: 26 | AC24: °C | AF24: =SUM(C24+E24+G24+I24+K24+W24+O24) -> 25427.9
A25: =SUM(A24+1) -> 18 | B25: Mi | C25: 1689.1 | D25: 4000 | E25: 16501.1 | F25: 12666.667 | G25: 935.2 | H25: 733.33333 | I25: 0 | K25: 1853.5 | M25: =K25+L25 -> 1853.5 | N25: 8000 | O25: 1942.9 | P25: 3728 | Q25: =O25+P25 -> 5670.9 | R25: 4333.3333 | S25: 9791.12 | T25: 8633.3333 | U25: =SUM(C25+E25+G25+I25+K25+Q25+S25) -> 36440.92 | V25: =SUM(D25+F25+H25+J25+N25+R25+T25) -> 38366.667 | W25: 4252.9 | X25: 2833.3333 | Y25: =SUM(U25+W25) -> 40693.82 | Z25: =SUM(V25+X25) -> 41200 | AA25: sonnig | AB25: 26 | AC25: °C | AF25: =SUM(C25+E25+G25+I25+K25+W25+O25) -> 27174.7
A26: =SUM(A25+1) -> 19 | B26: Do | C26: 712.8 | D26: 4000 | E26: 16200.1 | F26: 12666.667 | G26: 1192 | H26: 733.33333 | I26: 4829 | K26: 10409.9 | M26: =K26+L26 -> 10409.9 | N26: 8000 | O26: 290.3 | P26: 4568 | Q26: =O26+P26 -> 4858.3 | R26: 4333.3333 | S26: 12197.77 | T26: 8633.3333 | U26: =SUM(C26+E26+G26+I26+K26+Q26+S26) -> 50399.87 | V26: =SUM(D26+F26+H26+J26+N26+R26+T26) -> 38366.667 | W26: 7611.4 | X26: 2833.3333 | Y26: =SUM(U26+W26) -> 58011.27 | Z26: =SUM(V26+X26) -> 41200 | AA26: sonnig | AB26: 30 | AC26: °C | AD26: Fronleichnam | AF26: =SUM(C26+E26+G26+I26+K26+W26+O26) -> 41245.5
A27: =SUM(A26+1) -> 20 | B27: Fr | C27: 1744.3 | D27: 4000 | E27: 15254.3 | F27: 12666.667 | G27: 940.7 | H27: 733.33333 | I27: 4901 | J27: 3500 | K27: 12281.8 | M27: =K27+L27 -> 12281.8 | N27: 8000 | O27: 213.2 | P27: 2766 | Q27: =O27+P27 -> 2979.2 | R27: 4333.3333 | S27: 13891.2 | T27: 8633.3333 | U27: =SUM(C27+E27+G27+I27+K27+Q27+S27) -> 51992.5 | V27: =SUM(D27+F27+H27+J27+N27+R27+T27) -> 41866.667 | W27: 7665.1 | X27: 2833.3333 | Y27: =SUM(U27+W27) -> 59657.6 | Z27: =SUM(V27+X27) -> 44700 | AA27: Sonnig | AB27: 30 | AC27: °C | AF27: =SUM(C27+E27+G27+I27+K27+W27+O27) -> 43000.4
A28: =SUM(A27+1) -> 21 | B28: Sa | C28: 3184.1 | D28: 4000 | E28: 17792.7 | F28: 12666.667 | G28: 1876.6 | H28: 733.33333 | I28: 4682 | J28: 3500 | K28: 20354.9 | M28: =K28+L28 -> 20354.9 | N28: 8000 | O28: 37 | P28: 1261 | Q28: =O28+P28 -> 1298 | R28: 4333.3333 | S28: 13522 | T28: 8633.3333 | U28: =SUM(C28+E28+G28+I28+K28+Q28+S28) -> 62710.3 | V28: =SUM(D28+F28+H28+J28+N28+R28+T28) -> 41866.667 | W28: 7680.8 | X28: 2833.3333 | Y28: =SUM(U28+W28) -> 70391.1 | Z28: =SUM(V28+X28) -> 44700 | AA28: Sonnig | AB28: 30 | AC28: °C | AF28: =SUM(C28+E28+G28+I28+K28+W28+O28) -> 55608.1
A29: =SUM(A28+1) -> 22 | B29: So | C29: 1357.4 | D29: 4000 | E29: 22417.5 | F29: 12666.667 | G29: 1063.8 | H29: 733.33333 | I29: 0 | K29: 0 | M29: =K29+L29 -> 0 | N29: 8000 | O29: 0 | P29: 0 | Q29: =O29+P29 -> 0 | R29: 4333.3333 | S29: 7186.52 | T29: 8633.3333 | U29: =SUM(C29+E29+G29+I29+K29+Q29+S29) -> 32025.22 | V29: =SUM(D29+F29+H29+J29+N29+R29+T29) -> 38366.667 | W29: 12722.1 | X29: 2833.3333 | Y29: =SUM(U29+W29) -> 44747.32 | Z29: =SUM(V29+X29) -> 41200 | AA29: Sonnig | AB29: 30 | AC29: °C | AF29: =SUM(C29+E29+G29+I29+K29+W29+O29) -> 37560.8
A30: KW | B30: =SUM(B22+1) -> 25 | C30: =SUM(C23:C29) -> 11342.4 | D30: =SUM(D23:D29) -> 28000 | E30: =SUM(E23:E29) -> 110387.6 | F30: =SUM(F23:F29) -> 88666.667 | G30: =SUM(G23:G29) -> 7837.6 | H30: =SUM(H23:H29) -> 5133.3333 | I30: =SUM(I23:I29) -> 14412 | J30: =SUM(J23:J29) -> 7000 | ... Z30: =SUM(Z23:Z29) -> 295400 | AA30: Ø Temp | AB30: =SUM(AB23:AB29)/7 -> 27.571429 | AC30: °C
A31: =SUM(A29+1) -> 23 | B31: Mo | C31: 5787.5 | D31: 4000 | E31: 5890.5 | F31: 12666.667 | G31: 785.4 | H31: 733.33333 | I31: 0 | K31: 615 | M31: =K31+L31 -> 615 | N31: 8000 | O31: 720.8 | P31: 3726 | Q31: =O31+P31 -> 4446.8 | R31: 4333.3333 | S31: 8579.6 | T31: 8633.3333 | U31: =SUM(C31+E31+G31+I31+K31+Q31+S31) -> 26104.8 | V31: =SUM(D31+F31+H31+J31+N31+R31+T31) -> 38366.667 | W31: 2002.6 | X31: 2833.3333 | Y31: =SUM(U31+W31) -> 28107.4 | Z31: =SUM(V31+X31) -> 41200 | AA31: wechselhaft | AB31: 27 | AC31: °C | AF31: =SUM(C31+E31+G31+I31+K31+W31+O31) -> 15801.8
A32: =SUM(A31+1) -> 24 | B32: Di | C32: 1623.3 | D32: 4000 | E32: 15600.4 | F32: 12666.667 | G32: 789.6 | H32: 733.33333 | I32: 2314.5 | K32: 2270 | M32: =K32+L32 -> 2270 | N32: 8000 | O32: 109.7 | P32: 9885 | Q32: =O32+P32 -> 9994.7 | R32: 4333.3333 | S32: 9733.73 | T32: 8633.3333 | U32: =SUM(C32+E32+G32+I32+K32+Q32+S32) -> 42326.23 | V32: =SUM(D32+F32+H32+J32+N32+R32+T32) -> 38366.667 | W32: 4615.9 | X32: 2833.3333 | Y32: =SUM(U32+W32) -> 46942.13 | Z32: =SUM(V32+X32) -> 41200 | AA32: sonnig | AB32: 30 | AC32: °C | AF32: =SUM(C32+E32+G32+I32+K32+W32+O32) -> 27323.4
A33: =SUM(A32+1) -> 25 | B33: Mi | C33: 1631.3 | D33: 4000 | E33: 16741.2 | F33: 12666.667 | G33: 884.5 | H33: 733.33333 | I33: 0 | K33: -1211.5 | M33: =K33+L33 -> -1211.5 | N33: 8000 | O33: 3862.9 | P33: 2669 | Q33: =O33+P33 -> 6531.9 | R33: 4333.3333 | S33: 10479.58 | T33: 8633.3333 | U33: =SUM(C33+E33+G33+I33+K33+Q33+S33) -> 35056.98 | V33: =SUM(D33+F33+H33+J33+N33+R33+T33) -> 38366.667 | W33: 6300.19 | X33: 2833.3333 | Y33: =SUM(U33+W33) -> 41357.17 | Z33: =SUM(V33+X33) -> 41200 | AA33: sonnig | AB33: 33 | AC33: °C | AF33: =SUM(C33+E33+G33+I33+K33+W33+O33) -> 28208.59
A34: =SUM(A33+1) -> 26 | B34: Do | C34: 5192.5 | D34: 4000 | E34: 7228.9 | F34: 12666.667 | G34: 711.7 | H34: 733.33333 | I34: 0 | K34: 5955.5 | M34: =K34+L34 -> 5955.5 | N34: 8000 | O34: 1217.5 | P34: 4979 | Q34: =O34+P34 -> 6196.5 | R34: 4333.3333 | S34: 10742.82 | T34: 8633.3333 | U34: =SUM(C34+E34+G34+I34+K34+Q34+S34) -> 36027.92 | V34: =SUM(D34+F34+H34+J34+N34+R34+T34) -> 38366.667 | W34: 152.1 | X34: 2833.3333 | Y34: =SUM(U34+W34) -> 36180.02 | Z34: =SUM(V34+X34) -> 41200 | AA34: bewölkt, gewitter | AB34: 30 | AC34: °C | AF34: =SUM(C34+E34+G34+I34+K34+W34+O34) -> 20458.2
A35: =SUM(A34+1) -> 27 | B35: Fr. | C35: 1865.8 | D35: 4000 | E35: 18176 | F35: 12666.667 | G35: 1721.8 | H35: 733.33333 | I35: 0 | J35: 3500 | K35: 18338.3 | M35: =K35+L35 -> 18338.3 | N35: 8000 | O35: 220 | P35: 1784 | Q35: =O35+P35 -> 2004 | R35: 4333.3333 | S35: 9984.27 | T35: 8633.3333 | U35: =SUM(C35+E35+G35+I35+K35+Q35+S35) -> 52090.17 | V35: =SUM(D35+F35+H35+J35+N35+R35+T35) -> 41866.667 | W35: 3476.3 | X35: 2833.3333 | Y35: =SUM(U35+W35) -> 55566.47 | Z35: =SUM(V35+X35) -> 44700 | AA35: sonnig | AB35: 32 | AC35: °C | AF35: =SUM(C35+E35+G35+I35+K35+W35+O35) -> 43798.2
A36: =SUM(A35+1) -> 28 | B36: Sa. | C36: 1775.2 | D36: 4000 | E36: 20458 | F36: 12666.667 | G36: 1416.7 | H36: 733.33333 | I36: 6636 | J36: 3500 | K36: 24050.8 | M36: =K36+L36 -> 24050.8 | N36: 8000 | O36: 0 | P36: 0 | Q36: =O36+P36 -> 0 | R36: 4333.3333 | S36: 12846.12 | T36: 8633.3333 | U36: =SUM(C36+E36+G36+I36+K36+Q36+S36) -> 67182.82 | V36: =SUM(D36+F36+H36+J36+N36+R36+T36) -> 41866.667 | W36: 8439.8 | X36: 2833.3333 | Y36: =SUM(U36+W36) -> 75622.62 | Z36: =SUM(V36+X36) -> 44700 | AA36: sonnig | AB36: 34 | AC36: °C | AF36: =SUM(C36+E36+G36+I36+K36+W36+O36) -> 62776.5
A37: =SUM(A36+1) -> 29 | B37: So. | C37: 1843.6 | D37: 4000 | E37: 22042.1 | F37: 12666.667 | G37: 1275.5 | H37: 733.33333 | I37: 600 | K37: 6557.6 | M37: =K37+L37 -> 6557.6 | N37: 8000 | O37: 0 | P37: 0 | Q37: =O37+P37 -> 0 | R37: 4333.3333 | S37: 7351.18 | T37: 8633.3333 | U37: =SUM(C37+E37+G37+I37+K37+Q37+S37) -> 39669.98 | V37: =SUM(D37+F37+H37+J37+N37+R37+T37) -> 38366.667 | W37: 15671.2 | X37: 2833.3333 | Y37: =SUM(U37+W37) -> 55341.18 | Z37: =SUM(V37+X37) -> 41200 | AA37: sonnig | AB37: 30 | AC37: °C | AF37: =SUM(C37+E37+G37+I37+K37+W37+O37) -> 47990
A38: KW | B38: =SUM(B30+1) -> 26 | C38: =SUM(C31:C37) -> 19719.2 | D38: =SUM(D31:D37) -> 28000 | E38: =SUM(E31:E37) -> 106137.1 | F38: =SUM(F31:F37) -> 88666.667 | G38: =SUM(G31:G37) -> 7585.2 | H38: =SUM(H31:H37) -> 5133.3333 | I38: =SUM(I31:I37) -> 9550.5 | J38: =SUM(J31:J37) -> 7000 | ... Z38: =SUM(Z31:Z37) -> 295400 | AA38: Ø Temp | AB38: =SUM(AB31:AB37)/5 -> 43.2 | AC38: °C
A39: =A37+1 -> 30 | B39: So. | C39: 3149.8 | D39: 4000 | E39: 13601 | F39: 12666.667 | G39: 1315.7 | H39: 733.33333 | I39: 0 | K39: 0 | M39: =K39+L39 -> 0 | N39: 8000 | O39: 0 | P39: 634 | Q39: =O39+P39 -> 634 | R39: 4333.3333 | S39: 7751.14 | T39: 8633.3333 | U39: =SUM(C39+E39+G39+I39+K39+Q39+S39) -> 26451.64 | V39: =SUM(D39+F39+H39+J39+N39+R39+T39) -> 38366.667 | W39: 4088.2 | X39: 2833.3333 | Y39: =SUM(U39+W39) -> 30539.84 | Z39: =SUM(V39+X39) -> 41200 | AA39: sonnig | AB39: 33 | AC39: °C | AF39: =SUM(C39+E39+G39+I39+K39+W39+O39) -> 22154.7
A40: KW | B40: =SUM(B38+1) -> 27 | C40: =SUM(C39) -> 3149.8 | D40: =SUM(D39) -> 4000 | E40: =SUM(E39) -> 13601 | F40: =SUM(F39) -> 12666.667 | G40: =SUM(G39) -> 1315.7 | H40: =SUM(H39) -> 733.33333 | I40: =SUM(I39) -> 0 | J40: =SUM(J39) -> 0 | ... Z40: =SUM(Z39) -> 41200 | AA40: Ø Temp | AB40: =SUM(AB33:AB39)/5 -> 47.04 | AC40: °C
A41: Umsatz kumuliert | C41: =SUM(C6+C14+C22+C30+C38+C40) -> 141701.6 | D41: =SUM(D6+D14+D22+D30+D38+D40) -> 120000 | E41: =SUM(E6+E14+E22+E30+E38+E40) -> 374050.25 | F41: =SUM(F6+F14+F22+F30+F38+F40) -> 380000 | G41: =SUM(G6+G14+G22+G30+G38+G40) -> 28666.5 | H41: =SUM(H6+H14+H22+H30+H38+H40) -> 22000 | I41: =SUM(I6+I14+I22+I30+I38+I40) -> 34679.5 | J41: =SUM(J6+J14+J22+J30+J38+J40) -> 28000 | ... Z41: =SUM(Z6+Z14+Z22+Z30+Z38+Z40) -> 1264000 | AA41: Umsatz kumuliert | AF41: =SUM(AF5:AF40) -> 941195.44
A42: Umsatz pro Tag | C42: =C41/30 -> 4723.3867 | D42: =D41/30 -> 4000 | E42: =E41/30 -> 12468.342 | F42: =F41/30 -> 12666.667 | G42: =G41/30 -> 955.55 | H42: =H41/30 -> 733.33333 | I42: =I41/30 -> 1155.9833 | J42: =J41/30 -> 933.33333 | ... Z42: =Z41/30 -> 42133.333 | AA42: Budget pro Tag
A43: Diff. zu Budget | C43: =SUM(C41-D41) -> 21701.6 | E43: =SUM(E41-F41) -> -5949.75 | G43: =SUM(G41-H41) -> 6666.5 | I43: =SUM(I41-J41) -> 6679.5 | M43: =SUM(M41-N41) -> -19128.5 | Q43: =SUM(Q41-R41) -> -15189.7 | S43: =SUM(S41-T41) -> 27285.48 | U43: =SUM(U41-V41) -> 22065.13 | W43: =SUM(W41-X41) -> 33335.19 | Y43: =SUM(Y41-Z41) -> 55400.32
A44: Index | C44: =SUM(100/D41*C41) -> 118.08467 | E44: =SUM(100/F41*E41) -> 98.434276 | G44: =SUM(100/H41*G41) -> 130.30227 | I44: =SUM(100/J41*I41) -> 123.85536 | M44: =SUM(100/N41*M41) -> 92.029792 | Q44: =SUM(100/R41*Q41) -> 88.315615 | S44: =SUM(100/T41*S41) -> 110.53493 | U44: =SUM(100/V41*U41) -> 101.87151 | W44: =SUM(100/X41*W41) -> 139.21787 | Y44: =SUM(100/Z41*Y41) -> 104.38294

Sheet 07_25
A1: Tagesumsätze | H1: 45839
C3: Restaurant | E3: Terrasse | G3: Lounge | I3: Pavillon | K3: Bankett | O3: Seminar | S3: Hotel | U3: TOTAL Gesamtbetrieb ohne Seebad | W3: Seebad | Y3: TOTAL Gesamtbetrieb mit Seebad | AA3: Info's
C4: IST | D4: Budget | E4: IST | F4: Budget | G4: IST | H4: Budget | I4: IST | J4: Budget | K4: IST/GN | L4: IST/ET | M4: TOTAL IST | N4: Budget | O4: IST/GN | P4: IST/ET | Q4: TOTAL IST | R4: Budget | S4: IST | T4: Budget | U4: IST | V4: Budget | W4: IST | X4: Budget | Y4: IST | Z4: Budget | AA4: Wetter | AB4: Temp. | AD4: Bemerkung
A5: 1 | B5: Di | C5: 770.4 | D5: 5883.871 | E5: 16725.7 | F5: 13225.806 | G5: 1055.6 | H5: 806.45161 | I5: 0 | K5: 13955.9 | M5: =K5+L5 -> 13955.9 | N5: 5161.2903 | O5: 853.6 | P5: 4679 | Q5: =O5+P5 -> 5532.6 | R5: 1290.3226 | S5: 9575.42 | T5: 8954.8387 | U5: =SUM(C5+E5+G5+I5+K5+Q5+S5) -> 47615.62 | V5: =SUM(D5+F5+H5+J5+N5+R5+T5) -> 35322.581 | W5: 4930.1 | X5: 2741.9355 | Y5: =SUM(U5+W5) -> 52545.72 | Z5: =SUM(V5+X5) -> 38064.516 | AA5: sonnig | AB5: 32 | AC5: °C | AF5: =SUM(C5+E5+G5+I5+K5+O5+W5) -> 38291.3
A6: =SUM(A5+1) -> 2 | B6: Mi | C6: 2722.8 | D6: 5883.871 | E6: 15396.65 | F6: 13225.806 | G6: 916.2 | H6: 806.45161 | I6: 0 | K6: 0 | M6: =K6+L6 -> 0 | N6: 5161.2903 | O6: 409 | P6: 9590 | Q6: =O6+P6 -> 9999 | R6: 1290.3226 | S6: 4393.86 | T6: 8954.8387 | U6: =SUM(C6+E6+G6+I6+K6+Q6+S6) -> 33428.51 | V6: =SUM(D6+F6+H6+J6+N6+R6+T6) -> 35322.581 | W6: 6046.7 | X6: 2741.9355 | Y6: =SUM(U6+W6) -> 39475.21 | Z6: =SUM(V6+X6) -> 38064.516 | AA6: sonnig | AB6: 32 | AC6: °C | AF6: =SUM(C6+E6+G6+I6+K6+O6+W6) -> 25491.35
A7: =SUM(A6+1) -> 3 | B7: Do | C7: 1660.8 | D7: 5883.871 | E7: 15906.5 | F7: 13225.806 | G7: 888.5 | H7: 806.45161 | I7: 0 | K7: 610 | M7: =K7+L7 -> 610 | N7: 5161.2903 | O7: 879.2 | P7: 8590.4 | Q7: =O7+P7 -> 9469.6 | R7: 1290.3226 | S7: 14084.87 | T7: 8954.8387 | U7: =SUM(C7+E7+G7+I7+K7+Q7+S7) -> 42620.27 | V7: =SUM(D7+F7+H7+J7+N7+R7+T7) -> 35322.581 | W7: 2465.8 | X7: 2741.9355 | Y7: =SUM(U7+W7) -> 45086.07 | Z7: =SUM(V7+X7) -> 38064.516 | AA7: sonnig | AB7: 32 | AC7: °C | AF7: =SUM(C7+E7+G7+I7+K7+O7+W7) -> 22410.8
A8: =SUM(A7+1) -> 4 | B8: Fr | C8: 3262.7 | D8: 5883.871 | E8: 20002.8 | F8: 13225.806 | G8: 917.8 | H8: 806.45161 | I8: 4200 | J8: 4375 | K8: 16188 | M8: =K8+L8 -> 16188 | N8: 5161.2903 | O8: 41.8 | P8: 7532 | Q8: =O8+P8 -> 7573.8 | R8: 1290.3226 | S8: 11402.6 | T8: 8954.8387 | U8: =SUM(C8+E8+G8+I8+K8+Q8+S8) -> 63547.7 | V8: =SUM(D8+F8+H8+J8+N8+R8+T8) -> 39697.581 | W8: 2712.8 | X8: 2741.9355 | Y8: =SUM(U8+W8) -> 66260.5 | Z8: =SUM(V8+X8) -> 42439.516 | AA8: bewölkt | AB8: 25 | AC8: °C | AF8: =SUM(C8+E8+G8+I8+K8+O8+W8) -> 47325.9
A9: =SUM(A8+1) -> 5 | B9: Sa | C9: 2643.7 | D9: 5883.871 | E9: 20168.4 | F9: 13225.806 | G9: 1656.6 | H9: 806.45161 | I9: 5293.8 | J9: 4375 | K9: 21919.7 | M9: =K9+L9 -> 21919.7 | N9: 5161.2903 | O9: 926 | P9: 3346 | Q9: =O9+P9 -> 4272 | R9: 1290.3226 | S9: 13637.81 | T9: 8954.8387 | U9: =SUM(C9+E9+G9+I9+K9+Q9+S9) -> 69592.01 | V9: =SUM(D9+F9+H9+J9+N9+R9+T9) -> 39697.581 | W9: 7736.1 | X9: 2741.9355 | Y9: =SUM(U9+W9) -> 77328.11 | Z9: =SUM(V9+X9) -> 42439.516 | AA9: sonnig | AB9: 27 | AC9: °C | AF9: =SUM(C9+E9+G9+I9+K9+O9+W9) -> 60344.3
A10: =SUM(A9+1) -> 6 | B10: So | C10: 11649.4 | D10: 5883.871 | E10: 8194.7 | F10: 13225.806 | G10: 664.5 | H10: 806.45161 | I10: 308 | K10: 4539.1 | M10: =K10+L10 -> 4539.1 | N10: 5161.2903 | O10: 101 | P10: 0 | Q10: =O10+P10 -> 101 | R10: 1290.3226 | S10: 10119.81 | T10: 8954.8387 | U10: =SUM(C10+E10+G10+I10+K10+Q10+S10) -> 35576.51 | V10: =SUM(D10+F10+H10+J10+N10+R10+T10) -> 35322.581 | W10: 1151.9 | X10: 2741.9355 | Y10: =SUM(U10+W10) -> 36728.41 | Z10: =SUM(V10+X10) -> 38064.516 | AA10: bewölkt | AB10: 23 | AC10: °C | AF10: =SUM(C10+E10+G10+I10+K10+O10+W10) -> 26608.6
A11: KW | B11: =SUM(26+1) -> 27 | C11: =SUM(C5:C10) -> 22709.8 | D11: =SUM(D5:D10) -> 35303.226 | E11: =SUM(E5:E10) -> 96394.75 | F11: =SUM(F5:F10) -> 79354.839 | G11: =SUM(G5:G10) -> 6099.2 | H11: =SUM(H5:H10) -> 4838.7097 | I11: =SUM(I5:I10) -> 9801.8 | J11: =SUM(J5:J10) -> 8750 | ... Z11: =SUM(Z5:Z10) -> 237137.1 | AA11: Ø Temp | AB11: =SUM(AB5:AB10)/7 -> 24.428571 | AC11: °C | AF11: =SUM(C11+E11+G11+I11+K11+O11+W11) -> 220472.25
A12: =SUM(A10+1) -> 7 | B12: Mo | C12: 11174.4 | D12: 5883.871 | E12: 329 | F12: 13225.806 | G12: 37.7 | H12: 806.45161 | I12: 0 | K12: 0 | M12: =K12+L12 -> 0 | N12: 5161.2903 | O12: 618.5 | P12: 5726 | Q12: =O12+P12 -> 6344.5 | R12: 1290.3226 | S12: 11480.92 | T12: 8954.8387 | U12: =SUM(C12+E12+G12+I12+K12+Q12+S12) -> 29366.52 | V12: =SUM(D12+F12+H12+J12+N12+R12+T12) -> 35322.581 | W12: 0 | X12: 2741.9355 | Y12: =SUM(U12+W12) -> 29366.52 | Z12: =SUM(V12+X12) -> 38064.516 | AA12: wechselhaft | AB12: 19 | AC12: °C | AF12: =SUM(C12+E12+G12+I12+K12+O12+W12) -> 12159.6
A13: =SUM(A12+1) -> 8 | B13: Di | C13: 13442.6 | D13: 5883.871 | E13: 233.9 | F13: 13225.806 | G13: 194 | H13: 806.45161 | I13: 0 | K13: 1600 | M13: =K13+L13 -> 1600 | N13: 5161.2903 | O13: 323.1 | P13: 1801 | Q13: =O13+P13 -> 2124.1 | R13: 1290.3226 | S13: 16253.78 | T13: 8954.8387 | U13: =SUM(C13+E13+G13+I13+K13+Q13+S13) -> 33848.38 | V13: =SUM(D13+F13+H13+J13+N13+R13+T13) -> 35322.581 | W13: 0 | X13: 2741.9355 | Y13: =SUM(U13+W13) -> 33848.38 | Z13: =SUM(V13+X13) -> 38064.516 | AA13: wechselhaft | AB13: 20 | AC13: °C | AF13: =SUM(C13+E13+G13+I13+K13+O13+W13) -> 15793.6
A14: =SUM(A13+1) -> 9 | B14: Mi | C14: 4839.8 | D14: 5883.871 | E14: 17539.2 | F14: 13225.806 | G14: 955.8 | H14: 806.45161 | I14: 0 | K14: 0 | M14: =K14+L14 -> 0 | N14: 5161.2903 | O14: 726.5 | P14: 1803 | Q14: =O14+P14 -> 2529.5 | R14: 1290.3226 | S14: 10425.4 | T14: 8954.8387 | U14: =SUM(C14+E14+G14+I14+K14+Q14+S14) -> 36289.7 | V14: =SUM(D14+F14+H14+J14+N14+R14+T14) -> 35322.581 | W14: 432.2 | X14: 2741.9355 | Y14: =SUM(U14+W14) -> 36721.9 | Z14: =SUM(V14+X14) -> 38064.516 | AA14: wechselhaft | AB14: 22 | AC14: °C | AF14: =SUM(C14+E14+G14+I14+K14+O14+W14) -> 24493.5
A15: =SUM(A14+1) -> 10 | B15: Do | C15: 1514.1 | D15: 5883.871 | E15: 19937.1 | F15: 13225.806 | G15: 856.2 | H15: 806.45161 | I15: 0 | K15: 7107 | M15: =K15+L15 -> 7107 | N15: 5161.2903 | O15: 141 | P15: 912 | Q15: =O15+P15 -> 1053 | R15: 1290.3226 | S15: 12932.95 | T15: 8954.8387 | U15: =SUM(C15+E15+G15+I15+K15+Q15+S15) -> 43400.35 | V15: =SUM(D15+F15+H15+J15+N15+R15+T15) -> 35322.581 | W15: 2012.1 | X15: 2741.9355 | Y15: =SUM(U15+W15) -> 45412.45 | Z15: =SUM(V15+X15) -> 38064.516 | AA15: sonnig | AB15: 23 | AC15: °C | AF15: =SUM(C15+E15+G15+I15+K15+O15+W15) -> 31567.5
A16: =SUM(A15+1) -> 11 | B16: Fr | C16: 2748.6 | D16: 5883.871 | E16: 19946.2 | F16: 13225.806 | G16: 1317.8 | H16: 806.45161 | I16: 2940 | J16: 4375 | K16: 21489.8 | M16: =K16+L16 -> 21489.8 | N16: 5161.2903 | O16: -62 | P16: 2022 | Q16: =O16+P16 -> 1960 | R16: 1290.3226 | S16: 12481.82 | T16: 8954.8387 | U16: =SUM(C16+E16+G16+I16+K16+Q16+S16) -> 62884.22 | V16: =SUM(D16+F16+H16+J16+N16+R16+T16) -> 39697.581 | W16: 3952.2 | X16: 2741.9355 | Y16: =SUM(U16+W16) -> 66836.42 | Z16: =SUM(V16+X16) -> 42439.516 | AA16: sonnig | AB16: 25 | AC16: °C | AF16: =SUM(C16+E16+G16+I16+K16+O16+W16) -> 52332.6
A17: =SUM(A16+1) -> 12 | B17: Sa | C17: 2249.1 | D17: 5883.871 | E17: 23859.25 | F17: 13225.806 | G17: 1502.4 | H17: 806.45161 | I17: 5766 | J17: 4375 | K17: 25199.9 | M17: =K17+L17 -> 25199.9 | N17: 5161.2903 | O17: 0 | P17: 0 | Q17: =O17+P17 -> 0 | R17: 1290.3226 | S17: 12377.72 | T17: 8954.8387 | U17: =SUM(C17+E17+G17+I17+K17+Q17+S17) -> 70954.37 | V17: =SUM(D17+F17+H17+J17+N17+R17+T17) -> 39697.581 | W17: 5384.4 | X17: 2741.9355 | Y17: =SUM(U17+W17) -> 76338.77 | Z17: =SUM(V17+X17) -> 42439.516 | AA17: sonnig | AB17: 27 | AC17: °C | AF17: =SUM(C17+E17+G17+I17+K17+O17+W17) -> 63961.05
A18: =SUM(A17+1) -> 13 | B18: So | C18: 65.3 | D18: 5883.871 | E18: 23668.8 | F18: 13225.806 | G18: 1315.4 | H18: 806.45161 | I18: 0 | K18: 7895.9 | M18: =K18+L18 -> 7895.9 | N18: 5161.2903 | O18: 0 | P18: 0 | Q18: =O18+P18 -> 0 | R18: 1290.3226 | S18: 6809.88 | T18: 8954.8387 | U18: =SUM(C18+E18+G18+I18+K18+Q18+S18) -> 39755.28 | V18: =SUM(D18+F18+H18+J18+N18+R18+T18) -> 35322.581 | W18: 3161.5 | X18: 2741.9355 | Y18: =SUM(U18+W18) -> 42916.78 | Z18: =SUM(V18+X18) -> 38064.516 | AA18: leicht bewölkt | AB18: 27 | AC18: °C | AF18: =SUM(C18+E18+G18+I18+K18+O18+W18) -> 36106.9
A19: KW | B19: =SUM(B11+1) -> 28 | C19: =SUM(C12:C18) -> 36033.9 | D19: =SUM(D12:D18) -> 41187.097 | E19: =SUM(E12:E18) -> 105513.45 | F19: =SUM(F12:F18) -> 92580.645 | G19: =SUM(G12:G18) -> 6179.3 | H19: =SUM(H12:H18) -> 5645.1613 | I19: =SUM(I12:I18) -> 8706 | J19: =SUM(J12:J18) -> 8750 | ... Z19: =SUM(Z12:Z18) -> 275201.61 | AA19: Ø Temp | AB19: =SUM(AB12:AB18)/7 -> 23.285714 | AC19: °C | AF19: =SUM(C19+E19+G19+I19+K19+O19+W19) -> 236414.75
A20: =SUM(A18+1) -> 14 | B20: Mo | C20: 2377.4 | D20: 5883.871 | E20: 10946.3 | F20: 13225.806 | G20: 880.7 | H20: 806.45161 | I20: 0 | K20: 0 | M20: =K20+L20 -> 0 | N20: 5161.2903 | O20: 609.8 | P20: 100 | Q20: =O20+P20 -> 709.8 | R20: 1290.3226 | S20: 5735.77 | T20: 8954.8387 | U20: =SUM(C20+E20+G20+I20+K20+Q20+S20) -> 20649.97 | V20: =SUM(D20+F20+H20+J20+N20+R20+T20) -> 35322.581 | W20: 631.4 | X20: 2741.9355 | Y20: =SUM(U20+W20) -> 21281.37 | Z20: =SUM(V20+X20) -> 38064.516 | AA20: bewölkt, teilweise Regen | AB20: 25 | AC20: °C | AF20: =SUM(C20+E20+G20+I20+K20+O20+W20) -> 15445.6
A21: =SUM(A20+1) -> 15 | B21: Di | C21: 1343.8 | D21: 5883.871 | E21: 12846.35 | F21: 13225.806 | G21: 879.3 | H21: 806.45161 | I21: 0 | K21: 2150.4 | M21: =K21+L21 -> 2150.4 | N21: 5161.2903 | O21: 464.8 | P21: 1818 | Q21: =O21+P21 -> 2282.8 | R21: 1290.3226 | S21: 8095.12 | T21: 8954.8387 | U21: =SUM(C21+E21+G21+I21+K21+Q21+S21) -> 27597.77 | V21: =SUM(D21+F21+H21+J21+N21+R21+T21) -> 35322.581 | W21: 525 | X21: 2741.9355 | Y21: =SUM(U21+W21) -> 28122.77 | Z21: =SUM(V21+X21) -> 38064.516 | AA21: bewölkt | AB21: 25 | AC21: °C | AF21: =SUM(C21+E21+G21+I21+K21+O21+W21) -> 18209.65
A22: =SUM(A21+1) -> 16 | B22: Mi | C22: 14852.2 | D22: 5883.871 | E22: 2560.7 | F22: 13225.806 | G22: 462.8 | H22: 806.45161 | I22: 0 | K22: 0 | M22: =K22+L22 -> 0 | N22: 5161.2903 | O22: 458.6 | P22: 2847 | Q22: =O22+P22 -> 3305.6 | R22: 1290.3226 | S22: 7754.33 | T22: 8954.8387 | U22: =SUM(C22+E22+G22+I22+K22+Q22+S22) -> 28935.63 | V22: =SUM(D22+F22+H22+J22+N22+R22+T22) -> 35322.581 | W22: 0 | X22: 2741.9355 | Y22: =SUM(U22+W22) -> 28935.63 | Z22: =SUM(V22+X22) -> 38064.516 | AA22: bewölkt | AB22: 25 | AC22: °C | AF22: =SUM(C22+E22+G22+I22+K22+O22+W22) -> 18334.3
A23: =SUM(A22+1) -> 17 | B23: Do | C23: 2542.6 | D23: 5883.871 | E23: 15594.2 | F23: 13225.806 | G23: 1350.2 | H23: 806.45161 | I23: 0 | K23: 2020 | M23: =K23+L23 -> 2020 | N23: 5161.2903 | O23: 18 | P23: 1138 | Q23: =O23+P23 -> 1156 | R23: 1290.3226 | S23: 7680.6 | T23: 8954.8387 | U23: =SUM(C23+E23+G23+I23+K23+Q23+S23) -> 30343.6 | V23: =SUM(D23+F23+H23+J23+N23+R23+T23) -> 35322.581 | W23: 1190 | X23: 2741.9355 | Y23: =SUM(U23+W23) -> 31533.6 | Z23: =SUM(V23+X23) -> 38064.516 | AA23: wechselhaft | AB23: 25 | AC23: °C | AF23: =SUM(C23+E23+G23+I23+K23+O23+W23) -> 22715
A24: =SUM(A23+1) -> 18 | B24: Fr | C24: 2765.6 | D24: 5883.871 | E24: 21995.3 | F24: 13225.806 | G24: 1931.3 | H24: 806.45161 | I24: 4353.4 | J24: 4375 | K24: 14236.6 | M24: =K24+L24 -> 14236.6 | N24: 5161.2903 | O24: 0 | P24: 0 | Q24: =O24+P24 -> 0 | R24: 1290.3226 | S24: 10967.14 | T24: 8954.8387 | U24: =SUM(C24+E24+G24+I24+K24+Q24+S24) -> 56249.34 | V24: =SUM(D24+F24+H24+J24+N24+R24+T24) -> 39697.581 | W24: 4151.5 | X24: 2741.9355 | Y24: =SUM(U24+W24) -> 60400.84 | Z24: =SUM(V24+X24) -> 42439.516 | AA24: sonnig | AB24: 27 | AC24: °C | AF24: =SUM(C24+E24+G24+I24+K24+O24+W24) -> 49433.7
A25: =SUM(A24+1) -> 19 | B25: Sa | C25: 10422.5 | D25: 5883.871 | E25: 11827.7 | F25: 13225.806 | G25: 1094.4 | H25: 806.45161 | I25: 5480 | J25: 4375 | K25: 12657.8 | M25: =K25+L25 -> 12657.8 | N25: 5161.2903 | O25: 0 | P25: 0 | Q25: =O25+P25 -> 0 | R25: 1290.3226 | S25: 13295.46 | T25: 8954.8387 | U25: =SUM(C25+E25+G25+I25+K25+Q25+S25) -> 54777.86 | V25: =SUM(D25+F25+H25+J25+N25+R25+T25) -> 39697.581 | W25: 735.9 | X25: 2741.9355 | Y25: =SUM(U25+W25) -> 55513.76 | Z25: =SUM(V25+X25) -> 42439.516 | AA25: bewölkt, teilweise Regen | AB25: 26 | AC25: °C | AF25: =SUM(C25+E25+G25+I25+K25+O25+W25) -> 42218.3
A26: =SUM(A25+1) -> 20 | B26: So | C26: 7907.1 | D26: 5883.871 | E26: 15395.7 | F26: 13225.806 | G26: 1255.7 | H26: 806.45161 | I26: 0 | K26: 3495.8 | M26: =K26+L26 -> 3495.8 | N26: 5161.2903 | O26: 0 | P26: 0 | Q26: =O26+P26 -> 0 | R26: 1290.3226 | S26: 7265.67 | T26: 8954.8387 | U26: =SUM(C26+E26+G26+I26+K26+Q26+S26) -> 35319.97 | V26: =SUM(D26+F26+H26+J26+N26+R26+T26) -> 35322.581 | W26: 1722 | X26: 2741.9355 | Y26: =SUM(U26+W26) -> 37041.97 | Z26: =SUM(V26+X26) -> 38064.516 | AA26: bewölkt | AB26: 26 | AC26: °C | AF26: =SUM(C26+E26+G26+I26+K26+O26+W26) -> 29776.3
A27: KW | B27: =SUM(B19+1) -> 29 | C27: =SUM(C20:C26) -> 42211.2 | D27: =SUM(D20:D26) -> 41187.097 | E27: =SUM(E20:E26) -> 91166.25 | F27: =SUM(F20:F26) -> 92580.645 | G27: =SUM(G20:G26) -> 7854.4 | H27: =SUM(H20:H26) -> 5645.1613 | I27: =SUM(I20:I26) -> 9833.4 | J27: =SUM(J20:J26) -> 8750 | ... Z27: =SUM(Z20:Z26) -> 275201.61 | AA27: Ø Temp | AB27: =SUM(AB20:AB26)/7 -> 25.571429 | AC27: °C | AF27: =SUM(C27+E27+G27+I27+K27+O27+W27) -> 196132.85
A28: =SUM(A26+1) -> 21 | B28: Mo | C28: 8408.1 | D28: 5883.871 | E28: 3150.4 | F28: 13225.806 | G28: 417.7 | H28: 806.45161 | I28: 0 | K28: 1800 | M28: =K28+L28 -> 1800 | N28: 5161.2903 | O28: 0 | P28: 0 | Q28: =O28+P28 -> 0 | R28: 1290.3226 | S28: 6939.35 | T28: 8954.8387 | U28: =SUM(C28+E28+G28+I28+K28+Q28+S28) -> 20715.55 | V28: =SUM(D28+F28+H28+J28+N28+R28+T28) -> 35322.581 | W28: 0 | X28: 2741.9355 | Y28: =SUM(U28+W28) -> 20715.55 | Z28: =SUM(V28+X28) -> 38064.516 | AA28: bewölkt, teilweise Regen | AB28: 22 | AC28: °C | AF28: =SUM(C28+E28+G28+I28+K28+O28+W28) -> 13776.2
A29: =SUM(A28+1) -> 22 | B29: Di | C29: 9088.4 | D29: 5883.871 | E29: 9935.6 | F29: 13225.806 | G29: 623.1 | H29: 806.45161 | I29: 0 | K29: 95 | M29: =K29+L29 -> 95 | N29: 5161.2903 | O29: 841 | P29: 2115 | Q29: =O29+P29 -> 2956 | R29: 1290.3226 | S29: 9542.2 | T29: 8954.8387 | U29: =SUM(C29+E29+G29+I29+K29+Q29+S29) -> 32240.3 | V29: =SUM(D29+F29+H29+J29+N29+R29+T29) -> 35322.581 | W29: 478.4 | X29: 2741.9355 | Y29: =SUM(U29+W29) -> 32718.7 | Z29: =SUM(V29+X29) -> 38064.516 | AA29: bewölkt | AB29: 23 | AC29: °C | AF29: =SUM(C29+E29+G29+I29+K29+O29+W29) -> 21061.5
A30: =SUM(A29+1) -> 23 | B30: Mi | C30: 1309.1 | D30: 5883.871 | E30: 18597.5 | F30: 13225.806 | G30: 479.9 | H30: 806.45161 | I30: 0 | K30: 0 | M30: =K30+L30 -> 0 | N30: 5161.2903 | O30: 107.1 | P30: 1403 | Q30: =O30+P30 -> 1510.1 | R30: 1290.3226 | S30: 9812.82 | T30: 8954.8387 | U30: =SUM(C30+E30+G30+I30+K30+Q30+S30) -> 31709.42 | V30: =SUM(D30+F30+H30+J30+N30+R30+T30) -> 35322.581 | W30: 1686 | X30: 2741.9355 | Y30: =SUM(U30+W30) -> 33395.42 | Z30: =SUM(V30+X30) -> 38064.516 | AA30: sonnig | AB30: 25 | AC30: °C | AF30: =SUM(C30+E30+G30+I30+K30+O30+W30) -> 22179.6
A31: =SUM(A30+1) -> 24 | B31: Do | C31: 11031.8 | D31: 5883.871 | E31: 98.2 | F31: 13225.806 | G31: 265.3 | H31: 806.45161 | I31: 0 | K31: 225 | M31: =K31+L31 -> 225 | N31: 5161.2903 | O31: 227.6 | P31: 771 | Q31: =O31+P31 -> 998.6 | R31: 1290.3226 | S31: 8691.76 | T31: 8954.8387 | U31: =SUM(C31+E31+G31+I31+K31+Q31+S31) -> 21310.66 | V31: =SUM(D31+F31+H31+J31+N31+R31+T31) -> 35322.581 | W31: 0 | X31: 2741.9355 | Y31: =SUM(U31+W31) -> 21310.66 | Z31: =SUM(V31+X31) -> 38064.516 | AA31: regen | AB31: 20 | AC31: °C | AF31: =SUM(C31+E31+G31+I31+K31+O31+W31) -> 11847.9
A32: =SUM(A31+1) -> 25 | B32: Fr | C32: 8839.8 | D32: 5883.871 | E32: 5497.1 | F32: 13225.806 | G32: 973.1 | H32: 806.45161 | I32: 4389.5 | J32: 4375 | K32: 17884.6 | M32: =K32+L32 -> 17884.6 | N32: 5161.2903 | O32: 0 | P32: 0 | Q32: =O32+P32 -> 0 | R32: 1290.3226 | S32: 8860.47 | T32: 8954.8387 | U32: =SUM(C32+E32+G32+I32+K32+Q32+S32) -> 46444.57 | V32: =SUM(D32+F32+H32+J32+N32+R32+T32) -> 39697.581 | W32: 0 | X32: 2741.9355 | Y32: =SUM(U32+W32) -> 46444.57 | Z32: =SUM(V32+X32) -> 42439.516 | AA32: regen | AB32: 20 | AC32: °C | AF32: =SUM(C32+E32+G32+I32+K32+O32+W32) -> 37584.1
A33: =SUM(A32+1) -> 26 | B33: Sa | C33: 12300.19 | D33: 5883.871 | E33: 1505.3 | F33: 13225.806 | G33: 716.2 | H33: 806.45161 | I33: 3669 | J33: 4375 | K33: 31487.4 | M33: =K33+L33 -> 31487.4 | N33: 5161.2903 | O33: 0 | P33: 0 | Q33: =O33+P33 -> 0 | R33: 1290.3226 | S33: 10381.62 | T33: 8954.8387 | U33: =SUM(C33+E33+G33+I33+K33+Q33+S33) -> 60059.71 | V33: =SUM(D33+F33+H33+J33+N33+R33+T33) -> 39697.581 | W33: 0 | X33: 2741.9355 | Y33: =SUM(U33+W33) -> 60059.71 | Z33: =SUM(V33+X33) -> 42439.516 | AA33: wechselnd bewölkt | AB33: 17 | AC33: °C | AF33: =SUM(C33+E33+G33+I33+K33+O33+W33) -> 49678.09
A34: =SUM(A33+1) -> 27 | B34: So | C34: 14066.4 | D34: 5883.871 | E34: 1555.1 | F34: 13225.806 | G34: 561.8 | H34: 806.45161 | I34: 3928.5 | K34: 8908.2 | M34: =K34+L34 -> 8908.2 | N34: 5161.2903 | O34: 0 | P34: 0 | Q34: =O34+P34 -> 0 | R34: 1290.3226 | S34: 7788.19 | T34: 8954.8387 | U34: =SUM(C34+E34+G34+I34+K34+Q34+S34) -> 36808.19 | V34: =SUM(D34+F34+H34+J34+N34+R34+T34) -> 35322.581 | W34: 0 | X34: 2741.9355 | Y34: =SUM(U34+W34) -> 36808.19 | Z34: =SUM(V34+X34) -> 38064.516 | AA34: wechselnd bewölkt | AB34: 19 | AC34: °C | AF34: =SUM(C34+E34+G34+I34+K34+O34+W34) -> 29020
A35: KW | B35: =SUM(B27+1) -> 30 | C35: =SUM(C28:C34) -> 65043.79 | D35: =SUM(D28:D34) -> 41187.097 | E35: =SUM(E28:E34) -> 40339.2 | F35: =SUM(F28:F34) -> 92580.645 | G35: =SUM(G28:G34) -> 4037.1 | H35: =SUM(H28:H34) -> 5645.1613 | I35: =SUM(I28:I34) -> 11987 | J35: =SUM(J28:J34) -> 8750 | ... Z35: =SUM(Z28:Z34) -> 275201.61 | AA35: Ø Temp | AB35: =SUM(AB28:AB34)/6 -> 24.333333 | AC35: °C | AF35: =SUM(C35+E35+G35+I35+K35+O35+W35) -> 185147.39
A36: =SUM(A34+1) -> 28 | B36: Mo | C36: 11987 | D36: 5883.871 | E36: 0 | F36: 13225.806 | G36: 0 | H36: 806.45161 | I36: 0 | K36: 59 | M36: =K36+L36 -> 59 | N36: 5161.2903 | O36: 0 | P36: 0 | Q36: =O36+P36 -> 0 | R36: 1290.3226 | S36: 8853.51 | T36: 8954.8387 | U36: =SUM(C36+E36+G36+I36+K36+Q36+S36) -> 20899.51 | V36: =SUM(D36+F36+H36+J36+N36+R36+T36) -> 35322.581 | W36: 0 | X36: 2741.9355 | Y36: =SUM(U36+W36) -> 20899.51 | Z36: =SUM(V36+X36) -> 38064.516 | AA36: regen | AB36: 14 | AC36: °C | AF36: =SUM(C36+E36+G36+I36+K36+O36+W36) -> 12046
A37: =SUM(A36+1) -> 29 | B37: Di. | C37: 7481.6 | D37: 5883.871 | E37: 7418.9 | F37: 13225.806 | G37: 617 | H37: 806.45161 | I37: 0 | K37: 406 | M37: =K37+L37 -> 406 | N37: 5161.2903 | O37: 0 | P37: 0 | Q37: =O37+P37 -> 0 | R37: 1290.3226 | S37: 8726.28 | T37: 8954.8387 | U37: =SUM(C37+E37+G37+I37+K37+Q37+S37) -> 24649.78 | V37: =SUM(D37+F37+H37+J37+N37+R37+T37) -> 35322.581 | W37: 0 | X37: 2741.9355 | Y37: =SUM(U37+W37) -> 24649.78 | Z37: =SUM(V37+X37) -> 38064.516 | AA37: bewölkt, teilweise Regen | AB37: 15 | AC37: °C | AF37: =SUM(C37+E37+G37+I37+K37+O37+W37) -> 15923.5
A38: =SUM(A37+1) -> 30 | B38: Mi. | C38: 11523.3 | D38: 5883.871 | E38: 3740 | F38: 13225.806 | G38: 746.5 | H38: 806.45161 | I38: 0 | K38: 0 | M38: =K38+L38 -> 0 | N38: 5161.2903 | O38: 0 | P38: 0 | Q38: =O38+P38 -> 0 | R38: 1290.3226 | S38: 10323.3 | T38: 8954.8387 | U38: =SUM(C38+E38+G38+I38+K38+Q38+S38) -> 26333.1 | V38: =SUM(D38+F38+H38+J38+N38+R38+T38) -> 35322.581 | W38: 17.5 | X38: 2741.9355 | Y38: =SUM(U38+W38) -> 26350.6 | Z38: =SUM(V38+X38) -> 38064.516 | AA38: bewölkt | AB38: 19 | AC38: °C | AF38: =SUM(C38+E38+G38+I38+K38+O38+W38) -> 16027.3
A39: =SUM(A38+1) -> 31 | B39: Do. | C39: 2448.6 | D39: 5883.871 | E39: 13056.9 | F39: 13225.806 | G39: 630.3 | H39: 806.45161 | I39: 0 | K39: 2382 | M39: =K39+L39 -> 2382 | N39: 5161.2903 | O39: 0 | P39: 0 | Q39: =O39+P39 -> 0 | R39: 1290.3226 | S39: 9339.43 | T39: 8954.8387 | U39: =SUM(C39+E39+G39+I39+K39+Q39+S39) -> 27857.23 | V39: =SUM(D39+F39+H39+J39+N39+R39+T39) -> 35322.581 | W39: 181.3 | X39: 2741.9355 | Y39: =SUM(U39+W39) -> 28038.53 | Z39: =SUM(V39+X39) -> 38064.516 | AA39: wechselhaft | AB39: 22 | AC39: °C | AF39: =SUM(C39+E39+G39+I39+K39+O39+W39) -> 18699.1
A40: KW | B40: =SUM(B35+1) -> 31 | C40: =SUM(C36:C39) -> 33440.5 | D40: =SUM(D36:D39) -> 23535.484 | E40: =SUM(E36:E39) -> 24215.8 | F40: =SUM(F36:F39) -> 52903.226 | G40: =SUM(G36:G39) -> 1993.8 | H40: =SUM(H36:H39) -> 3225.8065 | I40: =SUM(I36:I39) -> 0 | J40: =SUM(J36:J39) -> 0 | ... Z40: =SUM(Z36:Z39) -> 152258.06 | AA40: Ø Temp | AB40: =SUM(AB39)/1 -> 22 | AC40: °C | AF40: =SUM(C40+E40+G40+I40+K40+O40+W40) -> 62695.9
A41: Umsatz kumuliert | C41: =SUM(C11+C19+C27+C35+C40) -> 199439.19 | D41: =SUM(D11+D19+D27+D35+D40) -> 182400 | E41: =SUM(E11+E19+E27+E35+E40) -> 357629.45 | F41: =SUM(F11+F19+F27+F35+F40) -> 410000 | G41: =SUM(G11+G19+G27+G35+G40) -> 26163.8 | H41: =SUM(H11+H19+H27+H35+H40) -> 25000 | I41: =SUM(I11+I19+I27+I35+I40) -> 40328.2 | J41: =SUM(J11+J19+J27+J35+J40) -> 35000 | ... Z41: =SUM(Z11+Z19+Z27+Z35+Z40) -> 1215000 | AA41: Umsatz kumuliert | AF41: =SUM(C41+E41+G41+I41+K41+O41+W41) -> 900863.14
A42: Umsatz pro Tag | C42: =C41/31 -> 6433.5223 | D42: =D41/31 -> 5883.871 | E42: =E41/31 -> 11536.434 | F42: =F41/31 -> 13225.806 | G42: =G41/31 -> 843.99355 | H42: =H41/31 -> 806.45161 | I42: =I41/31 -> 1300.9097 | J42: =J41/31 -> 1129.0323 | K42: =K41/31 -> 7042.3581 | N42: =N41/31 -> 5161.2903 | O42: =O41/30 -> 256.15333 | R42: =R41/30 -> 1333.3333 | S42: =S41/31 -> 9871.931 | T42: =T41/31 -> 8954.8387 | U42: =U41/31 -> 39089.729 | V42: =V41/31 -> 36451.613 | W42: =W41/31 -> 1654.9935 | X42: =X41/31 -> 2741.9355 | Y42: =Y41/31 -> 40744.723 | Z42: =Z41/31 -> 39193.548 | AA42: Budget pro Tag
A43: Diff. zu Budget | C43: =SUM(C41-D41) -> 17039.19 | E43: =SUM(E41-F41) -> -52370.55 | G43: =SUM(G41-H41) -> 1163.8 | I43: =SUM(I41-J41) -> 5328.2 | M43: =SUM(M41-N41) -> 58313.1 | R43: =SUM(Q41-R41) -> 23878 | S43: =SUM(S41-T41) -> 28429.86 | U43: =SUM(U41-V41) -> 81781.6 | W43: =SUM(W41-X41) -> -33695.2 | Y43: =SUM(Y41-Z41) -> 48086.4
A44: Index | C44: =SUM(100/D41*C41) -> 109.34166 | E44: =SUM(100/F41*E41) -> 87.226695 | G44: =SUM(100/H41*G41) -> 104.6552 | I44: =SUM(100/J41*I41) -> 115.22343 | M44: =SUM(100/N41*M41) -> 136.44569 | Q44: =SUM(100/R41*Q41) -> 159.695 | S44: =SUM(100/T41*S41) -> 110.2413 | U44: =SUM(100/V41*U41) -> 107.23731 | W44: =SUM(100/X41*W41) -> 60.358588 | Y44: =SUM(100/Z41*Y41) -> 103.95773
C46: ok 30.07.2025 | E46: ok 30.07.2025 | G46: ok 30.07.2025 | I46: ok 30.07.2025 | K46: ok 30.07.2025 | O46: ok 30.07.2025 | P46: ok 27.07/js | S46: ok 30.07.2025 | W46: ok 30.07.2025

Sheet 08_25
A1: Tagesumsätze | H1: 45870
C3: Restaurant | E3: Terrasse | G3: Lounge | I3: Pavillon | K3: Bankett | O3: Seminar | S3: Hotel | U3: TOTAL Gesamtbetrieb ohne Seebad | W3: Seebad | Y3: TOTAL Gesamtbetrieb mit Seebad | AA3: Info's | AF3: Gegenkontrolle Gastronovi
C4: IST | D4: Budget | E4: IST | F4: Budget | G4: IST | H4: Budget | I4: IST | J4: Budget | K4: IST/GN | L4: IST/ET | M4: TOTAL IST | N4: Budget | O4: IST/GN | P4: IST/ET | Q4: TOTAL IST | R4: Budget | S4: IST | T4: Budget | U4: IST | V4: Budget | W4: IST | X4: Budget | Y4: IST | Z4: Budget | AA4: Wetter | AB4: Temp. | AD4: Bemerkung
A5: 1 | B5: Fr | C5: 16792.9 | D5: 4193.5484 | E5: 4573.4 | F5: 13967.742 | G5: 1516.7 | H5: 870.96774 | I5: 3405 | J5: 3500 | K5: 10837 | M5: =K5+L5 -> 10837 | N5: 5829.0323 | O5: 0 | P5: 0 | Q5: =O5+P5 -> 0 | R5: 3225.8065 | S5: 13191.83 | T5: 9493.5484 | U5: =SUM(C5+E5+G5+I5+M5+Q5+S5) -> 50316.83 | V5: =SUM(D5+F5+H5+J5+N5+R5+T5) -> 41080.645 | W5: 72 | X5: 3225.8065 | Y5: =SUM(U5+W5) -> 50388.83 | Z5: =SUM(V5+X5) -> 44306.452 | AA5: wechselhaft | AB5: 18 | AC5: °C | AD5: Nationalfeiertag | AF5: =C5+E5+G5+I5+K5+O5+W5 -> 37197
A6: =SUM(A5+1) -> 2 | B6: Sa | C6: 14403.5 | D6: 4193.5484 | E6: 128.7 | F6: 13967.742 | G6: 42.5 | H6: 870.96774 | I6: 3293.5 | J6: 3500 | K6: 20168.2 | M6: =K6+L6 -> 20168.2 | N6: 5829.0323 | O6: 0 | P6: 0 | Q6: =O6+P6 -> 0 | R6: 3225.8065 | S6: 10972.9 | T6: 9493.5484 | U6: =SUM(C6+E6+G6+I6+M6+Q6+S6) -> 49009.3 | V6: =SUM(D6+F6+H6+J6+N6+R6+T6) -> 41080.645 | W6: 0 | X6: 3225.8065 | Y6: =SUM(U6+W6) -> 49009.3 | Z6: =SUM(V6+X6) -> 44306.452 | AA6: wechselhaft | AB6: 17 | AC6: °C | AF6: =C6+E6+G6+I6+K6+O6+W6 -> 38036.4
A7: =SUM(A6+1) -> 3 | B7: So | C7: 10387.9 | D7: 4193.5484 | E7: 3798.2 | F7: 13967.742 | G7: 761.4 | H7: 870.96774 | I7: 0 | K7: 534 | M7: =K7+L7 -> 534 | N7: 5829.0323 | O7: 0 | P7: 0 | Q7: =O7+P7 -> 0 | R7: 3225.8065 | S7: 7703.19 | T7: 9493.5484 | U7: =SUM(C7+E7+G7+I7+M7+Q7+S7) -> 23184.69 | V7: =SUM(D7+F7+H7+J7+N7+R7+T7) -> 37580.645 | X7: 3225.8065 | Y7: =SUM(U7+W7) -> 23184.69 | Z7: =SUM(V7+X7) -> 40806.452 | AA7: wechselhaft | AB7: 18 | AC7: °C | AF7: =C7+E7+G7+I7+K7+O7+W7 -> 15481.5
A8: KW | B8: =SUM(30+1) -> 31 | C8: =SUM(C5:C7) -> 41584.3 | D8: =SUM(D5:D7) -> 12580.645 | E8: =SUM(E5:E7) -> 8500.3 | F8: =SUM(F5:F7) -> 41903.226 | G8: =SUM(G5:G7) -> 2320.6 | H8: =SUM(H5:H7) -> 2612.9032 | I8: =SUM(I5:I7) -> 6698.5 | J8: =SUM(J5:J7) -> 7000 | ... Z8: =SUM(Z5:Z7) -> 129419.35 | AA8: Ø Temp | AB8: =SUM(AB5:AB7)/6 -> 8.8333333 | AC8: °C
A9: =SUM(A7+1) -> 4 | B9: Mo | C9: 2764.7 | D9: 4193.5484 | E9: 12383.4 | F9: 13967.742 | G9: 476.3 | H9: 870.96774 | I9: 0 | K9: 0 | M9: =K9+L9 -> 0 | N9: 5829.0323 | O9: 861 | P9: 1268 | Q9: =O9+P9 -> 2129 | R9: 3225.8065 | S9: 9578 | T9: 9493.5484 | U9: =SUM(C9+E9+G9+I9+M9+Q9+S9) -> 27331.4 | V9: =SUM(D9+F9+H9+J9+N9+R9+T9) -> 37580.645 | W9: 402.1 | X9: 3225.8065 | Y9: =SUM(U9+W9) -> 27733.5 | Z9: =SUM(V9+X9) -> 40806.452 | AA9: wechselhaft | AB9: 21 | AC9: °C | AF9: =C9+E9+G9+I9+K9+O9+W9 -> 16887.5
A10: =SUM(A9+1) -> 5 | B10: Di | C10: 1406.5 | D10: 4193.5484 | E10: 12667.6 | F10: 13967.742 | G10: 623.4 | H10: 870.96774 | I10: 0 | K10: 895 | M10: =K10+L10 -> 895 | N10: 5829.0323 | O10: 392.7 | P10: 2464 | Q10: =O10+P10 -> 2856.7 | R10: 3225.8065 | S10: 8047.3 | T10: 9493.5484 | U10: =SUM(C10+E10+G10+I10+M10+Q10+S10) -> 26496.5 | V10: =SUM(D10+F10+H10+J10+N10+R10+T10) -> 37580.645 | W10: 602.5 | X10: 3225.8065 | Y10: =SUM(U10+W10) -> 27099 | Z10: =SUM(V10+X10) -> 40806.452 | AA10: sonnig | AB10: 25 | AC10: °C | AF10: =C10+E10+G10+I10+K10+O10+W10 -> 16587.7
A11: =SUM(A10+1) -> 6 | B11: Mi | C11: 3164.8 | D11: 4193.5484 | E11: 17372.9 | F11: 13967.742 | G11: 1236.1 | H11: 870.96774 | I11: 0 | K11: 383.9 | M11: =K11+L11 -> 383.9 | N11: 5829.0323 | O11: 5.7 | P11: 1706 | Q11: =O11+P11 -> 1711.7 | R11: 3225.8065 | S11: 8741.37 | T11: 9493.5484 | U11: =SUM(C11+E11+G11+I11+M11+Q11+S11) -> 32610.77 | V11: =SUM(D11+F11+H11+J11+N11+R11+T11) -> 37580.645 | W11: 565.6 | X11: 3225.8065 | Y11: =SUM(U11+W11) -> 33176.37 | Z11: =SUM(V11+X11) -> 40806.452 | AA11: sonnig | AB11: 25 | AC11: °C | AF11: =C11+E11+G11+I11+K11+O11+W11 -> 22729
A12: =SUM(A11+1) -> 7 | B12: Do | C12: 3536.6 | D12: 4193.5484 | E12: 18578.5 | F12: 13967.742 | G12: 1165.4 | H12: 870.96774 | I12: 0 | K12: 0 | M12: =K12+L12 -> 0 | N12: 5829.0323 | O12: 0 | P12: 0 | Q12: =O12+P12 -> 0 | R12: 3225.8065 | S12: 9340.79 | T12: 9493.5484 | U12: =SUM(C12+E12+G12+I12+M12+Q12+S12) -> 32621.29 | V12: =SUM(D12+F12+H12+J12+N12+R12+T12) -> 37580.645 | W12: 3743.6 | X12: 3225.8065 | Y12: =SUM(U12+W12) -> 36364.89 | Z12: =SUM(V12+X12) -> 40806.452 | AA12: sonnig | AB12: 27 | AC12: °C | AF12: =C12+E12+G12+I12+K12+O12+W12 -> 27024.1
A13: =SUM(A12+1) -> 8 | B13: Fr | C13: 2253.9 | D13: 4193.5484 | E13: 19598.9 | F13: 13967.742 | G13: 1467.9 | H13: 870.96774 | I13: 4284 | J13: 3500 | K13: 23705.5 | M13: =K13+L13 -> 23705.5 | N13: 5829.0323 | O13: 0 | P13: 0 | Q13: =O13+P13 -> 0 | R13: 3225.8065 | S13: 12517.07 | T13: 9493.5484 | U13: =SUM(C13+E13+G13+I13+M13+Q13+S13) -> 63827.27 | V13: =SUM(D13+F13+H13+J13+N13+R13+T13) -> 41080.645 | W13: 6922.7 | X13: 3225.8065 | Y13: =SUM(U13+W13) -> 70749.97 | Z13: =SUM(V13+X13) -> 44306.452 | AA13: sonnig | AB13: 30 | AC13: °C | AF13: =C13+E13+G13+I13+K13+O13+W13 -> 58232.9
A14: =SUM(A13+1) -> 9 | B14: Sa | C14: 3462.6 | D14: 4193.5484 | E14: 20395.1 | F14: 13967.742 | G14: 1506.1 | H14: 870.96774 | I14: 6850 | J14: 3500 | K14: 21357.5 | M14: =K14+L14 -> 21357.5 | N14: 5829.0323 | O14: 0 | P14: 0 | Q14: =O14+P14 -> 0 | R14: 3225.8065 | S14: 14859.71 | T14: 9493.5484 | U14: =SUM(C14+E14+G14+I14+M14+Q14+S14) -> 68431.01 | V14: =SUM(D14+F14+H14+J14+N14+R14+T14) -> 41080.645 | W14: 7219.6 | X14: 3225.8065 | Y14: =SUM(U14+W14) -> 75650.61 | Z14: =SUM(V14+X14) -> 44306.452 | AA14: sonnig | AB14: 32 | AC14: °C | AF14: =C14+E14+G14+I14+K14+O14+W14 -> 60790.9
A15: =SUM(A14+1) -> 10 | B15: So | C15: 2829.5 | D15: 4193.5484 | E15: 22864.1 | F15: 13967.742 | G15: 1270.7 | H15: 870.96774 | I15: 0 | K15: 0 | M15: =K15+L15 -> 0 | N15: 5829.0323 | O15: 0 | P15: 0 | Q15: =O15+P15 -> 0 | R15: 3225.8065 | S15: 11349.66 | T15: 9493.5484 | U15: =SUM(C15+E15+G15+I15+M15+Q15+S15) -> 38313.96 | V15: =SUM(D15+F15+H15+J15+N15+R15+T15) -> 37580.645 | W15: 13641.6 | X15: 3225.8065 | Y15: =SUM(U15+W15) -> 51955.56 | Z15: =SUM(V15+X15) -> 40806.452 | AA15: sonnig | AB15: 32 | AC15: °C | AF15: =C15+E15+G15+I15+K15+O15+W15 -> 40605.9
A16: KW | B16: =SUM(B8+1) -> 32 | C16: =SUM(C9:C15) -> 19418.6 | D16: =SUM(D9:D15) -> 29354.839 | E16: =SUM(E9:E15) -> 123860.5 | F16: =SUM(F9:F15) -> 97774.194 | G16: =SUM(G9:G15) -> 7745.9 | H16: =SUM(H9:H15) -> 6096.7742 | I16: =SUM(I9:I15) -> 11134 | J16: =SUM(J9:J15) -> 7000 | ... Z16: =SUM(Z9:Z15) -> 292645.16 | AA16: Ø Temp | AB16: =SUM(AB9:AB15)/7 -> 27.428571 | AC16: °C
A17: =SUM(A15+1) -> 11 | B17: Mo | C17: 378.8 | D17: 4193.5484 | E17: 16104.3 | F17: 13967.742 | G17: 1022.1 | H17: 870.96774 | I17: 0 | K17: 0 | M17: =K17+L17 -> 0 | N17: 5829.0323 | O17: 0 | P17: 0 | Q17: =O17+P17 -> 0 | R17: 3225.8065 | S17: 8145.79 | T17: 9493.5484 | U17: =SUM(C17+E17+G17+I17+M17+Q17+S17) -> 25650.99 | V17: =SUM(D17+F17+H17+J17+N17+R17+T17) -> 37580.645 | W17: 4750.7 | X17: 3225.8065 | Y17: =SUM(U17+W17) -> 30401.69 | Z17: =SUM(V17+X17) -> 40806.452 | AA17: sonnig | AB17: 30 | AC17: °C | AF17: =C17+E17+G17+I17+K17+O17+W17 -> 22255.9
A18: =SUM(A17+1) -> 12 | B18: Di | C18: 1865.2 | D18: 4193.5484 | E18: 18965.4 | F18: 13967.742 | G18: 825.7 | H18: 870.96774 | I18: 0 | K18: 0 | M18: =K18+L18 -> 0 | N18: 5829.0323 | O18: 1822.1 | P18: 444 | Q18: =O18+P18 -> 2266.1 | R18: 3225.8065 | S18: 10720.85 | T18: 9493.5484 | U18: =SUM(C18+E18+G18+I18+M18+Q18+S18) -> 34643.25 | V18: =SUM(D18+F18+H18+J18+N18+R18+T18) -> 37580.645 | W18: 6450.6 | X18: 3225.8065 | Y18: =SUM(U18+W18) -> 41093.85 | Z18: =SUM(V18+X18) -> 40806.452 | AA18: sonnig | AB18: 33 | AC18: °C | AF18: =C18+E18+G18+I18+K18+O18+W18 -> 29929
A19: =SUM(A18+1) -> 13 | B19: Mi | C19: 1595.9 | D19: 4193.5484 | E19: 16658 | F19: 13967.742 | G19: 1324.1 | H19: 870.96774 | I19: 0 | K19: 282.6 | M19: =K19+L19 -> 282.6 | N19: 5829.0323 | O19: 252.3 | P19: 3460 | Q19: =O19+P19 -> 3712.3 | R19: 3225.8065 | S19: 9164.27 | T19: 9493.5484 | U19: =SUM(C19+E19+G19+I19+M19+Q19+S19) -> 32737.17 | V19: =SUM(D19+F19+H19+J19+N19+R19+T19) -> 37580.645 | W19: 6954.5 | X19: 3225.8065 | Y19: =SUM(U19+W19) -> 39691.67 | Z19: =SUM(V19+X19) -> 40806.452 | AA19: sonnig | AB19: 33 | AC19: °C | AF19: =C19+E19+G19+I19+K19+O19+W19 -> 27067.4
A20: =SUM(A19+1) -> 14 | B20: Do | C20: 3918.7 | D20: 4193.5484 | E20: 17529.9 | F20: 13967.742 | G20: 1380.2 | H20: 870.96774 | I20: 0 | K20: 280 | M20: =K20+L20 -> 280 | N20: 5829.0323 | O20: 35.8 | P20: 2985 | Q20: =O20+P20 -> 3020.8 | R20: 3225.8065 | S20: 9402.31 | T20: 9493.5484 | U20: =SUM(C20+E20+G20+I20+M20+Q20+S20) -> 35531.91 | V20: =SUM(D20+F20+H20+J20+N20+R20+T20) -> 37580.645 | W20: 5762.4 | X20: 3225.8065 | Y20: =SUM(U20+W20) -> 41294.31 | Z20: =SUM(V20+X20) -> 40806.452 | AA20: sonnig | AB20: 32 | AC20: °C | AF20: =C20+E20+G20+I20+K20+O20+W20 -> 28907
A21: =SUM(A20+1) -> 15 | B21: Fr | C21: 3955 | D21: 4193.5484 | E21: 19378.4 | F21: 13967.742 | G21: 989.5 | H21: 870.96774 | I21: 6345 | J21: 3500 | K21: 20106.3 | M21: =K21+L21 -> 20106.3 | N21: 5829.0323 | O21: 0 | P21: 0 | Q21: =O21+P21 -> 0 | R21: 3225.8065 | S21: 14148.42 | T21: 9493.5484 | U21: =SUM(C21+E21+G21+I21+M21+Q21+S21) -> 64922.62 | V21: =SUM(D21+F21+H21+J21+N21+R21+T21) -> 41080.645 | W21: 8745.3 | X21: 3225.8065 | Y21: =SUM(U21+W21) -> 73667.92 | Z21: =SUM(V21+X21) -> 44306.452 | AA21: sonnig | AB21: 32 | AC21: °C | AD21: Maria Himmelfahrt | AF21: =C21+E21+G21+I21+K21+O21+W21 -> 59519.5
A22: =SUM(A21+1) -> 16 | B22: Sa | C22: 4290.7 | D22: 4193.5484 | E22: 15500.6 | F22: 13967.742 | G22: 1068.4 | H22: 870.96774 | I22: 3491 | J22: 3500 | K22: 15022.8 | M22: =K22+L22 -> 15022.8 | N22: 5829.0323 | O22: 0 | P22: 0 | Q22: =O22+P22 -> 0 | R22: 3225.8065 | S22: 13582.68 | T22: 9493.5484 | U22: =SUM(C22+E22+G22+I22+M22+Q22+S22) -> 52956.18 | V22: =SUM(D22+F22+H22+J22+N22+R22+T22) -> 41080.645 | W22: 7404.7 | X22: 3225.8065 | Y22: =SUM(U22+W22) -> 60360.88 | Z22: =SUM(V22+X22) -> 44306.452 | AA22: sonnig | AB22: 32 | AC22: °C | AF22: =C22+E22+G22+I22+K22+O22+W22 -> 46778.2
A23: =SUM(A22+1) -> 17 | B23: So | C23: 1199.8 | D23: 4193.5484 | E23: 21730 | F23: 13967.742 | G23: 1241.8 | H23: 870.96774 | I23: 3092.5 | K23: 7659.5 | M23: =K23+L23 -> 7659.5 | N23: 5829.0323 | O23: 0 | P23: 0 | Q23: =O23+P23 -> 0 | R23: 3225.8065 | S23: 8743.19 | T23: 9493.5484 | U23: =SUM(C23+E23+G23+I23+M23+Q23+S23) -> 43666.79 | V23: =SUM(D23+F23+H23+J23+N23+R23+T23) -> 37580.645 | W23: 5797.2 | X23: 3225.8065 | Y23: =SUM(U23+W23) -> 49463.99 | Z23: =SUM(V23+X23) -> 40806.452 | AA23: teilweise bewölkt | AB23: 24 | AC23: °C | AF23: =C23+E23+G23+I23+K23+O23+W23 -> 40720.8
A24: KW | B24: =SUM(B16+1) -> 33 | C24: =SUM(C17:C23) -> 17204.1 | D24: =SUM(D17:D23) -> 29354.839 | E24: =SUM(E17:E23) -> 125866.6 | F24: =SUM(F17:F23) -> 97774.194 | G24: =SUM(G17:G23) -> 7851.8 | H24: =SUM(H17:H23) -> 6096.7742 | I24: =SUM(I17:I23) -> 12928.5 | J24: =SUM(J17:J23) -> 7000 | ... Z24: =SUM(Z17:Z23) -> 292645.16 | AA24: Ø Temp | AB24: =SUM(AB17:AB23)/7 -> 30.857143 | AC24: °C
A25: =SUM(A23+1) -> 18 | B25: Mo | C25: 462.2 | D25: 4193.5484 | E25: 10490 | F25: 13967.742 | G25: 721.1 | H25: 870.96774 | I25: 0 | K25: 0 | M25: =K25+L25 -> 0 | N25: 5829.0323 | O25: 2103.9 | P25: 6245 | Q25: =O25+P25 -> 8348.9 | R25: 3225.8065 | S25: 9551.54 | T25: 9493.5484 | U25: =SUM(C25+E25+G25+I25+M25+Q25+S25) -> 29573.74 | V25: =SUM(D25+F25+H25+J25+N25+R25+T25) -> 37580.645 | W25: 3981.7 | X25: 3225.8065 | Y25: =SUM(U25+W25) -> 33555.44 | Z25: =SUM(V25+X25) -> 40806.452 | AA25: sonnig | AB25: 26 | AC25: °C | AF25: =C25+E25+G25+I25+K25+O25+W25 -> 17758.9
A26: =SUM(A25+1) -> 19 | B26: Di | C26: 2692.4 | D26: 4193.5484 | E26: 13642 | F26: 13967.742 | G26: 588 | H26: 870.96774 | I26: 0 | K26: 0 | M26: =K26+L26 -> 0 | N26: 5829.0323 | O26: 405.3 | P26: 5414 | Q26: =O26+P26 -> 5819.3 | R26: 3225.8065 | S26: 8720.63 | T26: 9493.5484 | U26: =SUM(C26+E26+G26+I26+M26+Q26+S26) -> 31462.33 | V26: =SUM(D26+F26+H26+J26+N26+R26+T26) -> 37580.645 | W26: 3883 | X26: 3225.8065 | Y26: =SUM(U26+W26) -> 35345.33 | Z26: =SUM(V26+X26) -> 40806.452 | AA26: sonnig | AB26: 25 | AC26: °C | AF26: =C26+E26+G26+I26+K26+O26+W26 -> 21210.7
A27: =SUM(A26+1) -> 20 | B27: Mi | C27: 6608.3 | D27: 4193.5484 | E27: 2722.4 | F27: 13967.742 | G27: 266.1 | H27: 870.96774 | I27: 0 | K27: 7243.5 | M27: =K27+L27 -> 7243.5 | N27: 5829.0323 | O27: 1616.4 | P27: 7526 | Q27: =O27+P27 -> 9142.4 | R27: 3225.8065 | S27: 9975.06 | T27: 9493.5484 | U27: =SUM(C27+E27+G27+I27+M27+Q27+S27) -> 35957.76 | V27: =SUM(D27+F27+H27+J27+N27+R27+T27) -> 37580.645 | W27: 9 | X27: 3225.8065 | Y27: =SUM(U27+W27) -> 35966.76 | Z27: =SUM(V27+X27) -> 40806.452 | AA27: wechselhaft, gewitter | AB27: 20 | AC27: °C | AF27: =C27+E27+G27+I27+K27+O27+W27 -> 18465.7
A28: =SUM(A27+1) -> 21 | B28: Do | C28: 11148.7 | D28: 4193.5484 | E28: 9.4 | F28: 13967.742 | G28: 39 | H28: 870.96774 | K28: 2359.5 | M28: =K28+L28 -> 2359.5 | N28: 5829.0323 | O28: 2312 | P28: 5091 | Q28: =O28+P28 -> 7403 | R28: 3225.8065 | S28: 9549.74 | T28: 9493.5484 | U28: =SUM(C28+E28+G28+I28+M28+Q28+S28) -> 30509.34 | V28: =SUM(D28+F28+H28+J28+N28+R28+T28) -> 37580.645 | W28: 0 | X28: 3225.8065 | Y28: =SUM(U28+W28) -> 30509.34 | Z28: =SUM(V28+X28) -> 40806.452 | AA28: regen | AB28: 18 | AC28: °C | AF28: =C28+E28+G28+I28+K28+O28+W28 -> 15868.6
A29: =SUM(A28+1) -> 22 | B29: Fr | C29: 12391.1 | D29: 4193.5484 | E29: 6259.3 | F29: 13967.742 | G29: 603.7 | H29: 870.96774 | I29: 0 | J29: 3500 | K29: 15871.6 | M29: =K29+L29 -> 15871.6 | N29: 5829.0323 | O29: 69.2 | P29: 2964 | Q29: =O29+P29 -> 3033.2 | R29: 3225.8065 | S29: 11196.45 | T29: 9493.5484 | U29: =SUM(C29+E29+G29+I29+M29+Q29+S29) -> 49355.35 | V29: =SUM(D29+F29+H29+J29+N29+R29+T29) -> 41080.645 | W29: 140 | X29: 3225.8065 | Y29: =SUM(U29+W29) -> 49495.35 | Z29: =SUM(V29+X29) -> 44306.452 | AA29: wechselhaft | AB29: 21 | AC29: °C | AF29: =C29+E29+G29+I29+K29+O29+W29 -> 35334.9
A30: =SUM(A29+1) -> 23 | B30: Sa | C30: 12479.1 | D30: 4193.5484 | E30: 7178.6 | F30: 13967.742 | G30: 964.6 | H30: 870.96774 | I30: 3396.5 | J30: 3500 | K30: 23208.7 | M30: =K30+L30 -> 23208.7 | N30: 5829.0323 | O30: 0 | P30: 0 | Q30: =O30+P30 -> 0 | R30: 3225.8065 | S30: 15750.16 | T30: 9493.5484 | U30: =SUM(C30+E30+G30+I30+M30+Q30+S30) -> 62977.66 | V30: =SUM(D30+F30+H30+J30+N30+R30+T30) -> 41080.645 | W30: 247.1 | X30: 3225.8065 | Y30: =SUM(U30+W30) -> 63224.76 | Z30: =SUM(V30+X30) -> 44306.452 | AA30: überwiegend bewölkt | AB30: 19 | AC30: °C | AF30: =C30+E30+G30+I30+K30+O30+W30 -> 47474.6
A31: =SUM(A30+1) -> 24 | B31: So | C31: 923.2 | D31: 4193.5484 | E31: 18879.1 | F31: 13967.742 | G31: 1480.1 | H31: 870.96774 | I31: 0 | K31: 7081.7 | M31: =K31+L31 -> 7081.7 | N31: 5829.0323 | O31: 0 | P31: 0 | Q31: =O31+P31 -> 0 | R31: 3225.8065 | S31: 6916.26 | T31: 9493.5484 | U31: =SUM(C31+E31+G31+I31+M31+Q31+S31) -> 35280.36 | V31: =SUM(D31+F31+H31+J31+N31+R31+T31) -> 37580.645 | W31: 8050.7 | X31: 3225.8065 | Y31: =SUM(U31+W31) -> 43331.06 | Z31: =SUM(V31+X31) -> 40806.452 | AA31: sonnig | AB31: 21 | AC31: °C | AF31: =C31+E31+G31+I31+K31+O31+W31 -> 36414.8
A32: KW | B32: =SUM(B24+1) -> 34 | C32: =SUM(C25:C31) -> 46705 | D32: =SUM(D25:D31) -> 29354.839 | E32: =SUM(E25:E31) -> 59180.8 | F32: =SUM(F25:F31) -> 97774.194 | G32: =SUM(G25:G31) -> 4662.6 | H32: =SUM(H25:H31) -> 6096.7742 | I32: =SUM(I25:I31) -> 3396.5 | J32: =SUM(J25:J31) -> 7000 | ... Z32: =SUM(Z25:Z31) -> 292645.16 | AA32: Ø Temp | AB32: =SUM(AB25:AB31)/7 -> 21.428571 | AC32: °C
A33: =SUM(A31+1) -> 25 | B33: Mo | C33: 291.8 | D33: 4193.5484 | E33: 11558.2 | F33: 13967.742 | G33: 700.6 | H33: 870.96774 | I33: 0 | K33: 11249.7 | M33: =K33+L33 -> 11249.7 | N33: 5829.0323 | O33: 1865 | P33: 4513 | Q33: =O33+P33 -> 6378 | R33: 3225.8065 | S33: 14118.1 | T33: 9493.5484 | U33: =SUM(C33+E33+G33+I33+M33+Q33+S33) -> 44296.4 | V33: =SUM(D33+F33+H33+J33+N33+R33+T33) -> 37580.645 | W33: 1317.6 | X33: 3225.8065 | Y33: =SUM(U33+W33) -> 45614 | Z33: =SUM(V33+X33) -> 40806.452 | AA33: sonnig | AB33: 24 | AC33: °C | AF33: =C33+E33+G33+I33+K33+O33+W33 -> 26982.9
A34: =SUM(A33+1) -> 26 | B34: Di | C34: 283.9 | D34: 4193.5484 | E34: 17377.5 | F34: 13967.742 | G34: 910.8 | H34: 870.96774 | I34: 0 | K34: 865.2 | M34: =K34+L34 -> 865.2 | N34: 5829.0323 | O34: 1336 | P34: 9981 | Q34: =O34+P34 -> 11317 | R34: 3225.8065 | S34: 10249.1 | T34: 9493.5484 | U34: =SUM(C34+E34+G34+I34+M34+Q34+S34) -> 41003.5 | V34: =SUM(D34+F34+H34+J34+N34+R34+T34) -> 37580.645 | W34: 3644.5 | X34: 3225.8065 | Y34: =SUM(U34+W34) -> 44648 | Z34: =SUM(V34+X34) -> 40806.452 | AA34: sonnig | AB34: 24 | AC34: °C | AF34: =C34+E34+G34+I34+K34+O34+W34 -> 24417.9
A35: =SUM(A34+1) -> 27 | B35: Mi | C35: 5007.9 | D35: 4193.5484 | E35: 10369.9 | F35: 13967.742 | G35: 374.5 | H35: 870.96774 | I35: 0 | K35: 2997.1 | M35: =K35+L35 -> 2997.1 | N35: 5829.0323 | O35: 1425.6 | P35: 7311 | Q35: =O35+P35 -> 8736.6 | R35: 3225.8065 | S35: 7599 | T35: 9493.5484 | U35: =SUM(C35+E35+G35+I35+M35+Q35+S35) -> 35085 | V35: =SUM(D35+F35+H35+J35+N35+R35+T35) -> 37580.645 | W35: 329.5 | X35: 3225.8065 | Y35: =SUM(U35+W35) -> 35414.5 | Z35: =SUM(V35+X35) -> 40806.452 | AA35: wechselhaft | AB35: 22 | AC35: °C | AF35: =C35+E35+G35+I35+K35+O35+W35 -> 20504.5
A36: =SUM(A35+1) -> 28 | B36: Do. | C36: 8245.4 | D36: 4193.5484 | E36: 49.5 | F36: 13967.742 | G36: -10.4 | H36: 870.96774 | I36: 0 | K36: 10960.5 | M36: =K36+L36 -> 10960.5 | N36: 5829.0323 | O36: 1381.2 | P36: 7663 | Q36: =O36+P36 -> 9044.2 | R36: 3225.8065 | S36: 7702.77 | T36: 9493.5484 | U36: =SUM(C36+E36+G36+I36+M36+Q36+S36) -> 35991.97 | V36: =SUM(D36+F36+H36+J36+N36+R36+T36) -> 37580.645 | W36: 0 | X36: 3225.8065 | Y36: =SUM(U36+W36) -> 35991.97 | Z36: =SUM(V36+X36) -> 40806.452 | AA36: regen | AB36: 18 | AC36: °C | AF36: =C36+E36+G36+I36+K36+O36+W36 -> 20626.2
A37: =SUM(A36+1) -> 29 | B37: Fr. | C37: 12453.6 | D37: 4193.5484 | E37: 3855.4 | F37: 13967.742 | G37: 713.5 | H37: 870.96774 | I37: 0 | J37: 3500 | K37: 15564.8 | M37: =K37+L37 -> 15564.8 | N37: 5829.0323 | O37: 50 | P37: 2645.7 | Q37: =O37+P37 -> 2695.7 | R37: 3225.8065 | S37: 7985.7 | T37: 9493.5484 | U37: =SUM(C37+E37+G37+I37+M37+Q37+S37) -> 43268.7 | V37: =SUM(D37+F37+H37+J37+N37+R37+T37) -> 41080.645 | W37: 244 | X37: 3225.8065 | Y37: =SUM(U37+W37) -> 43512.7 | Z37: =SUM(V37+X37) -> 44306.452 | AA37: ziemlich sonnig | AB37: 20 | AC37: °C | AF37: =C37+E37+G37+I37+K37+O37+W37 -> 32881.3
A38: =SUM(A37+1) -> 30 | B38: Sa. | C38: 13372.6 | D38: 4193.5484 | E38: 1870.2 | F38: 13967.742 | G38: 801.9 | H38: 870.96774 | I38: 6388 | J38: 3500 | K38: 24177 | M38: =K38+L38 -> 24177 | N38: 5829.0323 | O38: 0 | P38: 0 | Q38: =O38+P38 -> 0 | R38: 3225.8065 | S38: 13018.61 | T38: 9493.5484 | U38: =SUM(C38+E38+G38+I38+M38+Q38+S38) -> 59628.31 | V38: =SUM(D38+F38+H38+J38+N38+R38+T38) -> 41080.645 | W38: 0 | X38: 3225.8065 | Y38: =SUM(U38+W38) -> 59628.31 | Z38: =SUM(V38+X38) -> 44306.452 | AA38: ziemlich sonnig | AB38: 20 | AF38: =C38+E38+G38+I38+K38+O38+W38 -> 46609.7
A39: =SUM(A38+1) -> 31 | B39: So. | C39: 2717.6 | D39: 4193.5484 | E39: 20925.1 | F39: 13967.742 | G39: 1769.7 | H39: 870.96774 | I39: 0 | K39: 3798.5 | M39: =K39+L39 -> 3798.5 | N39: 5829.0323 | O39: 0 | P39: 0 | Q39: =O39+P39 -> 0 | R39: 3225.8065 | S39: 5571.16 | T39: 9493.5484 | U39: =SUM(C39+E39+G39+I39+M39+Q39+S39) -> 34782.06 | V39: =SUM(D39+F39+H39+J39+N39+R39+T39) -> 37580.645 | W39: 2129.9 | X39: 3225.8065 | Y39: =SUM(U39+W39) -> 36911.96 | Z39: =SUM(V39+X39) -> 40806.452 | AC39: °C | AF39: =C39+E39+G39+I39+K39+O39+W39 -> 31340.8
A40: KW | B40: =SUM(B32+1) -> 35 | C40: =SUM(C33:C39) -> 42372.8 | D40: =SUM(D33:D39) -> 29354.839 | E40: =SUM(E33:E39) -> 66005.8 | F40: =SUM(F33:F39) -> 97774.194 | G40: =SUM(G33:G39) -> 5260.6 | H40: =SUM(H33:H39) -> 6096.7742 | I40: =SUM(I33:I39) -> 6388 | J40: =SUM(J33:J39) -> 7000 | ... Z40: =SUM(Z33:Z39) -> 292645.16 | AA40: Ø Temp | AB40: =SUM(AB33:AB39)/4 -> 32 | AC40: °C | AF40: =SUM(AF5:AF39) -> 984642.2
A41: Umsatz kumuliert | C41: =SUM(C8+C16+C24+C32+C40) -> 167284.8 | D41: =SUM(D8+D16+D24+D32+D40) -> 130000 | E41: =SUM(E8+E16+E24+E32+E40) -> 383414 | F41: =SUM(F8+F16+F24+F32+F40) -> 433000 | G41: =SUM(G8+G16+G24+G32+G40) -> 27841.5 | H41: =SUM(H8+H16+H24+H32+H40) -> 27000 | I41: =SUM(I8+I16+I24+I32+I40) -> 40545.5 | J41: =SUM(J8+J16+J24+J32+J40) -> 35000 | ... P41: =SUM(P8+P16+P24+P32+P40) -> 71680.7 | Q41: =O41+P41 -> 87614.9 | R41: =R8+R16+R24+R32+R40 -> 100000 | S41: =SUM(S8+S16+S24+S32+S40) -> 318113.61 | T41: =SUM(T8+T16+T24+T32+T40) -> 294300 | U41: =SUM(U8+U16+U24+U32+U40) -> 1271424.4 | V41: =SUM(V8+V16+V24+V32+V40) -> 1200000 | W41: =SUM(W8+W16+W24+W32+W40) -> 103012.1 | X41: =SUM(X8+X16+X24+X32+X40) -> 100000 | Y41: =SUM(Y8+Y16+Y24+Y32+Y40) -> 1374436.5 | Z41: =SUM(Z8+Z16+Z24+Z32+Z40) -> 1300000 | AA41: Umsatz kumuliert
A42: Umsatz pro Tag | C42: =C41/31 -> 5396.2839 | D42: =D41/31 -> 4193.5484 | E42: =E41/31 -> 12368.194 | F42: =F41/31 -> 13967.742 | G42: =G41/31 -> 898.1129 | H42: =H41/31 -> 870.96774 | I42: =I41/31 -> 1307.9194 | J42: =J41/31 -> 1129.0323 | K42: =K41/31 -> 7955.1645 | N42: =N41/31 -> 5829.0323 | O42: =O41/31 -> 514.00645 | P42: =P41/31 -> 2312.2806 | Q42: =Q41/31 -> 2826.2871 | R42: =R41/31 -> 3225.8065 | S42: =S41/31 -> 10261.729 | T42: =T41/31 -> 9493.5484 | U42: =U41/31 -> 41013.691 | ... Z42: =Z41/31 -> 41935.484 | AA42: Budget pro Tag
A43: Diff. zu Budget | C43: =SUM(C41-D41) -> 37284.8 | E43: =SUM(E41-F41) -> -49586 | G43: =SUM(G41-H41) -> 841.5 | I43: =SUM(I41-J41) -> 5545.5 | M43: =SUM(M41-N41) -> 65910.1 | R43: =SUM(Q41-R41) -> -12385.1 | S43: =SUM(S41-T41) -> 23813.61 | U43: =SUM(U41-V41) -> 71424.41 | W43: =SUM(W41-X41) -> 3012.1 | Y43: =SUM(Y41-Z41) -> 74436.51
A44: Index | C44: =SUM(100/D41*C41) -> 128.68062 | E44: =SUM(100/F41*E41) -> 88.548268 | G44: =SUM(100/H41*G41) -> 103.11667 | I44: =SUM(100/J41*I41) -> 115.84429 | M44: =SUM(100/N41*M41) -> 136.47488 | Q44: =SUM(100/R41*Q41) -> 87.6149 | S44: =SUM(100/T41*S41) -> 108.09161 | U44: =SUM(100/V41*U41) -> 105.95203 | W44: =SUM(100/X41*W41) -> 103.0121 | Y44: =SUM(100/Z41*Y41) -> 105.72589

Sheet 09_25
A1: Tagesumsätze | H1: 45901
C3: Restaurant | E3: Terrasse | G3: Lounge | I3: Pavillon | K3: Bankett | O3: Seminar | S3: Hotel | U3: TOTAL Gesamtbetrieb ohne Seebad | W3: Seebad | Y3: TOTAL Gesamtbetrieb mit Seebad | AA3: Info's | AF3: Gegenkontrolle Gastronovi
C4: IST | D4: Budget | E4: IST | F4: Budget | G4: IST | H4: Budget | I4: IST | J4: Budget | K4: IST/GN | L4: IST/ET | M4: TOTAL IST | N4: Budget | O4: IST/GN | P4: IST/ET | Q4: TOTAL IST | R4: Budget | S4: IST | T4: Budget | U4: IST | V4: Budget | W4: IST | X4: Budget | Y4: IST | Z4: Budget | AA4: Wetter | AB4: Temp. | AD4: Bemerkung
A5: 1 | B5: Mo | C5: 8458.2 | D5: 8000 | E5: 151.9 | F5: 5000 | G5: 146.1 | H5: 333.33333 | I5: 0 | K5: 0 | M5: =K5+L5 -> 0 | N5: 6766.6667 | O5: 564 | P5: 4666 | Q5: =O5+P5 -> 5230 | R5: 4000 | S5: 5085.75 | T5: 8033.3333 | U5: =SUM(C5+E5+G5+I5+M5+Q5+S5) -> 19071.95 | V5: =SUM(D5+F5+H5+J5+N5+R5+T5) -> 32133.333 | W5: 0 | X5: 833.33333 | Y5: =SUM(U5+W5) -> 19071.95 | Z5: =SUM(V5+X5) -> 32966.667 | AA5: regen | AB5: 17 | AC5: °C | AF5: =C5+E5+G5+I5+K5+O5+W5 -> 9320.2
A6: =SUM(A5+1) -> 2 | B6: Di | C6: 9633.2 | D6: 8000 | E6: 1145.1 | F6: 5000 | G6: 339.8 | H6: 333.33333 | I6: 0 | K6: 765 | M6: =K6+L6 -> 765 | N6: 6766.6667 | O6: 897.7 | P6: 7684 | Q6: =O6+P6 -> 8581.7 | R6: 4000 | S6: 6009.12 | T6: 8033.3333 | U6: =SUM(C6+E6+G6+I6+M6+Q6+S6) -> 26473.92 | V6: =SUM(D6+F6+H6+J6+N6+R6+T6) -> 32133.333 | W6: 0 | X6: 833.33333 | Y6: =SUM(U6+W6) -> 26473.92 | Z6: =SUM(V6+X6) -> 32966.667 | AA6: bewölkt | AB6: 18 | AC6: °C | AF6: =C6+E6+G6+I6+K6+O6+W6 -> 12780.8
A7: =SUM(A6+1) -> 3 | B7: Mi | C7: 2756 | D7: 8000 | E7: 8815.8 | F7: 5000 | G7: 615 | H7: 333.33333 | I7: -90 | K7: 957.8 | M7: =K7+L7 -> 957.8 | N7: 6766.6667 | O7: 732.4 | P7: 9168 | Q7: =O7+P7 -> 9900.4 | R7: 4000 | S7: 8387.1 | T7: 8033.3333 | U7: =SUM(C7+E7+G7+I7+M7+Q7+S7) -> 31342.1 | V7: =SUM(D7+F7+H7+J7+N7+R7+T7) -> 32133.333 | W7: 694.4 | X7: 833.33333 | Y7: =SUM(U7+W7) -> 32036.5 | Z7: =SUM(V7+X7) -> 32966.667 | AA7: sonnig | AB7: 23 | AC7: °C | AF7: =C7+E7+G7+I7+K7+O7+W7 -> 14481.4
A8: =SUM(A7+1) -> 4 | B8: Do | C8: 6228 | D8: 8000 | E8: 1284.7 | F8: 5000 | G8: 247.1 | H8: 333.33333 | I8: 0 | K8: 1318.4 | M8: =K8+L8 -> 1318.4 | N8: 6766.6667 | O8: 3681.7 | P8: 6518 | Q8: =O8+P8 -> 10199.7 | R8: 4000 | S8: 10414.54 | T8: 8033.3333 | U8: =SUM(C8+E8+G8+I8+M8+Q8+S8) -> 29692.44 | V8: =SUM(D8+F8+H8+J8+N8+R8+T8) -> 32133.333 | W8: 0 | X8: 833.33333 | Y8: =SUM(U8+W8) -> 29692.44 | Z8: =SUM(V8+X8) -> 32966.667 | AA8: regen | AB8: 18 | AC8: °C | AF8: =C8+E8+G8+I8+K8+O8+W8 -> 12759.9
A9: =SUM(A8+1) -> 5 | B9: Fr | C9: 14377.4 | D9: 8000 | E9: 1171.7 | F9: 5000 | G9: 433.4 | H9: 333.33333 | I9: 0 | J9: 3750 | K9: 13779.5 | M9: =K9+L9 -> 13779.5 | N9: 6766.6667 | O9: 45.9 | P9: 3835 | Q9: =O9+P9 -> 3880.9 | R9: 4000 | S9: 10272.81 | T9: 8033.3333 | U9: =SUM(C9+E9+G9+I9+M9+Q9+S9) -> 43915.71 | V9: =SUM(D9+F9+H9+J9+N9+R9+T9) -> 35883.333 | W9: 0 | X9: 833.33333 | Y9: =SUM(U9+W9) -> 43915.71 | Z9: =SUM(V9+X9) -> 36716.667 | AA9: wechselhaft | AB9: 19 | AC9: °C | AF9: =C9+E9+G9+I9+K9+O9+W9 -> 29807.9
A10: =SUM(A9+1) -> 6 | B10: Sa | C10: 8039.6 | D10: 8000 | E10: 15203.6 | F10: 5000 | G10: 1759.7 | H10: 333.33333 | I10: 0 | J10: 3750 | K10: 13810 | M10: =K10+L10 -> 13810 | N10: 6766.6667 | O10: 0 | P10: 0 | Q10: =O10+P10 -> 0 | R10: 4000 | S10: 14922.2 | T10: 8033.3333 | U10: =SUM(C10+E10+G10+I10+M10+Q10+S10) -> 53735.1 | V10: =SUM(D10+F10+H10+J10+N10+R10+T10) -> 35883.333 | W10: 327.3 | X10: 833.33333 | Y10: =SUM(U10+W10) -> 54062.4 | Z10: =SUM(V10+X10) -> 36716.667 | AA10: am NA sonnig | AB10: 23 | AC10: °C | AF10: =C10+E10+G10+I10+K10+O10+W10 -> 39140.2
A11: =SUM(A10+1) -> 7 | B11: So | C11: -281.5 | D11: 8000 | E11: 21954.7 | F11: 5000 | G11: 2076.4 | H11: 333.33333 | I11: 0 | K11: 12384.4 | M11: =K11+L11 -> 12384.4 | N11: 6766.6667 | O11: 0 | P11: 0 | Q11: =O11+P11 -> 0 | R11: 4000 | S11: 6762.45 | T11: 8033.3333 | U11: =SUM(C11+E11+G11+I11+M11+Q11+S11) -> 42896.45 | V11: =SUM(D11+F11+H11+J11+N11+R11+T11) -> 32133.333 | W11: 2517.7 | X11: 833.33333 | Y11: =SUM(U11+W11) -> 45414.15 | Z11: =SUM(V11+X11) -> 32966.667 | AA11: sonnig | AB11: 25 | AC11: °C | AF11: =C11+E11+G11+I11+K11+O11+W11 -> 38651.7
A12: KW | B12: =SUM('08_25'!B40+1) -> 36 | C12: =SUM(C5:C11) -> 49210.9 | D12: =SUM(D5:D11) -> 56000 | E12: =SUM(E5:E11) -> 49727.5 | F12: =SUM(F5:F11) -> 35000 | G12: =SUM(G5:G11) -> 5617.5 | H12: =SUM(H5:H11) -> 2333.3333 | I12: =SUM(I5:I11) -> -90 | J12: =SUM(J5:J11) -> 7500 | ... Z12: =SUM(Z5:Z11) -> 238266.67 | AB12: =SUM(AB5:AB11)/7 -> 20.428571 | AC12: °C
A13: =SUM(A11+1) -> 8 | B13: Mo | C13: 7398.1 | D13: 8000 | E13: 573.3 | F13: 5000 | G13: 98 | H13: 333.33333 | I13: 0 | K13: 0 | M13: =K13+L13 -> 0 | N13: 6766.6667 | O13: 1517.8 | P13: 4480 | Q13: =O13+P13 -> 5997.8 | R13: 4000 | S13: 9391.45 | T13: 8033.3333 | U13: =SUM(C13+E13+G13+I13+M13+Q13+S13) -> 23458.65 | V13: =SUM(D13+F13+H13+J13+N13+R13+T13) -> 32133.333 | W13: 8 | X13: 833.33333 | Y13: =SUM(U13+W13) -> 23466.65 | Z13: =SUM(V13+X13) -> 32966.667 | AA13: bewölkt | AB13: 21 | AC13: °C | AF13: =C13+E13+G13+I13+K13+O13+W13 -> 9595.2
A14: =SUM(A13+1) -> 9 | B14: Di | C14: 9616.1 | D14: 8000 | E14: 837.4 | F14: 5000 | G14: 426.1 | H14: 333.33333 | I14: 0 | K14: 1834.1 | M14: =K14+L14 -> 1834.1 | N14: 6766.6667 | O14: 103.8 | P14: 7871.5 | Q14: =O14+P14 -> 7975.3 | R14: 4000 | S14: 8472.67 | T14: 8033.3333 | U14: =SUM(C14+E14+G14+I14+M14+Q14+S14) -> 29161.67 | V14: =SUM(D14+F14+H14+J14+N14+R14+T14) -> 32133.333 | W14: 0 | X14: 833.33333 | Y14: =SUM(U14+W14) -> 29161.67 | Z14: =SUM(V14+X14) -> 32966.667 | AA14: regen | AB14: 17 | AC14: °C | AF14: =C14+E14+G14+I14+K14+O14+W14 -> 12817.5
A15: =SUM(A14+1) -> 10 | B15: Mi | C15: 8406.1 | D15: 8000 | E15: 570 | F15: 5000 | G15: 471 | H15: 333.33333 | I15: 0 | K15: 2169.7 | M15: =K15+L15 -> 2169.7 | N15: 6766.6667 | O15: 1246.9 | P15: 9124 | Q15: =O15+P15 -> 10370.9 | R15: 4000 | S15: 8368.71 | T15: 8033.3333 | U15: =SUM(C15+E15+G15+I15+M15+Q15+S15) -> 30356.41 | V15: =SUM(D15+F15+H15+J15+N15+R15+T15) -> 32133.333 | W15: 0 | X15: 833.33333 | Y15: =SUM(U15+W15) -> 30356.41 | Z15: =SUM(V15+X15) -> 32966.667 | AA15: regen | AB15: 17 | AC15: °C | AF15: =C15+E15+G15+I15+K15+O15+W15 -> 12863.7
A16: =SUM(A15+1) -> 11 | B16: Do | C16: 10213.2 | D16: 8000 | E16: 530.2 | F16: 5000 | G16: 432.6 | H16: 333.33333 | I16: 0 | K16: 4728.5 | M16: =K16+L16 -> 4728.5 | N16: 6766.6667 | O16: 921.8 | P16: 5780 | Q16: =O16+P16 -> 6701.8 | R16: 4000 | S16: 11349.38 | T16: 8033.3333 | U16: =SUM(C16+E16+G16+I16+M16+Q16+S16) -> 33955.68 | V16: =SUM(D16+F16+H16+J16+N16+R16+T16) -> 32133.333 | W16: 0 | X16: 833.33333 | Y16: =SUM(U16+W16) -> 33955.68 | Z16: =SUM(V16+X16) -> 32966.667 | AA16: bewölkt | AB16: 18 | AC16: °C | AF16: =C16+E16+G16+I16+K16+O16+W16 -> 16826.3
A17: =SUM(A16+1) -> 12 | B17: Fr | C17: 13351.1 | D17: 8000 | E17: 258.6 | F17: 5000 | G17: 225.2 | H17: 333.33333 | I17: 3300 | J17: 3750 | K17: 14686.2 | M17: =K17+L17 -> 14686.2 | N17: 6766.6667 | O17: 46.3 | P17: 1870 | Q17: =O17+P17 -> 1916.3 | R17: 4000 | S17: 10423.94 | T17: 8033.3333 | U17: =SUM(C17+E17+G17+I17+M17+Q17+S17) -> 44161.34 | V17: =SUM(D17+F17+H17+J17+N17+R17+T17) -> 35883.333 | W17: 0 | X17: 833.33333 | Y17: =SUM(U17+W17) -> 44161.34 | Z17: =SUM(V17+X17) -> 36716.667 | AA17: bewölkt | AB17: 18 | AC17: °C | AF17: =C17+E17+G17+I17+K17+O17+W17 -> 31867.4
A18: =SUM(A17+1) -> 13 | B18: Sa | C18: 14199.4 | D18: 8000 | E18: 1365 | F18: 5000 | G18: 750.1 | H18: 333.33333 | I18: 3320 | J18: 3750 | K18: 21106.7 | M18: =K18+L18 -> 21106.7 | N18: 6766.6667 | O18: 71.6 | P18: 0 | Q18: =O18+P18 -> 71.6 | R18: 4000 | S18: 10442.79 | T18: 8033.3333 | U18: =SUM(C18+E18+G18+I18+M18+Q18+S18) -> 51255.59 | V18: =SUM(D18+F18+H18+J18+N18+R18+T18) -> 35883.333 | W18: 0 | X18: 833.33333 | Y18: =SUM(U18+W18) -> 51255.59 | Z18: =SUM(V18+X18) -> 36716.667 | AA18: bewölkt | AB18: 19 | AC18: °C | AF18: =C18+E18+G18+I18+K18+O18+W18 -> 40812.8
A19: =SUM(A18+1) -> 14 | B19: So | C19: 13279.1 | D19: 8000 | E19: 3005.7 | F19: 5000 | G19: 862.5 | H19: 333.33333 | I19: 0 | K19: 11185 | M19: =K19+L19 -> 11185 | N19: 6766.6667 | O19: 0 | P19: 0 | Q19: =O19+P19 -> 0 | R19: 4000 | S19: 10926.73 | T19: 8033.3333 | U19: =SUM(C19+E19+G19+I19+M19+Q19+S19) -> 39259.03 | V19: =SUM(D19+F19+H19+J19+N19+R19+T19) -> 32133.333 | W19: 0 | X19: 833.33333 | Y19: =SUM(U19+W19) -> 39259.03 | Z19: =SUM(V19+X19) -> 32966.667 | AA19: wechselhaft | AB19: 20 | AC19: °C | AF19: =C19+E19+G19+I19+K19+O19+W19 -> 28332.3
A20: KW | B20: =SUM(B12+1) -> 37 | C20: =SUM(C13:C19) -> 76463.1 | D20: =SUM(D13:D19) -> 56000 | E20: =SUM(E13:E19) -> 7140.2 | F20: =SUM(F13:F19) -> 35000 | G20: =SUM(G13:G19) -> 3265.5 | H20: =SUM(H13:H19) -> 2333.3333 | I20: =SUM(I13:I19) -> 6620 | J20: =SUM(J13:J19) -> 7500 | ... Z20: =SUM(Z13:Z19) -> 238266.67 | AA20: Ø Temp | AB20: =SUM(AB13:AB19)/7 -> 18.571429 | AC20: °C
A21: =SUM(A19+1) -> 15 | B21: Mo | C21: 5301.5 | D21: 8000 | E21: 4150.1 | F21: 5000 | G21: 545.9 | H21: 333.33333 | I21: 0 | K21: 0 | M21: =K21+L21 -> 0 | N21: 6766.6667 | O21: 577.6 | P21: 4015 | Q21: =O21+P21 -> 4592.6 | R21: 4000 | S21: 11088.16 | T21: 8033.3333 | U21: =SUM(C21+E21+G21+I21+M21+Q21+S21) -> 25678.26 | V21: =SUM(D21+F21+H21+J21+N21+R21+T21) -> 32133.333 | W21: 464.9 | X21: 833.33333 | Y21: =SUM(U21+W21) -> 26143.16 | Z21: =SUM(V21+X21) -> 32966.667 | AA21: sonnig | AB21: 24 | AC21: °C | AF21: =C21+E21+G21+I21+K21+O21+W21 -> 11040
A22: =SUM(A21+1) -> 16 | B22: Di | C22: 5808.1 | D22: 8000 | E22: 396.1 | F22: 5000 | G22: 238.8 | H22: 333.33333 | I22: 0 | K22: 1816.1 | M22: =K22+L22 -> 1816.1 | N22: 6766.6667 | O22: 1849 | P22: 6714 | Q22: =O22+P22 -> 8563 | R22: 4000 | S22: 11547.19 | T22: 8033.3333 | U22: =SUM(C22+E22+G22+I22+M22+Q22+S22) -> 28369.29 | V22: =SUM(D22+F22+H22+J22+N22+R22+T22) -> 32133.333 | W22: 0 | X22: 833.33333 | Y22: =SUM(U22+W22) -> 28369.29 | Z22: =SUM(V22+X22) -> 32966.667 | AA22: bewölkt | AB22: 18 | AC22: °C | AF22: =C22+E22+G22+I22+K22+O22+W22 -> 10108.1
A23: =SUM(A22+1) -> 17 | B23: Mi | C23: 5276.1 | D23: 8000 | E23: 2335.9 | F23: 5000 | G23: 422.5 | H23: 333.33333 | I23: 0 | K23: 304 | M23: =K23+L23 -> 304 | N23: 6766.6667 | O23: 939.9 | P23: 4047 | Q23: =O23+P23 -> 4986.9 | R23: 4000 | S23: 9841.13 | T23: 8033.3333 | U23: =SUM(C23+E23+G23+I23+M23+Q23+S23) -> 23166.53 | V23: =SUM(D23+F23+H23+J23+N23+R23+T23) -> 32133.333 | W23: 0 | X23: 833.33333 | Y23: =SUM(U23+W23) -> 23166.53 | Z23: =SUM(V23+X23) -> 32966.667 | AA23: sonnig | AB23: 20 | AC23: °C | AF23: =C23+E23+G23+I23+K23+O23+W23 -> 9278.4
A24: =SUM(A23+1) -> 18 | B24: Do | C24: 4022.2 | D24: 8000 | E24: 11648.8 | F24: 5000 | G24: 859.5 | H24: 333.33333 | I24: 0 | K24: 1841.5 | M24: =K24+L24 -> 1841.5 | N24: 6766.6667 | O24: 9 | P24: 3648 | Q24: =O24+P24 -> 3657 | R24: 4000 | S24: 7937.95 | T24: 8033.3333 | U24: =SUM(C24+E24+G24+I24+M24+Q24+S24) -> 29966.95 | V24: =SUM(D24+F24+H24+J24+N24+R24+T24) -> 32133.333 | W24: 1215 | X24: 833.33333 | Y24: =SUM(U24+W24) -> 31181.95 | Z24: =SUM(V24+X24) -> 32966.667 | AA24: sonnig | AB24: 22 | AC24: °C | AF24: =C24+E24+G24+I24+K24+O24+W24 -> 19596
A25: =SUM(A24+1) -> 19 | B25: Fr | C25: 4524.4 | D25: 8000 | E25: 16995.3 | F25: 5000 | G25: 1460.7 | H25: 333.33333 | I25: 3030 | J25: 3750 | K25: 6705.4 | M25: =K25+L25 -> 6705.4 | N25: 6766.6667 | O25: 0 | P25: 0 | Q25: =O25+P25 -> 0 | R25: 4000 | S25: 8283.01 | T25: 8033.3333 | U25: =SUM(C25+E25+G25+I25+M25+Q25+S25) -> 40998.81 | V25: =SUM(D25+F25+H25+J25+N25+R25+T25) -> 35883.333 | W25: 1401 | X25: 833.33333 | Y25: =SUM(U25+W25) -> 42399.81 | Z25: =SUM(V25+X25) -> 36716.667 | AA25: sonnig | AB25: 24 | AC25: °C | AF25: =C25+E25+G25+I25+K25+O25+W25 -> 34116.8
A26: =SUM(A25+1) -> 20 | B26: Sa | C26: 4534.2 | D26: 8000 | E26: 20059.3 | F26: 5000 | G26: 1496.9 | H26: 333.33333 | I26: 3825 | J26: 3750 | K26: 14751.7 | M26: =K26+L26 -> 14751.7 | N26: 6766.6667 | O26: 0 | P26: 0 | Q26: =O26+P26 -> 0 | R26: 4000 | S26: 12617.14 | T26: 8033.3333 | U26: =SUM(C26+E26+G26+I26+M26+Q26+S26) -> 57284.24 | V26: =SUM(D26+F26+H26+J26+N26+R26+T26) -> 35883.333 | W26: 3244.3 | X26: 833.33333 | Y26: =SUM(U26+W26) -> 60528.54 | Z26: =SUM(V26+X26) -> 36716.667 | AA26: sonnig | AB26: 29 | AC26: °C | AF26: =C26+E26+G26+I26+K26+O26+W26 -> 47911.4
A27: =SUM(A26+1) -> 21 | B27: So | C27: 9279.3 | D27: 8000 | E27: 10339.2 | F27: 5000 | G27: 714 | H27: 333.33333 | K27: 1797 | M27: =K27+L27 -> 1797 | N27: 6766.6667 | O27: 1047.6 | P27: 0 | Q27: =O27+P27 -> 1047.6 | R27: 4000 | S27: 9691.03 | T27: 8033.3333 | U27: =SUM(C27+E27+G27+I27+M27+Q27+S27) -> 32868.13 | V27: =SUM(D27+F27+H27+J27+N27+R27+T27) -> 32133.333 | W27: 2150.5 | X27: 833.33333 | Y27: =SUM(U27+W27) -> 35018.63 | Z27: =SUM(V27+X27) -> 32966.667 | AA27: VM Sonne/ NM Regen | AB27: 24 | AC27: °C | AF27: =C27+E27+G27+I27+K27+O27+W27 -> 25327.6
A28: KW | B28: =SUM(B20+1) -> 38 | C28: =SUM(C21:C27) -> 38745.8 | D28: =SUM(D21:D27) -> 56000 | E28: =SUM(E21:E27) -> 65924.7 | F28: =SUM(F21:F27) -> 35000 | G28: =SUM(G21:G27) -> 5738.3 | H28: =SUM(H21:H27) -> 2333.3333 | I28: =SUM(I21:I27) -> 6855 | J28: =SUM(J21:J27) -> 7500 | ... Z28: =SUM(Z21:Z27) -> 238266.67 | AA28: Ø Temp | AB28: =SUM(AB21:AB27)/7 -> 23 | AC28: °C
A29: =SUM(A27+1) -> 22 | B29: Mo | C29: 7481 | D29: 8000 | E29: 10.6 | F29: 5000 | G29: 23.2 | H29: 333.33333 | I29: 0 | K29: 0 | M29: =K29+L29 -> 0 | N29: 6766.6667 | O29: 586.1 | P29: 4535 | Q29: =O29+P29 -> 5121.1 | R29: 4000 | S29: 7275 | T29: 8033.3333 | U29: =SUM(C29+E29+G29+I29+M29+Q29+S29) -> 19910.9 | V29: =SUM(D29+F29+H29+J29+N29+R29+T29) -> 32133.333 | W29: 0 | X29: 833.33333 | Y29: =SUM(U29+W29) -> 19910.9 | Z29: =SUM(V29+X29) -> 32966.667 | AA29: Regen | AB29: 13 | AC29: °C | AF29: =C29+E29+G29+I29+K29+O29+W29 -> 8100.9
A30: =SUM(A29+1) -> 23 | B30: Di | C30: 7277.5 | D30: 8000 | E30: 0 | F30: 5000 | G30: 20.8 | H30: 333.33333 | I30: 0 | K30: 585.3 | M30: =K30+L30 -> 585.3 | N30: 6766.6667 | O30: 455.2 | P30: 7669 | Q30: =O30+P30 -> 8124.2 | R30: 4000 | S30: 8200.91 | T30: 8033.3333 | U30: =SUM(C30+E30+G30+I30+M30+Q30+S30) -> 24208.71 | V30: =SUM(D30+F30+H30+J30+N30+R30+T30) -> 32133.333 | W30: 0 | X30: 833.33333 | Y30: =SUM(U30+W30) -> 24208.71 | Z30: =SUM(V30+X30) -> 32966.667 | AA30: regen | AB30: 14 | AC30: °C | AF30: =C30+E30+G30+I30+K30+O30+W30 -> 8338.8
A31: =SUM(A30+1) -> 24 | B31: Mi | C31: 10004.2 | D31: 8000 | E31: 0 | F31: 5000 | G31: 0 | H31: 333.33333 | I31: 0 | K31: 0 | M31: =K31+L31 -> 0 | N31: 6766.6667 | O31: 1100 | P31: 7895 | Q31: =O31+P31 -> 8995 | R31: 4000 | S31: 8407.88 | T31: 8033.3333 | U31: =SUM(C31+E31+G31+I31+M31+Q31+S31) -> 27407.08 | V31: =SUM(D31+F31+H31+J31+N31+R31+T31) -> 32133.333 | W31: 0 | X31: 833.33333 | Y31: =SUM(U31+W31) -> 27407.08 | Z31: =SUM(V31+X31) -> 32966.667 | AA31: wechselhaft | AB31: 14 | AC31: °C | AF31: =C31+E31+G31+I31+K31+O31+W31 -> 11104.2
A32: =SUM(A31+1) -> 25 | B32: Do | C32: 7014.09 | D32: 8000 | E32: 9.4 | F32: 5000 | G32: 32.5 | H32: 333.33333 | I32: 0 | K32: 1926.6 | M32: =K32+L32 -> 1926.6 | N32: 6766.6667 | O32: 881.2 | P32: 5816 | Q32: =O32+P32 -> 6697.2 | R32: 4000 | S32: 5915.63 | T32: 8033.3333 | U32: =SUM(C32+E32+G32+I32+M32+Q32+S32) -> 21595.42 | V32: =SUM(D32+F32+H32+J32+N32+R32+T32) -> 32133.333 | W32: 0 | X32: 833.33333 | Y32: =SUM(U32+W32) -> 21595.42 | Z32: =SUM(V32+X32) -> 32966.667 | AA32: wechselhaft | AB32: 15 | AC32: °C | AF32: =C32+E32+G32+I32+K32+O32+W32 -> 9863.79
A33: =SUM(A32+1) -> 26 | B33: Fr | C33: 12759.5 | D33: 8000 | E33: 78.9 | F33: 5000 | G33: 0 | H33: 333.33333 | I33: 2585 | J33: 3750 | K33: 10432.9 | M33: =K33+L33 -> 10432.9 | N33: 6766.6667 | O33: 530.1 | P33: 1282 | Q33: =O33+P33 -> 1812.1 | R33: 4000 | S33: 7716.91 | T33: 8033.3333 | U33: =SUM(C33+E33+G33+I33+M33+Q33+S33) -> 35385.31 | V33: =SUM(D33+F33+H33+J33+N33+R33+T33) -> 35883.333 | W33: 0 | X33: 833.33333 | Y33: =SUM(U33+W33) -> 35385.31 | Z33: =SUM(V33+X33) -> 36716.667 | AA33: wechselhaft | AB33: 15 | AC33: °C | AF33: =C33+E33+G33+I33+K33+O33+W33 -> 26386.4
A34: =SUM(A33+1) -> 27 | B34: Sa | C34: 13048.4 | D34: 8000 | E34: 68.3 | F34: 5000 | G34: 57.6 | H34: 333.33333 | I34: 0 | J34: 3750 | K34: 19066.5 | M34: =K34+L34 -> 19066.5 | N34: 6766.6667 | O34: 561.2 | P34: 574 | Q34: =O34+P34 -> 1135.2 | R34: 4000 | S34: 11491 | T34: 8033.3333 | U34: =SUM(C34+E34+G34+I34+M34+Q34+S34) -> 44867 | V34: =SUM(D34+F34+H34+J34+N34+R34+T34) -> 35883.333 | W34: 0 | X34: 833.33333 | Y34: =SUM(U34+W34) -> 44867 | Z34: =SUM(V34+X34) -> 36716.667 | AA34: wechselhaft | AB34: 15 | AC34: °C | AF34: =C34+E34+G34+I34+K34+O34+W34 -> 32802
A35: =SUM(A34+1) -> 28 | B35: So. | C35: 10664 | D35: 8000 | E35: 1015.2 | F35: 5000 | G35: 335.7 | H35: 333.33333 | I35: 0 | K35: 6964 | M35: =K35+L35 -> 6964 | N35: 6766.6667 | O35: 230.2 | P35: 0 | Q35: =O35+P35 -> 230.2 | R35: 4000 | S35: 3863.3 | T35: 8033.3333 | U35: =SUM(C35+E35+G35+I35+M35+Q35+S35) -> 23072.4 | V35: =SUM(D35+F35+H35+J35+N35+R35+T35) -> 32133.333 | W35: 0 | X35: 833.33333 | Y35: =SUM(U35+W35) -> 23072.4 | Z35: =SUM(V35+X35) -> 32966.667 | AA35: wechselhaft | AB35: 15 | AC35: °C | AF35: =C35+E35+G35+I35+K35+O35+W35 -> 19209.1
A36: KW | B36: =SUM(B28+1) -> 39 | C36: =SUM(C29:C35) -> 68248.69 | D36: =SUM(D29:D35) -> 56000 | E36: =SUM(E29:E35) -> 1182.4 | F36: =SUM(F29:F35) -> 35000 | G36: =SUM(G29:G35) -> 469.8 | H36: =SUM(H29:H35) -> 2333.3333 | I36: =SUM(I29:I35) -> 2585 | J36: =SUM(J29:J35) -> 7500 | ... Z36: =SUM(Z29:Z35) -> 238266.67 | AA36: Ø Temp | AB36: =SUM(AB29:AB32)/4 -> 14 | AC36: °C
A37: =SUM(A35+1) -> 29 | B37: Mo | C37: 5992.4 | D37: 8000 | E37: 649.6 | F37: 5000 | G37: 370 | H37: 333.33333 | I37: 0 | J37: 0 | K37: 0 | M37: =K37+L37 -> 0 | N37: 6766.6667 | O37: 352 | P37: 2589 | Q37: =O37+P37 -> 2941 | R37: 4000 | S37: 5311.61 | T37: 8033.3333 | U37: =SUM(C37+E37+G37+I37+M37+Q37+S37) -> 15264.61 | V37: =SUM(D37+F37+H37+J37+N37+R37+T37) -> 32133.333 | W37: 0 | X37: 833.33333 | Y37: =SUM(U37+W37) -> 15264.61 | Z37: =SUM(V37+X37) -> 32966.667 | AA37: stark bewölkt | AB37: 16 | AC37: °C | AF37: =C37+E37+G37+I37+K37+O37+W37 -> 7364
A38: =SUM(A37+1) -> 30 | B38: Di. | C38: 7339.9 | D38: 8000 | E38: 107.3 | F38: 5000 | G38: 168.1 | H38: 333.33333 | I38: 0 | J38: 0 | K38: 2179 | M38: =K38+L38 -> 2179 | N38: 6766.6667 | O38: 246.8 | P38: 2655 | Q38: =O38+P38 -> 2901.8 | R38: 4000 | S38: 5110.22 | T38: 8033.3333 | U38: =SUM(C38+E38+G38+I38+M38+Q38+S38) -> 17806.32 | V38: =SUM(D38+F38+H38+J38+N38+R38+T38) -> 32133.333 | W38: 0 | X38: 833.33333 | Y38: =SUM(U38+W38) -> 17806.32 | Z38: =SUM(V38+X38) -> 32966.667 | AA38: bewölkt | AB38: 17 | AF38: =C38+E38+G38+I38+K38+O38+W38 -> 10041.1
A39: KW | B39: =SUM(39+1) -> 40 | C39: =SUM(C37:C38) -> 13332.3 | D39: =SUM(D37:D38) -> 16000 | E39: =SUM(E37:E38) -> 756.9 | F39: =SUM(F37:F38) -> 10000 | G39: =SUM(G37:G38) -> 538.1 | H39: =SUM(H37:H38) -> 666.66667 | I39: =SUM(I37:I38) -> 0 | J39: =SUM(J37:J38) -> 0 | ... Z39: =SUM(Z37:Z38) -> 65933.333 | AF39: =SUM(AF5:AF38) -> 600645.89
A40: Umsatz kumuliert | C40: =SUM(C12+C20+C28+C36+C39) -> 246000.79 | D40: =SUM(D12+D20+D28+D36+D39) -> 240000 | E40: =SUM(E12+E20+E28+E36+E39) -> 124731.7 | F40: =SUM(F12+F20+F28+F36+F39) -> 150000 | G40: =SUM(G12+G20+G28+G36+G39) -> 15629.2 | H40: =SUM(H12+H20+H28+H36+H39) -> 10000 | I40: =SUM(I12+I20+I28+I36+I39) -> 15970 | J40: =SUM(J12+J20+J28+J36+J39) -> 30000 | ... Z40: =SUM(Z12+Z20+Z28+Z36+Z39) -> 1019000 | AA40: Umsatz kumuliert
A41: Umsatz pro Tag | C41: =C40/30 -> 8200.0263 | D41: =D40/30 -> 8000 | E41: =E40/30 -> 4157.7233 | F41: =F40/30 -> 5000 | G41: =G40/30 -> 520.97333 | H41: =H40/30 -> 333.33333 | I41: =I40/30 -> 532.33333 | J41: =J40/30 -> 1000 | ... N41: =N40/30 -> 6766.6667 | P41: 123 | R41: =SUM(Q40-R40) -> 11631.3 | S41: =S40/30 -> 8850.9237 | T41: =T40/30 -> 8033.3333 | U41: =U40/30 -> 32219.533 | V41: =V40/30 -> 33133.333 | W41: =W40/30 -> 400.77 | X41: =X40/30 -> 833.33333 | Y41: =Y40/30 -> 32620.303 | Z41: =Z40/30 -> 33966.667 | AA41: Budget pro Tag
A42: Diff. zu Budget | C42: =SUM(C40-D40) -> 6000.79 | E42: =SUM(E40-F40) -> -25268.3 | G42: =SUM(G40-H40) -> 5629.2 | I42: =SUM(I40-J40) -> -14030 | M42: =SUM(M40-N40) -> -35904.7 | Q42: =SUM(Q40-R40) -> 11631.3 | S42: =SUM(S40-T40) -> 24527.71 | U42: =SUM(U40-V40) -> -27414 | W42: =SUM(W40-X40) -> -12976.9 | Y42: =SUM(Y40-Z40) -> -40390.9
A43: Index | C43: =SUM(100/D40*C40) -> 102.50033 | E43: =SUM(100/F40*E40) -> 83.154467 | G43: =SUM(100/H40*G40) -> 156.292 | I43: =SUM(100/J40*I40) -> 53.233333 | M43: =SUM(100/N40*M40) -> 82.312956 | Q43: =SUM(100/R40*Q40) -> 109.69275 | S43: =SUM(100/T40*S40) -> 110.17747 | U43: =SUM(100/V40*U40) -> 97.242052 | W43: =SUM(100/X40*W40) -> 48.0924 | Y43: =SUM(100/Z40*Y40) -> 96.036222
S51: 1904.13

Sheet 10_25
A1: Tagesumsätze | H1: 45931
C3: Restaurant | E3: Terrasse | G3: Lounge | I3: Pavillon | K3: Bankett | O3: Seminar | S3: Hotel | U3: TOTAL Gesamtbetrieb ohne Seebad | W3: Seebad | Y3: TOTAL Gesamtbetrieb mit Seebad | AA3: Info's | AF3: Gegenkontrolle Gastronovi
C4: IST | D4: Budget | E4: IST | F4: Budget | G4: IST | H4: Budget | I4: IST | J4: Budget | K4: IST/GN | L4: IST/ET | M4: TOTAL IST | N4: Budget | O4: IST/GN | P4: IST/ET | Q4: TOTAL IST | R4: Budget | S4: IST | T4: Budget | U4: IST | V4: Budget | W4: IST | X4: Budget | Y4: IST | Z4: Budget | AA4: Wetter | AB4: Temp. | AD4: Bemerkung
A5: 1 | B5: Mi | C5: 7068.5 | D5: 9354.8387 | E5: 252.7 | F5: 645.16129 | G5: 109.5 | H5: 322.58065 | I5: 0 | J5: 0 | K5: 0 | M5: =K5+L5 -> 0 | N5: 4516.129 | O5: 6 | P5: 2588.5 | Q5: =SUM(O5:P5) -> 2594.5 | R5: 3548.3871 | S5: 5817.44 | T5: 5896.7742 | U5: =SUM(C5+E5+G5+I5+K5+L5+O5+P5+S5) -> 15842.64 | V5: =SUM(D5+F5+H5+R5+J5+N5+T5) -> 24283.871 | W5: 0 | X5: 0 | Y5: =SUM(U5+W5) -> 15842.64 | Z5: =SUM(V5+X5) -> 24283.871 | AA5: NA Sonnig | AB5: 13 | AC5: °C | AF5: =C5+E5+G5+I5+K5+O5+W5 -> 7436.7
A6: =SUM(A5+1) -> 2 | B6: Do | C6: 8741.6 | D6: 9354.8387 | E6: 371.3 | F6: 645.16129 | G6: 297.6 | H6: 322.58065 | I6: 0 | J6: 0 | K6: 2061 | M6: =K6+L6 -> 2061 | N6: 4516.129 | O6: 1572.5 | P6: 335 | Q6: =SUM(O6:P6) -> 1907.5 | R6: 3548.3871 | S6: 4678.47 | T6: 5896.7742 | U6: =SUM(C6+E6+G6+I6+K6+Q6+S6+L6) -> 18057.47 | V6: =SUM(D6+F6+H6+R6+J6+N6+T6) -> 24283.871 | W6: 0 | X6: 0 | Y6: =SUM(U6+W6) -> 18057.47 | Z6: =SUM(V6+X6) -> 24283.871 | AA6: Bewölkt | AB6: 12 | AC6: °C | AF6: =C6+E6+G6+I6+K6+O6+W6 -> 13044
A7: =SUM(A6+1) -> 3 | B7: Fr | C7: 10687.1 | D7: 9354.8387 | E7: 0 | F7: 645.16129 | G7: 99.2 | H7: 322.58065 | I7: 0 | J7: 0 | K7: 0 | M7: =K7+L7 -> 0 | N7: 4516.129 | O7: 0 | P7: 0 | Q7: =SUM(O7:P7) -> 0 | R7: 3548.3871 | S7: 7041.65 | T7: 5896.7742 | U7: =SUM(C7,E7,G7,I7,K7,S7,Q7) -> 17827.95 | V7: =SUM(D7+F7+H7+R7+J7+N7+T7) -> 24283.871 | W7: 0 | X7: 0 | Y7: =SUM(U7+W7) -> 17827.95 | Z7: =SUM(V7+X7) -> 24283.871 | AA7: bewölkt, regen | AB7: 19 | AC7: °C | AF7: =C7+E7+G7+I7+K7+O7+W7 -> 10786.3
A8: =SUM(A7+1) -> 4 | B8: Sa | C8: 15752.9 | D8: 9354.8387 | E8: 1040.9 | F8: 645.16129 | G8: 526.6 | H8: 322.58065 | I8: 2852 | J8: 0 | K8: 20081.6 | M8: =K8+L8 -> 20081.6 | N8: 4516.129 | O8: 0 | P8: 620 | Q8: =SUM(O8:P8) -> 620 | R8: 3548.3871 | S8: 8934.49 | T8: 5896.7742 | U8: =SUM(C8+E8+G8+I8+K8+Q8+S8) -> 49808.49 | V8: =SUM(D8+F8+H8+R8+J8+N8+T8) -> 24283.871 | W8: 0 | X8: 0 | Y8: =SUM(U8+W8) -> 49808.49 | Z8: =SUM(V8+X8) -> 24283.871 | AA8: sonnig, windig | AB8: 18 | AC8: °C | AF8: =C8+E8+G8+I8+K8+O8+W8 -> 40254
A9: =SUM(A8+1) -> 5 | B9: So | C9: 12585.5 | D9: 9354.8387 | E9: 0 | F9: 645.16129 | G9: 13.3 | H9: 322.58065 | I9: 0 | J9: 0 | K9: 674 | M9: =K9+L9 -> 674 | N9: 4516.129 | O9: 800.8 | P9: 6534 | Q9: =SUM(O9:P9) -> 7334.8 | R9: 3548.3871 | S9: 7489.03 | T9: 5896.7742 | U9: =SUM(C9+E9+G9+I9+K9+Q9+S9) -> 28096.63 | V9: =SUM(D9+F9+H9+R9+J9+N9+T9) -> 24283.871 | W9: 0 | X9: 0 | Y9: =SUM(U9+W9) -> 28096.63 | Z9: =SUM(V9+X9) -> 24283.871 | AA9: bewölkt, windig | AB9: 14 | AC9: °C | AF9: =C9+E9+G9+I9+K9+O9+W9 -> 14073.6
A10: KW | B10: =SUM(39+1) -> 40 | C10: =SUM(C5:C9) -> 54835.6 | D10: =SUM(D5:D9) -> 46774.194 | E10: =SUM(E5:E9) -> 1664.9 | F10: =SUM(F5:F9) -> 3225.8065 | G10: =SUM(G5:G9) -> 1046.2 | H10: =SUM(H5:H9) -> 1612.9032 | I10: =SUM(I5:I9) -> 2852 | J10: =SUM(J5:J9) -> 0 | ... Z10: =SUM(Z5:Z9) -> 121419.35 | AA10: Ø Temp | AB10: =SUM(AB5:AB9)/7 -> 10.857143 | AC10: °C
A11: =SUM(A9+1) -> 6 | B11: Mo | C11: 4742.2 | D11: 9354.8387 | E11: 0 | F11: 645.16129 | G11: 29.4 | H11: 322.58065 | I11: 0 | J11: 0 | K11: 0 | M11: =K11+L11 -> 0 | N11: 4516.129 | O11: 358.3 | P11: 7374 | Q11: =SUM(O11:P11) -> 7732.3 | R11: 3548.3871 | S11: 7575.47 | T11: 5896.7742 | U11: =SUM(C11+E11+G11+I11+M11+Q11+S11) -> 20079.37 | V11: =SUM(D11+F11+H11+R11+J11+N11+T11) -> 24283.871 | W11: 0 | X11: 0 | Y11: =SUM(U11+W11) -> 20079.37 | Z11: =SUM(V11+X11) -> 24283.871 | AA11: bewölkt | AB11: 14 | AC11: °C | AF11: =C11+E11+G11+I11+K11+O11+W11 -> 5129.9
A12: =SUM(A11+1) -> 7 | B12: Di | C12: 6453.3 | D12: 9354.8387 | E12: 2336 | F12: 645.16129 | G12: 754.3 | H12: 322.58065 | I12: 0 | J12: 0 | K12: 0 | M12: =K12+L12 -> 0 | N12: 4516.129 | O12: 927.5 | P12: 3592 | Q12: =SUM(O12:P12) -> 4519.5 | R12: 3548.3871 | S12: 9059.69 | T12: 5896.7742 | U12: =SUM(C12+E12+G12+I12+M12+Q12+S12) -> 23122.79 | V12: =SUM(D12+F12+H12+R12+J12+N12+T12) -> 24283.871 | W12: 0 | X12: 0 | Y12: =SUM(U12+W12) -> 23122.79 | Z12: =SUM(V12+X12) -> 24283.871 | AA12: sonnig | AB12: 16 | AC12: °C | AF12: =C12+E12+G12+I12+K12+O12+W12 -> 10471.1
A13: =SUM(A12+1) -> 8 | B13: Mi | C13: 5794.35 | D13: 9354.8387 | E13: 293.1 | F13: 645.16129 | G13: 264.3 | H13: 322.58065 | I13: 0 | J13: 0 | K13: 0 | M13: =K13+L13 -> 0 | N13: 4516.129 | O13: 342.3 | P13: 7436 | Q13: =SUM(O13:P13) -> 7778.3 | R13: 3548.3871 | S13: 6253.95 | T13: 5896.7742 | U13: =SUM(C13+E13+G13+I13+M13+Q13+S13) -> 20384 | V13: =SUM(D13+F13+H13+R13+J13+N13+T13) -> 24283.871 | W13: 0 | X13: 0 | Y13: =SUM(U13+W13) -> 20384 | Z13: =SUM(V13+X13) -> 24283.871 | AA13: bewölkt | AB13: 16 | AC13: °C | AF13: =C13+E13+G13+I13+K13+O13+W13 -> 6694.05
A14: =SUM(A13+1) -> 9 | B14: Do | C14: 7270.3 | D14: 9354.8387 | E14: 0 | F14: 645.16129 | G14: 75 | H14: 322.58065 | I14: 0 | J14: 0 | K14: 0 | M14: =K14+L14 -> 0 | N14: 4516.129 | O14: 0 | P14: 0 | Q14: =SUM(O14:P14) -> 0 | R14: 3548.3871 | S14: 3828.46 | T14: 5896.7742 | U14: =SUM(C14+E14+G14+I14+M14+Q14+S14) -> 11173.76 | V14: =SUM(D14+F14+H14+R14+J14+N14+T14) -> 24283.871 | W14: 0 | X14: 0 | Y14: =SUM(U14+W14) -> 11173.76 | Z14: =SUM(V14+X14) -> 24283.871 | AA14: bewölkt | AB14: 15 | AC14: °C | AF14: =C14+E14+G14+I14+K14+O14+W14 -> 7345.3
A15: =SUM(A14+1) -> 10 | B15: Fr | C15: 10413.1 | D15: 9354.8387 | E15: 140.4 | F15: 645.16129 | G15: 147.6 | H15: 322.58065 | I15: 0 | J15: 0 | K15: 13780.8 | M15: =K15+L15 -> 13780.8 | N15: 4516.129 | O15: 0 | P15: 0 | Q15: =SUM(O15:P15) -> 0 | R15: 3548.3871 | S15: 8665.46 | T15: 5896.7742 | U15: =SUM(C15+E15+G15+I15+M15+Q15+S15) -> 33147.36 | V15: =SUM(D15+F15+H15+R15+J15+N15+T15) -> 24283.871 | W15: 0 | X15: 0 | Y15: =SUM(U15+W15) -> 33147.36 | Z15: =SUM(V15+X15) -> 24283.871 | AA15: bewölkt | AB15: 16 | AC15: °C | AF15: =C15+E15+G15+I15+K15+O15+W15 -> 24481.9
A16: =SUM(A15+1) -> 11 | B16: Sa | C16: 15014.6 | D16: 9354.8387 | E16: 0 | F16: 645.16129 | G16: 398.3 | H16: 322.58065 | I16: 0 | J16: 0 | K16: 12719.1 | M16: =K16+L16 -> 12719.1 | N16: 4516.129 | O16: 0 | P16: 0 | Q16: =SUM(O16:P16) -> 0 | R16: 3548.3871 | S16: 12441.22 | T16: 5896.7742 | U16: =SUM(C16+E16+G16+I16+M16+Q16+S16) -> 40573.22 | V16: =SUM(D16+F16+H16+R16+J16+N16+T16) -> 24283.871 | W16: 0 | X16: 0 | Y16: =SUM(U16+W16) -> 40573.22 | Z16: =SUM(V16+X16) -> 24283.871 | AA16: bewölkt | AB16: 14 | AC16: °C | AF16: =C16+E16+G16+I16+K16+O16+W16 -> 28132
